ISO-10303-21;
HEADER;
/* Generated by software containing ST-Developer
 * from STEP Tools, Inc. (www.steptools.com) 
 */
/* OPTION: using custom renumber hook */

FILE_DESCRIPTION(
/* description */ ('STEP AP242 Edition 2',
'CAx-IF Rec.Pracs.---Representation and Presentation of Product Manufa
cturing Information (PMI)---4.0---2014-10-13',
'CAx-IF Rec.Pracs.---3D Tessellated Geometry---0.4---2014-09-14','2;1',
'CAx-IF Rec.Pracs.---User Defined Attributes---1.5---2016-08-15'),
/* implementation_level */ '2;1');

FILE_NAME(
/* name */ 'Part Studio 1',
/* time_stamp */ '2026-08-11T00:29:27Z',
/* author */ (''),
/* organization */ (''),
/* preprocessor_version */ 'ST-DEVELOPER v20',
/* originating_system */ 'ONSHAPE BY PTC INC, 1.219',
/* authorisation */ '  ');

FILE_SCHEMA (('AP242_MANAGED_MODEL_BASED_3D_ENGINEERING_MIM_LF { 1 0 10303 442 3 1 4 }'));
ENDSEC;

DATA;
#10=SHAPE_REPRESENTATION_RELATIONSHIP('','',#8089,#13);
#11=SHAPE_REPRESENTATION_RELATIONSHIP('','',#8090,#14);
#12=SHAPE_REPRESENTATION_RELATIONSHIP('','',#8091,#15);
#13=ADVANCED_BREP_SHAPE_REPRESENTATION('',(#8083),#13466);
#14=ADVANCED_BREP_SHAPE_REPRESENTATION('',(#8084),#13467);
#15=ADVANCED_BREP_SHAPE_REPRESENTATION('',(#8085),#13468);
#16=B_SPLINE_SURFACE_WITH_KNOTS('',1,1,((#11911,#11912,#11913),(#11914,
#11915,#11916)),.RULED_SURF.,.F.,.F.,.F.,(2,2),(2,1,2),(0.,1.),(0.,1.,1.241538052237),
 .PIECEWISE_BEZIER_KNOTS.);
#17=B_SPLINE_SURFACE_WITH_KNOTS('',1,1,((#12053,#12054),(#12055,#12056)),
 .RULED_SURF.,.F.,.F.,.F.,(2,2),(2,2),(0.,1.),(0.,1.),
 .PIECEWISE_BEZIER_KNOTS.);
#18=B_SPLINE_SURFACE_WITH_KNOTS('',1,1,((#12086,#12087),(#12088,#12089)),
 .RULED_SURF.,.F.,.F.,.F.,(2,2),(2,2),(0.,1.),(0.,1.),
 .PIECEWISE_BEZIER_KNOTS.);
#19=B_SPLINE_SURFACE_WITH_KNOTS('',1,3,((#12154,#12155,#12156,#12157),(#12158,
#12159,#12160,#12161)),.RULED_SURF.,.F.,.F.,.F.,(2,2),(4,4),(0.,1.),(-0.000310307010691312,
0.914911538029923),.PIECEWISE_BEZIER_KNOTS.);
#20=B_SPLINE_SURFACE_WITH_KNOTS('',1,1,((#12174,#12175),(#12176,#12177)),
 .RULED_SURF.,.F.,.F.,.F.,(2,2),(2,2),(0.,1.),(0.,1.),
 .PIECEWISE_BEZIER_KNOTS.);
#21=B_SPLINE_SURFACE_WITH_KNOTS('',1,1,((#12918,#12919),(#12920,#12921),
(#12922,#12923)),.RULED_SURF.,.F.,.F.,.F.,(2,1,2),(2,2),(0.,1.,1.01982162246596),
(0.,1.),.PIECEWISE_BEZIER_KNOTS.);
#22=B_SPLINE_SURFACE_WITH_KNOTS('',1,1,((#13072,#13073),(#13074,#13075),
(#13076,#13077)),.RULED_SURF.,.F.,.F.,.F.,(2,1,2),(2,2),(0.,1.,1.01296466105821),
(0.,1.),.PIECEWISE_BEZIER_KNOTS.);
#23=B_SPLINE_SURFACE_WITH_KNOTS('',1,1,((#13451,#13452),(#13453,#13454)),
 .RULED_SURF.,.F.,.F.,.F.,(2,2),(2,2),(0.,1.),(0.,1.),
 .PIECEWISE_BEZIER_KNOTS.);
#24=B_SPLINE_SURFACE_WITH_KNOTS('',1,1,((#13456,#13457),(#13458,#13459)),
 .RULED_SURF.,.F.,.F.,.F.,(2,2),(2,2),(0.,1.),(0.,1.),
 .PIECEWISE_BEZIER_KNOTS.);
#25=VERTEX_LOOP('',#3932);
#26=VERTEX_LOOP('',#3934);
#27=VERTEX_LOOP('',#4220);
#28=VERTEX_LOOP('',#4222);
#29=VERTEX_LOOP('',#4300);
#30=CONICAL_SURFACE('',#8183,0.8,1.02974425867666);
#31=CONICAL_SURFACE('',#8186,0.8,1.02974425867666);
#32=CONICAL_SURFACE('',#8196,17.1,0.0823953477523528);
#33=CONICAL_SURFACE('',#8217,17.6,0.785398163397446);
#34=CONICAL_SURFACE('',#8218,17.6,0.785398163397446);
#35=CONICAL_SURFACE('',#8226,17.1,0.785398163397449);
#36=CONICAL_SURFACE('',#8267,18.1,0.785398163397449);
#37=CONICAL_SURFACE('',#8289,18.6,0.785398163397445);
#38=CONICAL_SURFACE('',#8296,18.1,0.785398163397446);
#39=CONICAL_SURFACE('',#8299,18.0999999989927,0.785398164404744);
#40=CONICAL_SURFACE('',#8317,18.6,0.785398163397449);
#41=CONICAL_SURFACE('',#8330,19.1,0.785398163397446);
#42=CONICAL_SURFACE('',#8344,20.2716705034391,0.785398163397448);
#43=CONICAL_SURFACE('',#8348,18.6,0.785398163397445);
#44=CONICAL_SURFACE('',#8356,18.1,0.785398163397446);
#45=CONICAL_SURFACE('',#8368,18.6,0.785398163397449);
#46=CONICAL_SURFACE('',#8373,19.6,0.826595837212022);
#47=CONICAL_SURFACE('',#8484,0.8,1.02974425867665);
#48=CONICAL_SURFACE('',#8487,0.8,1.02974425867665);
#49=CONICAL_SURFACE('',#8503,36.4,0.785398163397448);
#50=CONICAL_SURFACE('',#8508,36.9,0.785398163397448);
#51=CONICAL_SURFACE('',#8536,19.8608282808145,0.785398163397448);
#52=CONICAL_SURFACE('',#8542,36.9,0.785398163397448);
#53=CONICAL_SURFACE('',#8554,20.3608282808145,0.785398163397448);
#54=CONICAL_SURFACE('',#8559,36.4,0.785398163397448);
#55=CONICAL_SURFACE('',#8564,19.8608282808145,0.785398163397448);
#56=CONICAL_SURFACE('',#8569,39.3284675227342,0.785398163397448);
#57=CONICAL_SURFACE('',#8573,20.3608282808145,0.785398163397449);
#58=CONICAL_SURFACE('',#8576,36.9,0.785398163397442);
#59=CONICAL_SURFACE('',#8580,20.3608282808145,0.785398163397448);
#60=CONICAL_SURFACE('',#8583,19.8608282808145,0.785398163397448);
#61=CONICAL_SURFACE('',#8589,39.3284675227342,0.785398163376785);
#62=CONICAL_SURFACE('',#8594,36.9,0.785398163397442);
#63=CONICAL_SURFACE('',#8600,20.3608282808145,0.785398163397445);
#64=CONICAL_SURFACE('',#8611,19.8608282808145,0.785398163397445);
#65=CONICAL_SURFACE('',#8652,1.5,0.785398163397448);
#66=CONICAL_SURFACE('',#8654,16.35,0.785398163397435);
#67=CONICAL_SURFACE('',#8655,16.1,0.785398163397442);
#68=CONICAL_SURFACE('',#8671,1.5,0.785398163397448);
#69=CONICAL_SURFACE('',#8673,16.1,0.785398163397442);
#70=CONICAL_SURFACE('',#8674,16.35,0.785398163397448);
#71=CONICAL_SURFACE('',#8688,0.8,1.02974425867666);
#72=CONICAL_SURFACE('',#8694,16.6,0.785398163397414);
#73=CONICAL_SURFACE('',#8695,16.1,0.785398163397414);
#74=CONICAL_SURFACE('',#8698,15.6,0.785398163397448);
#75=(
BOUNDED_SURFACE()
B_SPLINE_SURFACE(1,3,((#11430,#11431,#11432,#11433),(#11434,#11435,#11436,
#11437)),.SURF_OF_REVOLUTION.,.F.,.F.,.F.)
B_SPLINE_SURFACE_WITH_KNOTS((2,2),(4,4),(0.,1.),(0.,1.),
 .PIECEWISE_BEZIER_KNOTS.)
GEOMETRIC_REPRESENTATION_ITEM()
RATIONAL_B_SPLINE_SURFACE(((1.,0.982051782698354,0.982051782698354,1.),
(1.,0.982051782698354,0.982051782698354,1.)))
REPRESENTATION_ITEM('')
SURFACE()
);
#76=B_SPLINE_CURVE_WITH_KNOTS('',3,(#10996,#10997,#10998,#10999),
 .UNSPECIFIED.,.F.,.F.,(4,4),(0.,0.00135143703308365),.UNSPECIFIED.);
#77=B_SPLINE_CURVE_WITH_KNOTS('',3,(#11014,#11015,#11016,#11017),
 .UNSPECIFIED.,.F.,.F.,(4,4),(0.,0.000733662791271622),.UNSPECIFIED.);
#78=B_SPLINE_CURVE_WITH_KNOTS('',3,(#11068,#11069,#11070,#11071),
 .UNSPECIFIED.,.F.,.F.,(4,4),(-0.000427199667765581,0.000234334258502614),
 .UNSPECIFIED.);
#79=B_SPLINE_CURVE_WITH_KNOTS('',3,(#11079,#11080,#11081,#11082,#11083,
#11084,#11085,#11086,#11087,#11088,#11089),.UNSPECIFIED.,.T.,.F.,(1,1,1,
1,1,1,1,1,1,1,1,1,1,1,1),(-0.0029316918319891,-0.00195446122132606,-0.000977230610663031,
5.30380522982522E-20,0.000977230610663032,0.00195446122132606,0.0029316918319891,
0.00390892244265213,0.00488615305331516,0.00586338366397819,0.00684061427464122,
0.00781784488530425,0.00879507549596729,0.00977230610663032,0.0107495367172934),
 .UNSPECIFIED.);
#80=B_SPLINE_CURVE_WITH_KNOTS('',3,(#11118,#11119,#11120,#11121),
 .UNSPECIFIED.,.F.,.F.,(4,4),(0.,1.),.UNSPECIFIED.);
#81=B_SPLINE_CURVE_WITH_KNOTS('',3,(#11122,#11123,#11124,#11125),
 .UNSPECIFIED.,.F.,.F.,(4,4),(0.,0.000572437909584358),.UNSPECIFIED.);
#82=B_SPLINE_CURVE_WITH_KNOTS('',3,(#11183,#11184,#11185,#11186,#11187,
#11188,#11189,#11190,#11191,#11192,#11193),.UNSPECIFIED.,.T.,.F.,(1,1,1,
1,1,1,1,1,1,1,1,1,1,1,1),(-0.00293169183198911,-0.00195446122132607,-0.000977230610663037,
7.52746843888777E-20,0.000977230610663036,0.00195446122132607,0.00293169183198911,
0.00390892244265214,0.00488615305331518,0.00586338366397822,0.00684061427464125,
0.00781784488530429,0.00879507549596733,0.00977230610663036,0.0107495367172934),
 .UNSPECIFIED.);
#83=B_SPLINE_CURVE_WITH_KNOTS('',3,(#11231,#11232,#11233,#11234),
 .UNSPECIFIED.,.F.,.F.,(4,4),(0.,0.00212388717975569),.UNSPECIFIED.);
#84=B_SPLINE_CURVE_WITH_KNOTS('',3,(#11438,#11439,#11440,#11441),
 .UNSPECIFIED.,.F.,.F.,(4,4),(0.,1.),.UNSPECIFIED.);
#85=B_SPLINE_CURVE_WITH_KNOTS('',3,(#11447,#11448,#11449,#11450),
 .UNSPECIFIED.,.F.,.F.,(4,4),(0.,0.000852382603418214),.UNSPECIFIED.);
#86=B_SPLINE_CURVE_WITH_KNOTS('',3,(#11473,#11474,#11475,#11476),
 .UNSPECIFIED.,.F.,.F.,(4,4),(0.,0.00126149104051226),.UNSPECIFIED.);
#87=B_SPLINE_CURVE_WITH_KNOTS('',3,(#11488,#11489,#11490,#11491),
 .UNSPECIFIED.,.F.,.F.,(4,4),(0.,0.000681916282804567),.UNSPECIFIED.);
#88=B_SPLINE_CURVE_WITH_KNOTS('',3,(#11499,#11500,#11501,#11502),
 .UNSPECIFIED.,.F.,.F.,(4,4),(6.60629605937888E-10,0.001060838978862),
 .UNSPECIFIED.);
#89=B_SPLINE_CURVE_WITH_KNOTS('',3,(#11511,#11512,#11513,#11514),
 .UNSPECIFIED.,.F.,.F.,(4,4),(0.,0.00116091217063881),.UNSPECIFIED.);
#90=B_SPLINE_CURVE_WITH_KNOTS('',3,(#11520,#11521,#11522,#11523),
 .UNSPECIFIED.,.F.,.F.,(4,4),(0.,0.000850482995692468),.UNSPECIFIED.);
#91=B_SPLINE_CURVE_WITH_KNOTS('',3,(#11533,#11534,#11535,#11536),
 .UNSPECIFIED.,.F.,.F.,(4,4),(0.000500005428368063,0.0243009805615327),
 .UNSPECIFIED.);
#92=B_SPLINE_CURVE_WITH_KNOTS('',3,(#11540,#11541,#11542,#11543),
 .UNSPECIFIED.,.F.,.F.,(4,4),(0.000102032927805738,1.),.UNSPECIFIED.);
#93=B_SPLINE_CURVE_WITH_KNOTS('',3,(#11545,#11546,#11547,#11548),
 .UNSPECIFIED.,.F.,.F.,(4,4),(0.,0.000865476424454685),.UNSPECIFIED.);
#94=B_SPLINE_CURVE_WITH_KNOTS('',3,(#11552,#11553,#11554,#11555),
 .UNSPECIFIED.,.F.,.F.,(4,4),(0.,0.999988352161215),.UNSPECIFIED.);
#95=B_SPLINE_CURVE_WITH_KNOTS('',3,(#11673,#11674,#11675,#11676),
 .UNSPECIFIED.,.F.,.F.,(4,4),(0.,0.000707889755120119),.UNSPECIFIED.);
#96=B_SPLINE_CURVE_WITH_KNOTS('',3,(#11678,#11679,#11680,#11681),
 .UNSPECIFIED.,.F.,.F.,(4,4),(0.,0.0007078897551201),.UNSPECIFIED.);
#97=B_SPLINE_CURVE_WITH_KNOTS('',3,(#11683,#11684,#11685,#11686),
 .UNSPECIFIED.,.F.,.F.,(4,4),(0.,0.000707889755120112),.UNSPECIFIED.);
#98=B_SPLINE_CURVE_WITH_KNOTS('',3,(#11688,#11689,#11690,#11691),
 .UNSPECIFIED.,.F.,.F.,(4,4),(0.,0.000822147651522525),.UNSPECIFIED.);
#99=B_SPLINE_CURVE_WITH_KNOTS('',3,(#11700,#11701,#11702,#11703),
 .UNSPECIFIED.,.F.,.F.,(4,4),(0.,0.000707889755120095),.UNSPECIFIED.);
#100=B_SPLINE_CURVE_WITH_KNOTS('',3,(#11711,#11712,#11713,#11714),
 .UNSPECIFIED.,.F.,.F.,(4,4),(0.,0.000822147651522526),.UNSPECIFIED.);
#101=B_SPLINE_CURVE_WITH_KNOTS('',3,(#11804,#11805,#11806,#11807),
 .UNSPECIFIED.,.F.,.F.,(4,4),(0.,0.000707416400251315),.UNSPECIFIED.);
#102=B_SPLINE_CURVE_WITH_KNOTS('',3,(#11840,#11841,#11842,#11843),
 .UNSPECIFIED.,.F.,.F.,(4,4),(0.,0.000707416400251315),.UNSPECIFIED.);
#103=B_SPLINE_CURVE_WITH_KNOTS('',3,(#11853,#11854,#11855,#11856),
 .UNSPECIFIED.,.F.,.F.,(4,4),(0.,0.00070741640025131),.UNSPECIFIED.);
#104=B_SPLINE_CURVE_WITH_KNOTS('',3,(#11866,#11867,#11868,#11869),
 .UNSPECIFIED.,.F.,.F.,(4,4),(0.,0.00082756273364279),.UNSPECIFIED.);
#105=B_SPLINE_CURVE_WITH_KNOTS('',3,(#11876,#11877,#11878,#11879),
 .UNSPECIFIED.,.F.,.F.,(4,4),(0.,0.000649135487338029),.UNSPECIFIED.);
#106=B_SPLINE_CURVE_WITH_KNOTS('',3,(#11882,#11883,#11884,#11885),
 .UNSPECIFIED.,.F.,.F.,(4,4),(-1.57209315010398E-18,0.000918050322757847),
 .UNSPECIFIED.);
#107=B_SPLINE_CURVE_WITH_KNOTS('',3,(#11893,#11894,#11895,#11896),
 .UNSPECIFIED.,.F.,.F.,(4,4),(0.,0.00082756273364279),.UNSPECIFIED.);
#108=B_SPLINE_CURVE_WITH_KNOTS('',3,(#11902,#11903,#11904,#11905),
 .UNSPECIFIED.,.F.,.F.,(4,4),(0.,0.000977377447341588),.UNSPECIFIED.);
#109=B_SPLINE_CURVE_WITH_KNOTS('',3,(#11906,#11907,#11908,#11909),
 .UNSPECIFIED.,.F.,.F.,(4,4),(0.,0.000368872616481522),.UNSPECIFIED.);
#110=B_SPLINE_CURVE_WITH_KNOTS('',3,(#11917,#11918,#11919,#11920),
 .UNSPECIFIED.,.F.,.F.,(4,4),(0.,0.000232746803629092),.UNSPECIFIED.);
#111=B_SPLINE_CURVE_WITH_KNOTS('',3,(#11934,#11935,#11936,#11937),
 .UNSPECIFIED.,.F.,.F.,(4,4),(0.,0.000707416400251318),.UNSPECIFIED.);
#112=B_SPLINE_CURVE_WITH_KNOTS('',3,(#11962,#11963,#11964,#11965),
 .UNSPECIFIED.,.F.,.F.,(4,4),(0.,0.00082756273364279),.UNSPECIFIED.);
#113=B_SPLINE_CURVE_WITH_KNOTS('',3,(#11993,#11994,#11995,#11996),
 .UNSPECIFIED.,.F.,.F.,(4,4),(0.,0.000707408174556138),.UNSPECIFIED.);
#114=B_SPLINE_CURVE_WITH_KNOTS('',3,(#12008,#12009,#12010,#12011),
 .UNSPECIFIED.,.F.,.F.,(4,4),(0.,0.000897941802749597),.UNSPECIFIED.);
#115=B_SPLINE_CURVE_WITH_KNOTS('',3,(#12019,#12020,#12021,#12022),
 .UNSPECIFIED.,.F.,.F.,(4,4),(0.,0.00082756273364279),.UNSPECIFIED.);
#116=B_SPLINE_CURVE_WITH_KNOTS('',3,(#12024,#12025,#12026,#12027),
 .UNSPECIFIED.,.F.,.F.,(4,4),(0.,0.00112401927602508),.UNSPECIFIED.);
#117=B_SPLINE_CURVE_WITH_KNOTS('',3,(#12035,#12036,#12037,#12038),
 .UNSPECIFIED.,.F.,.F.,(4,4),(0.,0.000710041867065495),.UNSPECIFIED.);
#118=B_SPLINE_CURVE_WITH_KNOTS('',3,(#12044,#12045,#12046,#12047),
 .UNSPECIFIED.,.F.,.F.,(4,4),(0.,0.00082756273364279),.UNSPECIFIED.);
#119=B_SPLINE_CURVE_WITH_KNOTS('',3,(#12049,#12050,#12051,#12052),
 .UNSPECIFIED.,.F.,.F.,(4,4),(0.,0.000707416400251313),.UNSPECIFIED.);
#120=B_SPLINE_CURVE_WITH_KNOTS('',3,(#12070,#12071,#12072,#12073),
 .UNSPECIFIED.,.F.,.F.,(4,4),(0.,0.000909549742991756),.UNSPECIFIED.);
#121=B_SPLINE_CURVE_WITH_KNOTS('',3,(#12092,#12093,#12094,#12095),
 .UNSPECIFIED.,.F.,.F.,(4,4),(0.,0.00082756273364279),.UNSPECIFIED.);
#122=B_SPLINE_CURVE_WITH_KNOTS('',3,(#12106,#12107,#12108,#12109),
 .UNSPECIFIED.,.F.,.F.,(4,4),(0.,0.000736259707036028),.UNSPECIFIED.);
#123=B_SPLINE_CURVE_WITH_KNOTS('',3,(#12111,#12112,#12113,#12114),
 .UNSPECIFIED.,.F.,.F.,(4,4),(2.8588918546389E-8,0.00100174549326384),
 .UNSPECIFIED.);
#124=B_SPLINE_CURVE_WITH_KNOTS('',3,(#12170,#12171,#12172,#12173),
 .UNSPECIFIED.,.F.,.F.,(4,4),(0.,0.000444558696772031),.UNSPECIFIED.);
#125=B_SPLINE_CURVE_WITH_KNOTS('',3,(#12347,#12348,#12349,#12350,#12351,
#12352,#12353,#12354,#12355,#12356,#12357),.UNSPECIFIED.,.T.,.F.,(1,1,1,
1,1,1,1,1,1,1,1,1,1,1,1),(-0.00293093071446517,-0.00195395380964344,-0.000976976904821705,
2.53211697737784E-17,0.000976976904821756,0.00195395380964349,0.00293093071446522,
0.00390790761928695,0.00488488452410868,0.00586186142893041,0.00683883833375214,
0.00781581523857387,0.00879279214339561,0.00976976904821734,0.0107467459530391),
 .UNSPECIFIED.);
#126=B_SPLINE_CURVE_WITH_KNOTS('',3,(#12359,#12360,#12361,#12362,#12363,
#12364,#12365,#12366,#12367,#12368,#12369),.UNSPECIFIED.,.T.,.F.,(1,1,1,
1,1,1,1,1,1,1,1,1,1,1,1),(-0.00293093071446519,-0.00195395380964345,-0.000976976904821712,
2.53554998048101E-17,0.000976976904821764,0.0019539538096435,0.00293093071446524,
0.00390790761928698,0.00488488452410872,0.00586186142893046,0.0068388383337522,
0.00781581523857393,0.00879279214339567,0.00976976904821741,0.0107467459530391),
 .UNSPECIFIED.);
#127=B_SPLINE_CURVE_WITH_KNOTS('',3,(#12374,#12375,#12376,#12377),
 .UNSPECIFIED.,.F.,.F.,(4,4),(0.,0.00169036441516041),.UNSPECIFIED.);
#128=B_SPLINE_CURVE_WITH_KNOTS('',3,(#12389,#12390,#12391,#12392),
 .UNSPECIFIED.,.F.,.F.,(4,4),(0.000707082441242636,0.00141906465327818),
 .UNSPECIFIED.);
#129=B_SPLINE_CURVE_WITH_KNOTS('',3,(#12394,#12395,#12396,#12397),
 .UNSPECIFIED.,.F.,.F.,(4,4),(0.,0.000707082441242636),.UNSPECIFIED.);
#130=B_SPLINE_CURVE_WITH_KNOTS('',3,(#12477,#12478,#12479,#12480,#12481,
#12482,#12483,#12484,#12485,#12486,#12487),.UNSPECIFIED.,.T.,.F.,(1,1,1,
1,1,1,1,1,1,1,1,1,1,1,1),(-0.00293093071446517,-0.00195395380964344,-0.000976976904821705,
2.53211697737784E-17,0.000976976904821756,0.00195395380964349,0.00293093071446522,
0.00390790761928695,0.00488488452410868,0.00586186142893041,0.00683883833375214,
0.00781581523857387,0.00879279214339561,0.00976976904821734,0.0107467459530391),
 .UNSPECIFIED.);
#131=B_SPLINE_CURVE_WITH_KNOTS('',3,(#12489,#12490,#12491,#12492,#12493,
#12494,#12495,#12496,#12497,#12498,#12499),.UNSPECIFIED.,.T.,.F.,(1,1,1,
1,1,1,1,1,1,1,1,1,1,1,1),(-0.00293093071446519,-0.00195395380964345,-0.000976976904821712,
2.53554998048101E-17,0.000976976904821764,0.0019539538096435,0.00293093071446524,
0.00390790761928698,0.00488488452410872,0.00586186142893046,0.0068388383337522,
0.00781581523857393,0.00879279214339567,0.00976976904821741,0.0107467459530391),
 .UNSPECIFIED.);
#132=B_SPLINE_CURVE_WITH_KNOTS('',3,(#12581,#12582,#12583,#12584),
 .UNSPECIFIED.,.F.,.F.,(4,4),(0.,0.00204958339950039),.UNSPECIFIED.);
#133=B_SPLINE_CURVE_WITH_KNOTS('',3,(#12701,#12702,#12703,#12704),
 .UNSPECIFIED.,.F.,.F.,(4,4),(0.,2.36278176217719E-5),.UNSPECIFIED.);
#134=B_SPLINE_CURVE_WITH_KNOTS('',3,(#12712,#12713,#12714,#12715),
 .UNSPECIFIED.,.F.,.F.,(4,4),(0.,7.48343797430728E-5),.UNSPECIFIED.);
#135=B_SPLINE_CURVE_WITH_KNOTS('',3,(#12773,#12774,#12775,#12776),
 .UNSPECIFIED.,.F.,.F.,(4,4),(0.,0.00070714013095099),.UNSPECIFIED.);
#136=B_SPLINE_CURVE_WITH_KNOTS('',3,(#12784,#12785,#12786,#12787),
 .UNSPECIFIED.,.F.,.F.,(4,4),(0.,0.00070714013095099),.UNSPECIFIED.);
#137=B_SPLINE_CURVE_WITH_KNOTS('',3,(#12790,#12791,#12792,#12793),
 .UNSPECIFIED.,.F.,.F.,(4,4),(0.,0.000707140130950989),.UNSPECIFIED.);
#138=B_SPLINE_CURVE_WITH_KNOTS('',3,(#12803,#12804,#12805,#12806),
 .UNSPECIFIED.,.F.,.F.,(4,4),(0.,0.000707140130950989),.UNSPECIFIED.);
#139=B_SPLINE_CURVE_WITH_KNOTS('',3,(#12847,#12848,#12849,#12850),
 .UNSPECIFIED.,.F.,.F.,(4,4),(0.,0.000826052849337283),.UNSPECIFIED.);
#140=B_SPLINE_CURVE_WITH_KNOTS('',3,(#12862,#12863,#12864,#12865),
 .UNSPECIFIED.,.F.,.F.,(4,4),(0.,0.00070714013095099),.UNSPECIFIED.);
#141=B_SPLINE_CURVE_WITH_KNOTS('',3,(#12891,#12892,#12893,#12894),
 .UNSPECIFIED.,.F.,.F.,(4,4),(0.,0.000792984514284666),.UNSPECIFIED.);
#142=B_SPLINE_CURVE_WITH_KNOTS('',3,(#12902,#12903,#12904,#12905),
 .UNSPECIFIED.,.F.,.F.,(4,4),(0.,0.000826052849337283),.UNSPECIFIED.);
#143=B_SPLINE_CURVE_WITH_KNOTS('',3,(#12914,#12915,#12916,#12917),
 .UNSPECIFIED.,.F.,.F.,(4,4),(0.,0.000707140130950989),.UNSPECIFIED.);
#144=B_SPLINE_CURVE_WITH_KNOTS('',3,(#12928,#12929,#12930,#12931),
 .UNSPECIFIED.,.F.,.F.,(4,4),(0.,0.00082605284933724),.UNSPECIFIED.);
#145=B_SPLINE_CURVE_WITH_KNOTS('',3,(#12944,#12945,#12946,#12947),
 .UNSPECIFIED.,.F.,.F.,(4,4),(0.,0.000707140130950989),.UNSPECIFIED.);
#146=B_SPLINE_CURVE_WITH_KNOTS('',3,(#12951,#12952,#12953,#12954),
 .UNSPECIFIED.,.F.,.F.,(4,4),(0.,0.000990762007835122),.UNSPECIFIED.);
#147=B_SPLINE_CURVE_WITH_KNOTS('',3,(#12969,#12970,#12971,#12972),
 .UNSPECIFIED.,.F.,.F.,(4,4),(0.,0.000735051797229457),.UNSPECIFIED.);
#148=B_SPLINE_CURVE_WITH_KNOTS('',3,(#12976,#12977,#12978,#12979),
 .UNSPECIFIED.,.F.,.F.,(4,4),(0.,0.00082605284933724),.UNSPECIFIED.);
#149=B_SPLINE_CURVE_WITH_KNOTS('',3,(#12984,#12985,#12986,#12987),
 .UNSPECIFIED.,.F.,.F.,(4,4),(0.,0.000708482246516111),.UNSPECIFIED.);
#150=B_SPLINE_CURVE_WITH_KNOTS('',3,(#12989,#12990,#12991,#12992),
 .UNSPECIFIED.,.F.,.F.,(4,4),(0.,0.000826052849337277),.UNSPECIFIED.);
#151=B_SPLINE_CURVE_WITH_KNOTS('',3,(#12998,#12999,#13000,#13001),
 .UNSPECIFIED.,.F.,.F.,(4,4),(0.,0.000707140130950987),.UNSPECIFIED.);
#152=B_SPLINE_CURVE_WITH_KNOTS('',3,(#13008,#13009,#13010,#13011),
 .UNSPECIFIED.,.F.,.F.,(4,4),(0.,0.000937704203658967),.UNSPECIFIED.);
#153=B_SPLINE_CURVE_WITH_KNOTS('',3,(#13019,#13020,#13021,#13022),
 .UNSPECIFIED.,.F.,.F.,(4,4),(0.,0.00082605284933728),.UNSPECIFIED.);
#154=B_SPLINE_CURVE_WITH_KNOTS('',3,(#13029,#13030,#13031,#13032),
 .UNSPECIFIED.,.F.,.F.,(4,4),(0.,0.000707140130950989),.UNSPECIFIED.);
#155=B_SPLINE_CURVE_WITH_KNOTS('',3,(#13061,#13062,#13063,#13064),
 .UNSPECIFIED.,.F.,.F.,(4,4),(0.,0.000826052849337278),.UNSPECIFIED.);
#156=B_SPLINE_CURVE_WITH_KNOTS('',3,(#13078,#13079,#13080,#13081),
 .UNSPECIFIED.,.F.,.F.,(4,4),(0.,0.000707139685149256),.UNSPECIFIED.);
#157=B_SPLINE_CURVE_WITH_KNOTS('',3,(#13098,#13099,#13100,#13101),
 .UNSPECIFIED.,.F.,.F.,(4,4),(0.,0.000826052849337238),.UNSPECIFIED.);
#158=B_SPLINE_CURVE_WITH_KNOTS('',3,(#13133,#13134,#13135,#13136,#13137,
#13138,#13139,#13140,#13141,#13142,#13143),.UNSPECIFIED.,.T.,.F.,(1,1,1,
1,1,1,1,1,1,1,1,1,1,1,1),(-0.00293205310797426,-0.00195470207198284,-0.000977351035991419,
3.78043142797791E-20,0.000977351035991419,0.00195470207198284,0.00293205310797426,
0.00390940414396568,0.00488675517995709,0.00586410621594851,0.00684145725193993,
0.00781880828793135,0.00879615932392277,0.00977351035991419,0.0107508613959056),
 .UNSPECIFIED.);
#159=B_SPLINE_CURVE_WITH_KNOTS('',3,(#13147,#13148,#13149,#13150,#13151,
#13152,#13153,#13154,#13155,#13156,#13157),.UNSPECIFIED.,.T.,.F.,(1,1,1,
1,1,1,1,1,1,1,1,1,1,1,1),(-0.00293205347483089,-0.00195470231655393,-0.000977351158276962,
7.55943164410284E-20,0.000977351158276963,0.00195470231655393,0.00293205347483089,
0.00390940463310785,0.00488675579138481,0.00586410694966178,0.00684145810793874,
0.0078188092662157,0.00879616042449266,0.00977351158276963,0.0107508627410466),
 .UNSPECIFIED.);
#160=B_SPLINE_CURVE_WITH_KNOTS('',3,(#13163,#13164,#13165,#13166),
 .UNSPECIFIED.,.F.,.F.,(4,4),(0.,0.00149424078303377),.UNSPECIFIED.);
#161=B_SPLINE_CURVE_WITH_KNOTS('',3,(#13170,#13171,#13172,#13173),
 .UNSPECIFIED.,.F.,.F.,(4,4),(0.,0.00149425489801215),.UNSPECIFIED.);
#162=B_SPLINE_CURVE_WITH_KNOTS('',3,(#13212,#13213,#13214,#13215),
 .UNSPECIFIED.,.F.,.F.,(4,4),(0.,6.92445746914768E-6),.UNSPECIFIED.);
#163=B_SPLINE_CURVE_WITH_KNOTS('',3,(#13219,#13220,#13221,#13222),
 .UNSPECIFIED.,.F.,.F.,(4,4),(0.,6.92445746914405E-6),.UNSPECIFIED.);
#164=B_SPLINE_CURVE_WITH_KNOTS('',3,(#13242,#13243,#13244,#13245),
 .UNSPECIFIED.,.F.,.F.,(4,4),(0.,6.92445746908588E-6),.UNSPECIFIED.);
#165=B_SPLINE_CURVE_WITH_KNOTS('',3,(#13249,#13250,#13251,#13252),
 .UNSPECIFIED.,.F.,.F.,(4,4),(0.,6.92445746908588E-6),.UNSPECIFIED.);
#166=B_SPLINE_CURVE_WITH_KNOTS('',3,(#13262,#13263,#13264,#13265),
 .UNSPECIFIED.,.F.,.F.,(4,4),(0.,0.000464869601417202),.UNSPECIFIED.);
#167=B_SPLINE_CURVE_WITH_KNOTS('',3,(#13266,#13267,#13268,#13269),
 .UNSPECIFIED.,.F.,.F.,(4,4),(0.,0.000464869601417205),.UNSPECIFIED.);
#168=B_SPLINE_CURVE_WITH_KNOTS('',3,(#13271,#13272,#13273,#13274),
 .UNSPECIFIED.,.F.,.F.,(4,4),(0.,0.000464869601417309),.UNSPECIFIED.);
#169=B_SPLINE_CURVE_WITH_KNOTS('',3,(#13276,#13277,#13278,#13279),
 .UNSPECIFIED.,.F.,.F.,(4,4),(0.,0.000464869601417309),.UNSPECIFIED.);
#170=B_SPLINE_CURVE_WITH_KNOTS('',3,(#13299,#13300,#13301,#13302),
 .UNSPECIFIED.,.F.,.F.,(4,4),(0.,6.92445746914701E-6),.UNSPECIFIED.);
#171=B_SPLINE_CURVE_WITH_KNOTS('',3,(#13306,#13307,#13308,#13309),
 .UNSPECIFIED.,.F.,.F.,(4,4),(0.,6.924457469151E-6),.UNSPECIFIED.);
#172=B_SPLINE_CURVE_WITH_KNOTS('',3,(#13329,#13330,#13331,#13332),
 .UNSPECIFIED.,.F.,.F.,(4,4),(0.,6.92445746908921E-6),.UNSPECIFIED.);
#173=B_SPLINE_CURVE_WITH_KNOTS('',3,(#13336,#13337,#13338,#13339),
 .UNSPECIFIED.,.F.,.F.,(4,4),(0.,6.92445746908588E-6),.UNSPECIFIED.);
#174=B_SPLINE_CURVE_WITH_KNOTS('',3,(#13349,#13350,#13351,#13352),
 .UNSPECIFIED.,.F.,.F.,(4,4),(0.,0.000464869601417202),.UNSPECIFIED.);
#175=B_SPLINE_CURVE_WITH_KNOTS('',3,(#13353,#13354,#13355,#13356),
 .UNSPECIFIED.,.F.,.F.,(4,4),(0.,0.0004648696014172),.UNSPECIFIED.);
#176=B_SPLINE_CURVE_WITH_KNOTS('',3,(#13358,#13359,#13360,#13361),
 .UNSPECIFIED.,.F.,.F.,(4,4),(0.,0.00046486960141731),.UNSPECIFIED.);
#177=B_SPLINE_CURVE_WITH_KNOTS('',3,(#13363,#13364,#13365,#13366),
 .UNSPECIFIED.,.F.,.F.,(4,4),(0.,0.000464869601417304),.UNSPECIFIED.);
#178=B_SPLINE_CURVE_WITH_KNOTS('',3,(#13405,#13406,#13407,#13408),
 .UNSPECIFIED.,.F.,.F.,(4,4),(0.,7.97975745447286E-6),.UNSPECIFIED.);
#179=B_SPLINE_CURVE_WITH_KNOTS('',3,(#13412,#13413,#13414,#13415),
 .UNSPECIFIED.,.F.,.F.,(4,4),(0.,7.9797574544777E-6),.UNSPECIFIED.);
#180=B_SPLINE_CURVE_WITH_KNOTS('',3,(#13426,#13427,#13428,#13429),
 .UNSPECIFIED.,.F.,.F.,(4,4),(0.,0.000935897578515375),.UNSPECIFIED.);
#181=B_SPLINE_CURVE_WITH_KNOTS('',3,(#13430,#13431,#13432,#13433),
 .UNSPECIFIED.,.F.,.F.,(4,4),(0.,0.000935897578515372),.UNSPECIFIED.);
#182=B_SPLINE_CURVE_WITH_KNOTS('',3,(#13438,#13439,#13440,#13441),
 .UNSPECIFIED.,.F.,.F.,(4,4),(0.,0.000716169938484494),.UNSPECIFIED.);
#183=B_SPLINE_CURVE_WITH_KNOTS('',3,(#13447,#13448,#13449,#13450),
 .UNSPECIFIED.,.F.,.F.,(4,4),(0.,0.000716169938484502),.UNSPECIFIED.);
#184=ELLIPSE('',#8101,47.7342737828371,18.6);
#185=ELLIPSE('',#8102,26.3043722601396,18.6);
#186=ELLIPSE('',#8126,207.484076953152,17.1);
#187=ELLIPSE('',#8129,24.1830519165799,17.1);
#188=ELLIPSE('',#8300,42.7231539327355,31.7148102060816);
#189=ELLIPSE('',#8374,40.4037721686064,20.9650187057063);
#190=ELLIPSE('',#8432,55.6188521580005,39.3284675227342);
#191=CYLINDRICAL_SURFACE('',#8099,18.6);
#192=CYLINDRICAL_SURFACE('',#8124,17.1);
#193=CYLINDRICAL_SURFACE('',#8135,17.1);
#194=CYLINDRICAL_SURFACE('',#8138,18.6);
#195=CYLINDRICAL_SURFACE('',#8141,1.8);
#196=CYLINDRICAL_SURFACE('',#8144,18.6);
#197=CYLINDRICAL_SURFACE('',#8150,18.6);
#198=CYLINDRICAL_SURFACE('',#8168,1.8);
#199=CYLINDRICAL_SURFACE('',#8172,1.25);
#200=CYLINDRICAL_SURFACE('',#8177,1.25);
#201=CYLINDRICAL_SURFACE('',#8185,0.8);
#202=CYLINDRICAL_SURFACE('',#8188,0.8);
#203=CYLINDRICAL_SURFACE('',#8191,20.2716705034391);
#204=CYLINDRICAL_SURFACE('',#8213,0.8);
#205=CYLINDRICAL_SURFACE('',#8416,36.9);
#206=CYLINDRICAL_SURFACE('',#8422,19.8608282808145);
#207=CYLINDRICAL_SURFACE('',#8430,39.3284675227342);
#208=CYLINDRICAL_SURFACE('',#8434,36.9);
#209=CYLINDRICAL_SURFACE('',#8445,19.8608282808145);
#210=CYLINDRICAL_SURFACE('',#8451,19.8608282808145);
#211=CYLINDRICAL_SURFACE('',#8456,19.8608282808145);
#212=CYLINDRICAL_SURFACE('',#8461,1.8);
#213=CYLINDRICAL_SURFACE('',#8462,1.8);
#214=CYLINDRICAL_SURFACE('',#8463,1.25);
#215=CYLINDRICAL_SURFACE('',#8466,1.25);
#216=CYLINDRICAL_SURFACE('',#8471,1.25);
#217=CYLINDRICAL_SURFACE('',#8474,1.25);
#218=CYLINDRICAL_SURFACE('',#8486,0.8);
#219=CYLINDRICAL_SURFACE('',#8489,0.8);
#220=CYLINDRICAL_SURFACE('',#8627,14.6);
#221=CYLINDRICAL_SURFACE('',#8630,16.1);
#222=CYLINDRICAL_SURFACE('',#8650,1.25);
#223=CYLINDRICAL_SURFACE('',#8669,1.25);
#224=CYLINDRICAL_SURFACE('',#8690,0.8);
#225=CIRCLE('',#8095,0.8);
#226=CIRCLE('',#8098,18.6);
#227=CIRCLE('',#8100,18.6);
#228=CIRCLE('',#8103,18.6);
#229=CIRCLE('',#8104,18.6);
#230=CIRCLE('',#8109,17.1);
#231=CIRCLE('',#8110,18.0999999989927);
#232=CIRCLE('',#8112,1.8);
#233=CIRCLE('',#8114,19.6);
#234=CIRCLE('',#8115,20.7716705034391);
#235=CIRCLE('',#8117,18.1);
#236=CIRCLE('',#8118,17.1);
#237=CIRCLE('',#8119,17.6);
#238=CIRCLE('',#8120,18.1);
#239=CIRCLE('',#8121,18.1);
#240=CIRCLE('',#8125,17.1);
#241=CIRCLE('',#8127,17.1);
#242=CIRCLE('',#8128,17.1);
#243=CIRCLE('',#8131,0.8);
#244=CIRCLE('',#8132,0.8);
#245=CIRCLE('',#8136,17.1);
#246=CIRCLE('',#8137,17.1);
#247=CIRCLE('',#8139,18.6);
#248=CIRCLE('',#8140,18.6);
#249=CIRCLE('',#8142,1.8);
#250=CIRCLE('',#8143,1.8);
#251=CIRCLE('',#8145,18.6);
#252=CIRCLE('',#8146,18.6);
#253=CIRCLE('',#8149,1.8);
#254=CIRCLE('',#8151,18.6);
#255=CIRCLE('',#8152,18.6);
#256=CIRCLE('',#8162,18.1);
#257=CIRCLE('',#8163,18.1);
#258=CIRCLE('',#8164,18.1);
#259=CIRCLE('',#8165,18.1);
#260=CIRCLE('',#8166,17.6);
#261=CIRCLE('',#8167,17.6);
#262=CIRCLE('',#8170,1.25);
#263=CIRCLE('',#8175,1.25);
#264=CIRCLE('',#8180,20.2716705034391);
#265=CIRCLE('',#8182,19.1);
#266=CIRCLE('',#8184,0.8);
#267=CIRCLE('',#8187,0.8);
#268=CIRCLE('',#8192,20.2716705034391);
#269=CIRCLE('',#8197,19.0588489254196);
#270=CIRCLE('',#8212,0.8);
#271=CIRCLE('',#8399,20.3608282808145);
#272=CIRCLE('',#8400,20.3608282808145);
#273=CIRCLE('',#8401,20.3608282808145);
#274=CIRCLE('',#8402,20.3608282808145);
#275=CIRCLE('',#8403,36.4);
#276=CIRCLE('',#8404,36.4);
#277=CIRCLE('',#8407,36.4);
#278=CIRCLE('',#8408,39.8284675227342);
#279=CIRCLE('',#8410,39.3284675227342);
#280=CIRCLE('',#8411,20.3608282808145);
#281=CIRCLE('',#8412,20.3608282808145);
#282=CIRCLE('',#8413,20.3608282808145);
#283=CIRCLE('',#8414,36.4);
#284=CIRCLE('',#8415,36.4);
#285=CIRCLE('',#8417,36.9);
#286=CIRCLE('',#8418,36.9);
#287=CIRCLE('',#8419,36.9);
#288=CIRCLE('',#8420,36.9);
#289=CIRCLE('',#8423,19.8608282808145);
#290=CIRCLE('',#8424,19.8608282808145);
#291=CIRCLE('',#8427,0.8);
#292=CIRCLE('',#8428,0.8);
#293=CIRCLE('',#8431,39.3284675227342);
#294=CIRCLE('',#8433,39.3284675227342);
#295=CIRCLE('',#8435,36.9);
#296=CIRCLE('',#8436,36.9);
#297=CIRCLE('',#8438,1.8);
#298=CIRCLE('',#8442,1.8);
#299=CIRCLE('',#8446,19.8608282808145);
#300=CIRCLE('',#8447,19.8608282808145);
#301=CIRCLE('',#8449,1.8);
#302=CIRCLE('',#8452,19.8608282808145);
#303=CIRCLE('',#8453,19.8608282808145);
#304=CIRCLE('',#8455,1.8);
#305=CIRCLE('',#8457,19.8608282808145);
#306=CIRCLE('',#8458,19.8608282808145);
#307=CIRCLE('',#8464,1.25);
#308=CIRCLE('',#8467,1.25);
#309=CIRCLE('',#8470,1.25);
#310=CIRCLE('',#8473,1.25);
#311=CIRCLE('',#8477,39.8284675227136);
#312=CIRCLE('',#8482,20.3608282808145);
#313=CIRCLE('',#8483,36.4);
#314=CIRCLE('',#8485,0.8);
#315=CIRCLE('',#8488,0.8);
#316=CIRCLE('',#8628,14.6);
#317=CIRCLE('',#8629,14.6);
#318=CIRCLE('',#8631,16.1);
#319=CIRCLE('',#8632,16.1);
#320=CIRCLE('',#8633,16.1);
#321=CIRCLE('',#8634,16.1);
#322=CIRCLE('',#8635,16.1);
#323=CIRCLE('',#8636,16.1);
#324=CIRCLE('',#8637,16.1);
#325=CIRCLE('',#8638,16.1);
#326=CIRCLE('',#8641,15.6);
#327=CIRCLE('',#8643,16.35);
#328=CIRCLE('',#8646,1.5);
#329=CIRCLE('',#8649,16.35);
#330=CIRCLE('',#8651,1.25);
#331=CIRCLE('',#8662,16.35);
#332=CIRCLE('',#8665,1.5);
#333=CIRCLE('',#8668,16.35);
#334=CIRCLE('',#8670,1.25);
#335=CIRCLE('',#8681,16.6);
#336=CIRCLE('',#8684,0.8);
#337=CIRCLE('',#8687,16.6);
#338=CIRCLE('',#8689,0.8);
#339=ORIENTED_EDGE('',*,*,#2547,.F.);
#340=ORIENTED_EDGE('',*,*,#2548,.T.);
#341=ORIENTED_EDGE('',*,*,#2549,.F.);
#342=ORIENTED_EDGE('',*,*,#2550,.F.);
#343=ORIENTED_EDGE('',*,*,#2551,.T.);
#344=ORIENTED_EDGE('',*,*,#2552,.T.);
#345=ORIENTED_EDGE('',*,*,#2553,.T.);
#346=ORIENTED_EDGE('',*,*,#2554,.T.);
#347=ORIENTED_EDGE('',*,*,#2555,.T.);
#348=ORIENTED_EDGE('',*,*,#2556,.F.);
#349=ORIENTED_EDGE('',*,*,#2557,.T.);
#350=ORIENTED_EDGE('',*,*,#2558,.T.);
#351=ORIENTED_EDGE('',*,*,#2559,.F.);
#352=ORIENTED_EDGE('',*,*,#2560,.T.);
#353=ORIENTED_EDGE('',*,*,#2561,.T.);
#354=ORIENTED_EDGE('',*,*,#2562,.T.);
#355=ORIENTED_EDGE('',*,*,#2563,.T.);
#356=ORIENTED_EDGE('',*,*,#2564,.F.);
#357=ORIENTED_EDGE('',*,*,#2565,.T.);
#358=ORIENTED_EDGE('',*,*,#2566,.T.);
#359=ORIENTED_EDGE('',*,*,#2567,.T.);
#360=ORIENTED_EDGE('',*,*,#2568,.T.);
#361=ORIENTED_EDGE('',*,*,#2569,.T.);
#362=ORIENTED_EDGE('',*,*,#2570,.T.);
#363=ORIENTED_EDGE('',*,*,#2571,.T.);
#364=ORIENTED_EDGE('',*,*,#2572,.T.);
#365=ORIENTED_EDGE('',*,*,#2573,.T.);
#366=ORIENTED_EDGE('',*,*,#2574,.T.);
#367=ORIENTED_EDGE('',*,*,#2575,.T.);
#368=ORIENTED_EDGE('',*,*,#2576,.F.);
#369=ORIENTED_EDGE('',*,*,#2577,.F.);
#370=ORIENTED_EDGE('',*,*,#2578,.T.);
#371=ORIENTED_EDGE('',*,*,#2579,.T.);
#372=ORIENTED_EDGE('',*,*,#2580,.T.);
#373=ORIENTED_EDGE('',*,*,#2581,.F.);
#374=ORIENTED_EDGE('',*,*,#2582,.F.);
#375=ORIENTED_EDGE('',*,*,#2583,.T.);
#376=ORIENTED_EDGE('',*,*,#2584,.T.);
#377=ORIENTED_EDGE('',*,*,#2585,.T.);
#378=ORIENTED_EDGE('',*,*,#2586,.T.);
#379=ORIENTED_EDGE('',*,*,#2587,.F.);
#380=ORIENTED_EDGE('',*,*,#2588,.F.);
#381=ORIENTED_EDGE('',*,*,#2589,.T.);
#382=ORIENTED_EDGE('',*,*,#2590,.F.);
#383=ORIENTED_EDGE('',*,*,#2591,.F.);
#384=ORIENTED_EDGE('',*,*,#2592,.T.);
#385=ORIENTED_EDGE('',*,*,#2593,.T.);
#386=ORIENTED_EDGE('',*,*,#2594,.T.);
#387=ORIENTED_EDGE('',*,*,#2595,.T.);
#388=ORIENTED_EDGE('',*,*,#2596,.T.);
#389=ORIENTED_EDGE('',*,*,#2597,.T.);
#390=ORIENTED_EDGE('',*,*,#2598,.T.);
#391=ORIENTED_EDGE('',*,*,#2599,.F.);
#392=ORIENTED_EDGE('',*,*,#2600,.T.);
#393=ORIENTED_EDGE('',*,*,#2601,.T.);
#394=ORIENTED_EDGE('',*,*,#2602,.T.);
#395=ORIENTED_EDGE('',*,*,#2569,.F.);
#396=ORIENTED_EDGE('',*,*,#2603,.T.);
#397=ORIENTED_EDGE('',*,*,#2584,.F.);
#398=ORIENTED_EDGE('',*,*,#2604,.F.);
#399=ORIENTED_EDGE('',*,*,#2605,.T.);
#400=ORIENTED_EDGE('',*,*,#2606,.F.);
#401=ORIENTED_EDGE('',*,*,#2607,.T.);
#402=ORIENTED_EDGE('',*,*,#2608,.T.);
#403=ORIENTED_EDGE('',*,*,#2609,.T.);
#404=ORIENTED_EDGE('',*,*,#2610,.T.);
#405=ORIENTED_EDGE('',*,*,#2611,.T.);
#406=ORIENTED_EDGE('',*,*,#2612,.F.);
#407=ORIENTED_EDGE('',*,*,#2613,.T.);
#408=ORIENTED_EDGE('',*,*,#2614,.T.);
#409=ORIENTED_EDGE('',*,*,#2615,.T.);
#410=ORIENTED_EDGE('',*,*,#2616,.T.);
#411=ORIENTED_EDGE('',*,*,#2617,.F.);
#412=ORIENTED_EDGE('',*,*,#2618,.T.);
#413=ORIENTED_EDGE('',*,*,#2619,.T.);
#414=ORIENTED_EDGE('',*,*,#2620,.T.);
#415=ORIENTED_EDGE('',*,*,#2621,.T.);
#416=ORIENTED_EDGE('',*,*,#2622,.T.);
#417=ORIENTED_EDGE('',*,*,#2623,.T.);
#418=ORIENTED_EDGE('',*,*,#2554,.F.);
#419=ORIENTED_EDGE('',*,*,#2624,.T.);
#420=ORIENTED_EDGE('',*,*,#2625,.T.);
#421=ORIENTED_EDGE('',*,*,#2626,.T.);
#422=ORIENTED_EDGE('',*,*,#2627,.T.);
#423=ORIENTED_EDGE('',*,*,#2628,.F.);
#424=ORIENTED_EDGE('',*,*,#2629,.T.);
#425=ORIENTED_EDGE('',*,*,#2630,.T.);
#426=ORIENTED_EDGE('',*,*,#2631,.T.);
#427=ORIENTED_EDGE('',*,*,#2632,.T.);
#428=ORIENTED_EDGE('',*,*,#2633,.T.);
#429=ORIENTED_EDGE('',*,*,#2634,.F.);
#430=ORIENTED_EDGE('',*,*,#2635,.T.);
#431=ORIENTED_EDGE('',*,*,#2636,.T.);
#432=ORIENTED_EDGE('',*,*,#2637,.T.);
#433=ORIENTED_EDGE('',*,*,#2638,.F.);
#434=ORIENTED_EDGE('',*,*,#2639,.F.);
#435=ORIENTED_EDGE('',*,*,#2640,.T.);
#436=ORIENTED_EDGE('',*,*,#2641,.T.);
#437=ORIENTED_EDGE('',*,*,#2642,.T.);
#438=ORIENTED_EDGE('',*,*,#2643,.T.);
#439=ORIENTED_EDGE('',*,*,#2644,.T.);
#440=ORIENTED_EDGE('',*,*,#2645,.T.);
#441=ORIENTED_EDGE('',*,*,#2646,.F.);
#442=ORIENTED_EDGE('',*,*,#2647,.T.);
#443=ORIENTED_EDGE('',*,*,#2648,.T.);
#444=ORIENTED_EDGE('',*,*,#2649,.T.);
#445=ORIENTED_EDGE('',*,*,#2650,.T.);
#446=ORIENTED_EDGE('',*,*,#2651,.T.);
#447=ORIENTED_EDGE('',*,*,#2652,.T.);
#448=ORIENTED_EDGE('',*,*,#2653,.T.);
#449=ORIENTED_EDGE('',*,*,#2654,.F.);
#450=ORIENTED_EDGE('',*,*,#2655,.T.);
#451=ORIENTED_EDGE('',*,*,#2656,.T.);
#452=ORIENTED_EDGE('',*,*,#2657,.T.);
#453=ORIENTED_EDGE('',*,*,#2658,.T.);
#454=ORIENTED_EDGE('',*,*,#2659,.T.);
#455=ORIENTED_EDGE('',*,*,#2660,.F.);
#456=ORIENTED_EDGE('',*,*,#2661,.T.);
#457=ORIENTED_EDGE('',*,*,#2662,.T.);
#458=ORIENTED_EDGE('',*,*,#2663,.T.);
#459=ORIENTED_EDGE('',*,*,#2664,.T.);
#460=ORIENTED_EDGE('',*,*,#2665,.F.);
#461=ORIENTED_EDGE('',*,*,#2666,.T.);
#462=ORIENTED_EDGE('',*,*,#2667,.T.);
#463=ORIENTED_EDGE('',*,*,#2668,.T.);
#464=ORIENTED_EDGE('',*,*,#2669,.T.);
#465=ORIENTED_EDGE('',*,*,#2670,.T.);
#466=ORIENTED_EDGE('',*,*,#2671,.T.);
#467=ORIENTED_EDGE('',*,*,#2672,.T.);
#468=ORIENTED_EDGE('',*,*,#2673,.T.);
#469=ORIENTED_EDGE('',*,*,#2674,.T.);
#470=ORIENTED_EDGE('',*,*,#2606,.T.);
#471=ORIENTED_EDGE('',*,*,#2675,.T.);
#472=ORIENTED_EDGE('',*,*,#2676,.T.);
#473=ORIENTED_EDGE('',*,*,#2677,.T.);
#474=ORIENTED_EDGE('',*,*,#2678,.T.);
#475=ORIENTED_EDGE('',*,*,#2679,.T.);
#476=ORIENTED_EDGE('',*,*,#2680,.T.);
#477=ORIENTED_EDGE('',*,*,#2681,.T.);
#478=ORIENTED_EDGE('',*,*,#2682,.T.);
#479=ORIENTED_EDGE('',*,*,#2683,.T.);
#480=ORIENTED_EDGE('',*,*,#2684,.T.);
#481=ORIENTED_EDGE('',*,*,#2685,.T.);
#482=ORIENTED_EDGE('',*,*,#2686,.T.);
#483=ORIENTED_EDGE('',*,*,#2687,.F.);
#484=ORIENTED_EDGE('',*,*,#2654,.T.);
#485=ORIENTED_EDGE('',*,*,#2688,.T.);
#486=ORIENTED_EDGE('',*,*,#2628,.T.);
#487=ORIENTED_EDGE('',*,*,#2689,.T.);
#488=ORIENTED_EDGE('',*,*,#2676,.F.);
#489=ORIENTED_EDGE('',*,*,#2690,.F.);
#490=ORIENTED_EDGE('',*,*,#2691,.T.);
#491=ORIENTED_EDGE('',*,*,#2692,.T.);
#492=ORIENTED_EDGE('',*,*,#2693,.T.);
#493=ORIENTED_EDGE('',*,*,#2694,.T.);
#494=ORIENTED_EDGE('',*,*,#2695,.T.);
#495=ORIENTED_EDGE('',*,*,#2696,.T.);
#496=ORIENTED_EDGE('',*,*,#2697,.T.);
#497=ORIENTED_EDGE('',*,*,#2652,.F.);
#498=ORIENTED_EDGE('',*,*,#2698,.T.);
#499=ORIENTED_EDGE('',*,*,#2699,.T.);
#500=ORIENTED_EDGE('',*,*,#2700,.T.);
#501=ORIENTED_EDGE('',*,*,#2701,.T.);
#502=ORIENTED_EDGE('',*,*,#2556,.T.);
#503=ORIENTED_EDGE('',*,*,#2702,.T.);
#504=ORIENTED_EDGE('',*,*,#2703,.T.);
#505=ORIENTED_EDGE('',*,*,#2704,.T.);
#506=ORIENTED_EDGE('',*,*,#2705,.T.);
#507=ORIENTED_EDGE('',*,*,#2706,.T.);
#508=ORIENTED_EDGE('',*,*,#2707,.F.);
#509=ORIENTED_EDGE('',*,*,#2708,.T.);
#510=ORIENTED_EDGE('',*,*,#2709,.F.);
#511=ORIENTED_EDGE('',*,*,#2710,.T.);
#512=ORIENTED_EDGE('',*,*,#2711,.T.);
#513=ORIENTED_EDGE('',*,*,#2712,.T.);
#514=ORIENTED_EDGE('',*,*,#2713,.T.);
#515=ORIENTED_EDGE('',*,*,#2714,.T.);
#516=ORIENTED_EDGE('',*,*,#2715,.T.);
#517=ORIENTED_EDGE('',*,*,#2716,.T.);
#518=ORIENTED_EDGE('',*,*,#2717,.T.);
#519=ORIENTED_EDGE('',*,*,#2718,.T.);
#520=ORIENTED_EDGE('',*,*,#2719,.T.);
#521=ORIENTED_EDGE('',*,*,#2720,.T.);
#522=ORIENTED_EDGE('',*,*,#2599,.T.);
#523=ORIENTED_EDGE('',*,*,#2721,.T.);
#524=ORIENTED_EDGE('',*,*,#2722,.T.);
#525=ORIENTED_EDGE('',*,*,#2604,.T.);
#526=ORIENTED_EDGE('',*,*,#2723,.T.);
#527=ORIENTED_EDGE('',*,*,#2724,.T.);
#528=ORIENTED_EDGE('',*,*,#2725,.T.);
#529=ORIENTED_EDGE('',*,*,#2726,.T.);
#530=ORIENTED_EDGE('',*,*,#2727,.T.);
#531=ORIENTED_EDGE('',*,*,#2728,.F.);
#532=ORIENTED_EDGE('',*,*,#2729,.T.);
#533=ORIENTED_EDGE('',*,*,#2730,.T.);
#534=ORIENTED_EDGE('',*,*,#2731,.T.);
#535=ORIENTED_EDGE('',*,*,#2732,.F.);
#536=ORIENTED_EDGE('',*,*,#2733,.F.);
#537=ORIENTED_EDGE('',*,*,#2734,.F.);
#538=ORIENTED_EDGE('',*,*,#2735,.T.);
#539=ORIENTED_EDGE('',*,*,#2736,.T.);
#540=ORIENTED_EDGE('',*,*,#2737,.T.);
#541=ORIENTED_EDGE('',*,*,#2738,.T.);
#542=ORIENTED_EDGE('',*,*,#2739,.T.);
#543=ORIENTED_EDGE('',*,*,#2740,.T.);
#544=ORIENTED_EDGE('',*,*,#2741,.T.);
#545=ORIENTED_EDGE('',*,*,#2742,.T.);
#546=ORIENTED_EDGE('',*,*,#2743,.T.);
#547=ORIENTED_EDGE('',*,*,#2744,.T.);
#548=ORIENTED_EDGE('',*,*,#2745,.T.);
#549=ORIENTED_EDGE('',*,*,#2746,.T.);
#550=ORIENTED_EDGE('',*,*,#2747,.T.);
#551=ORIENTED_EDGE('',*,*,#2748,.T.);
#552=ORIENTED_EDGE('',*,*,#2749,.T.);
#553=ORIENTED_EDGE('',*,*,#2750,.T.);
#554=ORIENTED_EDGE('',*,*,#2751,.F.);
#555=ORIENTED_EDGE('',*,*,#2752,.T.);
#556=ORIENTED_EDGE('',*,*,#2753,.T.);
#557=ORIENTED_EDGE('',*,*,#2754,.T.);
#558=ORIENTED_EDGE('',*,*,#2755,.T.);
#559=ORIENTED_EDGE('',*,*,#2756,.T.);
#560=ORIENTED_EDGE('',*,*,#2754,.F.);
#561=ORIENTED_EDGE('',*,*,#2757,.T.);
#562=ORIENTED_EDGE('',*,*,#2758,.T.);
#563=ORIENTED_EDGE('',*,*,#2759,.T.);
#564=ORIENTED_EDGE('',*,*,#2760,.T.);
#565=ORIENTED_EDGE('',*,*,#2761,.T.);
#566=ORIENTED_EDGE('',*,*,#2762,.T.);
#567=ORIENTED_EDGE('',*,*,#2763,.T.);
#568=ORIENTED_EDGE('',*,*,#2732,.T.);
#569=ORIENTED_EDGE('',*,*,#2764,.T.);
#570=ORIENTED_EDGE('',*,*,#2765,.T.);
#571=ORIENTED_EDGE('',*,*,#2766,.T.);
#572=ORIENTED_EDGE('',*,*,#2767,.T.);
#573=ORIENTED_EDGE('',*,*,#2725,.F.);
#574=ORIENTED_EDGE('',*,*,#2768,.T.);
#575=ORIENTED_EDGE('',*,*,#2769,.T.);
#576=ORIENTED_EDGE('',*,*,#2770,.T.);
#577=ORIENTED_EDGE('',*,*,#2733,.T.);
#578=ORIENTED_EDGE('',*,*,#2769,.F.);
#579=ORIENTED_EDGE('',*,*,#2771,.T.);
#580=ORIENTED_EDGE('',*,*,#2772,.T.);
#581=ORIENTED_EDGE('',*,*,#2773,.T.);
#582=ORIENTED_EDGE('',*,*,#2687,.T.);
#583=ORIENTED_EDGE('',*,*,#2774,.T.);
#584=ORIENTED_EDGE('',*,*,#2772,.F.);
#585=ORIENTED_EDGE('',*,*,#2775,.T.);
#586=ORIENTED_EDGE('',*,*,#2655,.F.);
#587=ORIENTED_EDGE('',*,*,#2685,.F.);
#588=ORIENTED_EDGE('',*,*,#2776,.T.);
#589=ORIENTED_EDGE('',*,*,#2777,.T.);
#590=ORIENTED_EDGE('',*,*,#2638,.T.);
#591=ORIENTED_EDGE('',*,*,#2778,.T.);
#592=ORIENTED_EDGE('',*,*,#2779,.T.);
#593=ORIENTED_EDGE('',*,*,#2780,.T.);
#594=ORIENTED_EDGE('',*,*,#2728,.T.);
#595=ORIENTED_EDGE('',*,*,#2781,.T.);
#596=ORIENTED_EDGE('',*,*,#2782,.T.);
#597=ORIENTED_EDGE('',*,*,#2783,.T.);
#598=ORIENTED_EDGE('',*,*,#2784,.T.);
#599=ORIENTED_EDGE('',*,*,#2785,.T.);
#600=ORIENTED_EDGE('',*,*,#2786,.T.);
#601=ORIENTED_EDGE('',*,*,#2787,.T.);
#602=ORIENTED_EDGE('',*,*,#2788,.T.);
#603=ORIENTED_EDGE('',*,*,#2789,.T.);
#604=ORIENTED_EDGE('',*,*,#2790,.T.);
#605=ORIENTED_EDGE('',*,*,#2791,.T.);
#606=ORIENTED_EDGE('',*,*,#2792,.F.);
#607=ORIENTED_EDGE('',*,*,#2793,.T.);
#608=ORIENTED_EDGE('',*,*,#2794,.T.);
#609=ORIENTED_EDGE('',*,*,#2795,.T.);
#610=ORIENTED_EDGE('',*,*,#2796,.T.);
#611=ORIENTED_EDGE('',*,*,#2797,.T.);
#612=ORIENTED_EDGE('',*,*,#2798,.T.);
#613=ORIENTED_EDGE('',*,*,#2799,.F.);
#614=ORIENTED_EDGE('',*,*,#2800,.T.);
#615=ORIENTED_EDGE('',*,*,#2801,.T.);
#616=ORIENTED_EDGE('',*,*,#2802,.T.);
#617=ORIENTED_EDGE('',*,*,#2803,.T.);
#618=ORIENTED_EDGE('',*,*,#2804,.T.);
#619=ORIENTED_EDGE('',*,*,#2805,.T.);
#620=ORIENTED_EDGE('',*,*,#2806,.T.);
#621=ORIENTED_EDGE('',*,*,#2807,.T.);
#622=ORIENTED_EDGE('',*,*,#2751,.T.);
#623=ORIENTED_EDGE('',*,*,#2639,.T.);
#624=ORIENTED_EDGE('',*,*,#2808,.T.);
#625=ORIENTED_EDGE('',*,*,#2809,.T.);
#626=ORIENTED_EDGE('',*,*,#2810,.T.);
#627=ORIENTED_EDGE('',*,*,#2811,.T.);
#628=ORIENTED_EDGE('',*,*,#2597,.F.);
#629=ORIENTED_EDGE('',*,*,#2812,.T.);
#630=ORIENTED_EDGE('',*,*,#2692,.F.);
#631=ORIENTED_EDGE('',*,*,#2813,.T.);
#632=ORIENTED_EDGE('',*,*,#2814,.T.);
#633=ORIENTED_EDGE('',*,*,#2815,.T.);
#634=ORIENTED_EDGE('',*,*,#2816,.T.);
#635=ORIENTED_EDGE('',*,*,#2756,.F.);
#636=ORIENTED_EDGE('',*,*,#2682,.F.);
#637=ORIENTED_EDGE('',*,*,#2813,.F.);
#638=ORIENTED_EDGE('',*,*,#2730,.F.);
#639=ORIENTED_EDGE('',*,*,#2817,.T.);
#640=ORIENTED_EDGE('',*,*,#2818,.T.);
#641=ORIENTED_EDGE('',*,*,#2819,.T.);
#642=ORIENTED_EDGE('',*,*,#2820,.T.);
#643=ORIENTED_EDGE('',*,*,#2821,.T.);
#644=ORIENTED_EDGE('',*,*,#2822,.T.);
#645=ORIENTED_EDGE('',*,*,#2823,.T.);
#646=ORIENTED_EDGE('',*,*,#2824,.T.);
#647=ORIENTED_EDGE('',*,*,#2825,.T.);
#648=ORIENTED_EDGE('',*,*,#2826,.T.);
#649=ORIENTED_EDGE('',*,*,#2734,.T.);
#650=ORIENTED_EDGE('',*,*,#2827,.T.);
#651=ORIENTED_EDGE('',*,*,#2727,.F.);
#652=ORIENTED_EDGE('',*,*,#2824,.F.);
#653=ORIENTED_EDGE('',*,*,#2828,.T.);
#654=ORIENTED_EDGE('',*,*,#2829,.T.);
#655=ORIENTED_EDGE('',*,*,#2830,.F.);
#656=ORIENTED_EDGE('',*,*,#2831,.T.);
#657=ORIENTED_EDGE('',*,*,#2832,.T.);
#658=ORIENTED_EDGE('',*,*,#2690,.T.);
#659=ORIENTED_EDGE('',*,*,#2833,.T.);
#660=ORIENTED_EDGE('',*,*,#2834,.T.);
#661=ORIENTED_EDGE('',*,*,#2547,.T.);
#662=ORIENTED_EDGE('',*,*,#2835,.T.);
#663=ORIENTED_EDGE('',*,*,#2836,.F.);
#664=ORIENTED_EDGE('',*,*,#2837,.T.);
#665=ORIENTED_EDGE('',*,*,#2838,.T.);
#666=ORIENTED_EDGE('',*,*,#2688,.F.);
#667=ORIENTED_EDGE('',*,*,#2839,.T.);
#668=ORIENTED_EDGE('',*,*,#2840,.T.);
#669=ORIENTED_EDGE('',*,*,#2841,.T.);
#670=ORIENTED_EDGE('',*,*,#2842,.T.);
#671=ORIENTED_EDGE('',*,*,#2843,.T.);
#672=ORIENTED_EDGE('',*,*,#2844,.T.);
#673=ORIENTED_EDGE('',*,*,#2845,.T.);
#674=ORIENTED_EDGE('',*,*,#2846,.F.);
#675=ORIENTED_EDGE('',*,*,#2847,.T.);
#676=ORIENTED_EDGE('',*,*,#2848,.T.);
#677=ORIENTED_EDGE('',*,*,#2849,.T.);
#678=ORIENTED_EDGE('',*,*,#2850,.T.);
#679=ORIENTED_EDGE('',*,*,#2851,.T.);
#680=ORIENTED_EDGE('',*,*,#2852,.T.);
#681=ORIENTED_EDGE('',*,*,#2853,.F.);
#682=ORIENTED_EDGE('',*,*,#2854,.F.);
#683=ORIENTED_EDGE('',*,*,#2854,.T.);
#684=ORIENTED_EDGE('',*,*,#2700,.F.);
#685=ORIENTED_EDGE('',*,*,#2855,.F.);
#686=ORIENTED_EDGE('',*,*,#2855,.T.);
#687=ORIENTED_EDGE('',*,*,#2704,.F.);
#688=ORIENTED_EDGE('',*,*,#2699,.F.);
#689=ORIENTED_EDGE('',*,*,#2856,.T.);
#690=ORIENTED_EDGE('',*,*,#2752,.F.);
#691=ORIENTED_EDGE('',*,*,#2857,.F.);
#692=ORIENTED_EDGE('',*,*,#2816,.F.);
#693=ORIENTED_EDGE('',*,*,#2858,.T.);
#694=ORIENTED_EDGE('',*,*,#2808,.F.);
#695=ORIENTED_EDGE('',*,*,#2691,.F.);
#696=ORIENTED_EDGE('',*,*,#2857,.T.);
#697=ORIENTED_EDGE('',*,*,#2696,.F.);
#698=ORIENTED_EDGE('',*,*,#2859,.T.);
#699=ORIENTED_EDGE('',*,*,#2860,.T.);
#700=ORIENTED_EDGE('',*,*,#2840,.F.);
#701=ORIENTED_EDGE('',*,*,#2861,.T.);
#702=ORIENTED_EDGE('',*,*,#2830,.T.);
#703=ORIENTED_EDGE('',*,*,#2862,.T.);
#704=ORIENTED_EDGE('',*,*,#2863,.T.);
#705=ORIENTED_EDGE('',*,*,#2860,.F.);
#706=ORIENTED_EDGE('',*,*,#2864,.T.);
#707=ORIENTED_EDGE('',*,*,#2865,.T.);
#708=ORIENTED_EDGE('',*,*,#2866,.T.);
#709=ORIENTED_EDGE('',*,*,#2867,.T.);
#710=ORIENTED_EDGE('',*,*,#2841,.F.);
#711=ORIENTED_EDGE('',*,*,#2863,.F.);
#712=ORIENTED_EDGE('',*,*,#2868,.T.);
#713=ORIENTED_EDGE('',*,*,#2869,.F.);
#714=ORIENTED_EDGE('',*,*,#2870,.T.);
#715=ORIENTED_EDGE('',*,*,#2871,.T.);
#716=ORIENTED_EDGE('',*,*,#2832,.F.);
#717=ORIENTED_EDGE('',*,*,#2872,.T.);
#718=ORIENTED_EDGE('',*,*,#2873,.T.);
#719=ORIENTED_EDGE('',*,*,#2874,.F.);
#720=ORIENTED_EDGE('',*,*,#2874,.T.);
#721=ORIENTED_EDGE('',*,*,#2875,.T.);
#722=ORIENTED_EDGE('',*,*,#2876,.T.);
#723=ORIENTED_EDGE('',*,*,#2683,.F.);
#724=ORIENTED_EDGE('',*,*,#2877,.T.);
#725=ORIENTED_EDGE('',*,*,#2878,.T.);
#726=ORIENTED_EDGE('',*,*,#2632,.F.);
#727=ORIENTED_EDGE('',*,*,#2777,.F.);
#728=ORIENTED_EDGE('',*,*,#2879,.T.);
#729=ORIENTED_EDGE('',*,*,#2880,.T.);
#730=ORIENTED_EDGE('',*,*,#2881,.T.);
#731=ORIENTED_EDGE('',*,*,#2662,.F.);
#732=ORIENTED_EDGE('',*,*,#2882,.T.);
#733=ORIENTED_EDGE('',*,*,#2634,.T.);
#734=ORIENTED_EDGE('',*,*,#2836,.T.);
#735=ORIENTED_EDGE('',*,*,#2883,.T.);
#736=ORIENTED_EDGE('',*,*,#2622,.F.);
#737=ORIENTED_EDGE('',*,*,#2884,.T.);
#738=ORIENTED_EDGE('',*,*,#2885,.T.);
#739=ORIENTED_EDGE('',*,*,#2886,.T.);
#740=ORIENTED_EDGE('',*,*,#2711,.F.);
#741=ORIENTED_EDGE('',*,*,#2887,.T.);
#742=ORIENTED_EDGE('',*,*,#2888,.T.);
#743=ORIENTED_EDGE('',*,*,#2889,.T.);
#744=ORIENTED_EDGE('',*,*,#2888,.F.);
#745=ORIENTED_EDGE('',*,*,#2890,.T.);
#746=ORIENTED_EDGE('',*,*,#2707,.T.);
#747=ORIENTED_EDGE('',*,*,#2891,.T.);
#748=ORIENTED_EDGE('',*,*,#2709,.T.);
#749=ORIENTED_EDGE('',*,*,#2892,.T.);
#750=ORIENTED_EDGE('',*,*,#2893,.T.);
#751=ORIENTED_EDGE('',*,*,#2894,.T.);
#752=ORIENTED_EDGE('',*,*,#2895,.T.);
#753=ORIENTED_EDGE('',*,*,#2896,.T.);
#754=ORIENTED_EDGE('',*,*,#2897,.T.);
#755=ORIENTED_EDGE('',*,*,#2898,.T.);
#756=ORIENTED_EDGE('',*,*,#2899,.T.);
#757=ORIENTED_EDGE('',*,*,#2900,.T.);
#758=ORIENTED_EDGE('',*,*,#2901,.T.);
#759=ORIENTED_EDGE('',*,*,#2902,.T.);
#760=ORIENTED_EDGE('',*,*,#2903,.T.);
#761=ORIENTED_EDGE('',*,*,#2904,.F.);
#762=ORIENTED_EDGE('',*,*,#2905,.F.);
#763=ORIENTED_EDGE('',*,*,#2906,.T.);
#764=ORIENTED_EDGE('',*,*,#2907,.T.);
#765=ORIENTED_EDGE('',*,*,#2908,.T.);
#766=ORIENTED_EDGE('',*,*,#2909,.T.);
#767=ORIENTED_EDGE('',*,*,#2910,.T.);
#768=ORIENTED_EDGE('',*,*,#2911,.T.);
#769=ORIENTED_EDGE('',*,*,#2912,.T.);
#770=ORIENTED_EDGE('',*,*,#2913,.T.);
#771=ORIENTED_EDGE('',*,*,#2914,.F.);
#772=ORIENTED_EDGE('',*,*,#2915,.T.);
#773=ORIENTED_EDGE('',*,*,#2916,.T.);
#774=ORIENTED_EDGE('',*,*,#2917,.T.);
#775=ORIENTED_EDGE('',*,*,#2918,.T.);
#776=ORIENTED_EDGE('',*,*,#2919,.T.);
#777=ORIENTED_EDGE('',*,*,#2920,.T.);
#778=ORIENTED_EDGE('',*,*,#2921,.F.);
#779=ORIENTED_EDGE('',*,*,#2922,.T.);
#780=ORIENTED_EDGE('',*,*,#2923,.T.);
#781=ORIENTED_EDGE('',*,*,#2924,.T.);
#782=ORIENTED_EDGE('',*,*,#2925,.T.);
#783=ORIENTED_EDGE('',*,*,#2926,.T.);
#784=ORIENTED_EDGE('',*,*,#2927,.T.);
#785=ORIENTED_EDGE('',*,*,#2928,.T.);
#786=ORIENTED_EDGE('',*,*,#2929,.T.);
#787=ORIENTED_EDGE('',*,*,#2930,.F.);
#788=ORIENTED_EDGE('',*,*,#2931,.T.);
#789=ORIENTED_EDGE('',*,*,#2932,.T.);
#790=ORIENTED_EDGE('',*,*,#2926,.F.);
#791=ORIENTED_EDGE('',*,*,#2933,.T.);
#792=ORIENTED_EDGE('',*,*,#2558,.F.);
#793=ORIENTED_EDGE('',*,*,#2930,.T.);
#794=ORIENTED_EDGE('',*,*,#2934,.F.);
#795=ORIENTED_EDGE('',*,*,#2773,.F.);
#796=ORIENTED_EDGE('',*,*,#2935,.F.);
#797=ORIENTED_EDGE('',*,*,#2803,.F.);
#798=ORIENTED_EDGE('',*,*,#2935,.T.);
#799=ORIENTED_EDGE('',*,*,#2774,.F.);
#800=ORIENTED_EDGE('',*,*,#2936,.F.);
#801=ORIENTED_EDGE('',*,*,#2804,.F.);
#802=ORIENTED_EDGE('',*,*,#2934,.T.);
#803=ORIENTED_EDGE('',*,*,#2802,.F.);
#804=ORIENTED_EDGE('',*,*,#2937,.F.);
#805=ORIENTED_EDGE('',*,*,#2770,.F.);
#806=ORIENTED_EDGE('',*,*,#2936,.T.);
#807=ORIENTED_EDGE('',*,*,#2686,.F.);
#808=ORIENTED_EDGE('',*,*,#2938,.F.);
#809=ORIENTED_EDGE('',*,*,#2805,.F.);
#810=ORIENTED_EDGE('',*,*,#2937,.T.);
#811=ORIENTED_EDGE('',*,*,#2801,.F.);
#812=ORIENTED_EDGE('',*,*,#2939,.F.);
#813=ORIENTED_EDGE('',*,*,#2726,.F.);
#814=ORIENTED_EDGE('',*,*,#2775,.F.);
#815=ORIENTED_EDGE('',*,*,#2771,.F.);
#816=ORIENTED_EDGE('',*,*,#2940,.F.);
#817=ORIENTED_EDGE('',*,*,#2656,.F.);
#818=ORIENTED_EDGE('',*,*,#2938,.T.);
#819=ORIENTED_EDGE('',*,*,#2778,.F.);
#820=ORIENTED_EDGE('',*,*,#2941,.F.);
#821=ORIENTED_EDGE('',*,*,#2806,.F.);
#822=ORIENTED_EDGE('',*,*,#2942,.F.);
#823=ORIENTED_EDGE('',*,*,#2939,.T.);
#824=ORIENTED_EDGE('',*,*,#2943,.F.);
#825=ORIENTED_EDGE('',*,*,#2940,.T.);
#826=ORIENTED_EDGE('',*,*,#2768,.F.);
#827=ORIENTED_EDGE('',*,*,#2944,.F.);
#828=ORIENTED_EDGE('',*,*,#2657,.F.);
#829=ORIENTED_EDGE('',*,*,#2941,.T.);
#830=ORIENTED_EDGE('',*,*,#2637,.F.);
#831=ORIENTED_EDGE('',*,*,#2945,.F.);
#832=ORIENTED_EDGE('',*,*,#2807,.F.);
#833=ORIENTED_EDGE('',*,*,#2943,.T.);
#834=ORIENTED_EDGE('',*,*,#2800,.F.);
#835=ORIENTED_EDGE('',*,*,#2946,.F.);
#836=ORIENTED_EDGE('',*,*,#2766,.F.);
#837=ORIENTED_EDGE('',*,*,#2942,.T.);
#838=ORIENTED_EDGE('',*,*,#2765,.F.);
#839=ORIENTED_EDGE('',*,*,#2947,.F.);
#840=ORIENTED_EDGE('',*,*,#2723,.F.);
#841=ORIENTED_EDGE('',*,*,#2944,.T.);
#842=ORIENTED_EDGE('',*,*,#2724,.F.);
#843=ORIENTED_EDGE('',*,*,#2948,.F.);
#844=ORIENTED_EDGE('',*,*,#2658,.F.);
#845=ORIENTED_EDGE('',*,*,#2799,.T.);
#846=ORIENTED_EDGE('',*,*,#2945,.T.);
#847=ORIENTED_EDGE('',*,*,#2949,.F.);
#848=ORIENTED_EDGE('',*,*,#2946,.T.);
#849=ORIENTED_EDGE('',*,*,#2948,.T.);
#850=ORIENTED_EDGE('',*,*,#2947,.T.);
#851=ORIENTED_EDGE('',*,*,#2950,.F.);
#852=ORIENTED_EDGE('',*,*,#2949,.T.);
#853=ORIENTED_EDGE('',*,*,#2636,.F.);
#854=ORIENTED_EDGE('',*,*,#2951,.F.);
#855=ORIENTED_EDGE('',*,*,#2767,.F.);
#856=ORIENTED_EDGE('',*,*,#2950,.T.);
#857=ORIENTED_EDGE('',*,*,#2764,.F.);
#858=ORIENTED_EDGE('',*,*,#2952,.F.);
#859=ORIENTED_EDGE('',*,*,#2659,.F.);
#860=ORIENTED_EDGE('',*,*,#2952,.T.);
#861=ORIENTED_EDGE('',*,*,#2951,.T.);
#862=ORIENTED_EDGE('',*,*,#2953,.F.);
#863=ORIENTED_EDGE('',*,*,#2660,.T.);
#864=ORIENTED_EDGE('',*,*,#2953,.T.);
#865=ORIENTED_EDGE('',*,*,#2635,.F.);
#866=ORIENTED_EDGE('',*,*,#2882,.F.);
#867=ORIENTED_EDGE('',*,*,#2661,.F.);
#868=ORIENTED_EDGE('',*,*,#2954,.F.);
#869=ORIENTED_EDGE('',*,*,#2903,.F.);
#870=ORIENTED_EDGE('',*,*,#2955,.F.);
#871=ORIENTED_EDGE('',*,*,#2932,.F.);
#872=ORIENTED_EDGE('',*,*,#2955,.T.);
#873=ORIENTED_EDGE('',*,*,#2902,.F.);
#874=ORIENTED_EDGE('',*,*,#2956,.F.);
#875=ORIENTED_EDGE('',*,*,#2927,.F.);
#876=ORIENTED_EDGE('',*,*,#2904,.T.);
#877=ORIENTED_EDGE('',*,*,#2954,.T.);
#878=ORIENTED_EDGE('',*,*,#2957,.F.);
#879=ORIENTED_EDGE('',*,*,#2958,.F.);
#880=ORIENTED_EDGE('',*,*,#2905,.T.);
#881=ORIENTED_EDGE('',*,*,#2959,.F.);
#882=ORIENTED_EDGE('',*,*,#2960,.F.);
#883=ORIENTED_EDGE('',*,*,#2956,.T.);
#884=ORIENTED_EDGE('',*,*,#2960,.T.);
#885=ORIENTED_EDGE('',*,*,#2561,.F.);
#886=ORIENTED_EDGE('',*,*,#2961,.F.);
#887=ORIENTED_EDGE('',*,*,#2928,.F.);
#888=ORIENTED_EDGE('',*,*,#2962,.F.);
#889=ORIENTED_EDGE('',*,*,#2916,.F.);
#890=ORIENTED_EDGE('',*,*,#2963,.F.);
#891=ORIENTED_EDGE('',*,*,#2929,.F.);
#892=ORIENTED_EDGE('',*,*,#2963,.T.);
#893=ORIENTED_EDGE('',*,*,#2915,.F.);
#894=ORIENTED_EDGE('',*,*,#2964,.F.);
#895=ORIENTED_EDGE('',*,*,#2933,.F.);
#896=ORIENTED_EDGE('',*,*,#2957,.T.);
#897=ORIENTED_EDGE('',*,*,#2931,.F.);
#898=ORIENTED_EDGE('',*,*,#2965,.F.);
#899=ORIENTED_EDGE('',*,*,#2911,.F.);
#900=ORIENTED_EDGE('',*,*,#2958,.T.);
#901=ORIENTED_EDGE('',*,*,#2910,.F.);
#902=ORIENTED_EDGE('',*,*,#2966,.F.);
#903=ORIENTED_EDGE('',*,*,#2906,.F.);
#904=ORIENTED_EDGE('',*,*,#2959,.T.);
#905=ORIENTED_EDGE('',*,*,#2909,.F.);
#906=ORIENTED_EDGE('',*,*,#2967,.F.);
#907=ORIENTED_EDGE('',*,*,#2562,.F.);
#908=ORIENTED_EDGE('',*,*,#2962,.T.);
#909=ORIENTED_EDGE('',*,*,#2961,.T.);
#910=ORIENTED_EDGE('',*,*,#2968,.F.);
#911=ORIENTED_EDGE('',*,*,#2914,.T.);
#912=ORIENTED_EDGE('',*,*,#2921,.T.);
#913=ORIENTED_EDGE('',*,*,#2969,.F.);
#914=ORIENTED_EDGE('',*,*,#2965,.T.);
#915=ORIENTED_EDGE('',*,*,#2964,.T.);
#916=ORIENTED_EDGE('',*,*,#2970,.F.);
#917=ORIENTED_EDGE('',*,*,#2966,.T.);
#918=ORIENTED_EDGE('',*,*,#2971,.F.);
#919=ORIENTED_EDGE('',*,*,#2972,.F.);
#920=ORIENTED_EDGE('',*,*,#2967,.T.);
#921=ORIENTED_EDGE('',*,*,#2973,.F.);
#922=ORIENTED_EDGE('',*,*,#2968,.T.);
#923=ORIENTED_EDGE('',*,*,#2560,.F.);
#924=ORIENTED_EDGE('',*,*,#2974,.F.);
#925=ORIENTED_EDGE('',*,*,#2917,.F.);
#926=ORIENTED_EDGE('',*,*,#2969,.T.);
#927=ORIENTED_EDGE('',*,*,#2920,.F.);
#928=ORIENTED_EDGE('',*,*,#2975,.F.);
#929=ORIENTED_EDGE('',*,*,#2912,.F.);
#930=ORIENTED_EDGE('',*,*,#2971,.T.);
#931=ORIENTED_EDGE('',*,*,#2913,.F.);
#932=ORIENTED_EDGE('',*,*,#2976,.F.);
#933=ORIENTED_EDGE('',*,*,#2620,.F.);
#934=ORIENTED_EDGE('',*,*,#2970,.T.);
#935=ORIENTED_EDGE('',*,*,#2619,.F.);
#936=ORIENTED_EDGE('',*,*,#2977,.F.);
#937=ORIENTED_EDGE('',*,*,#2907,.F.);
#938=ORIENTED_EDGE('',*,*,#2973,.T.);
#939=ORIENTED_EDGE('',*,*,#2908,.F.);
#940=ORIENTED_EDGE('',*,*,#2978,.F.);
#941=ORIENTED_EDGE('',*,*,#2899,.F.);
#942=ORIENTED_EDGE('',*,*,#2972,.T.);
#943=ORIENTED_EDGE('',*,*,#2898,.F.);
#944=ORIENTED_EDGE('',*,*,#2979,.F.);
#945=ORIENTED_EDGE('',*,*,#2563,.F.);
#946=ORIENTED_EDGE('',*,*,#2974,.T.);
#947=ORIENTED_EDGE('',*,*,#2559,.T.);
#948=ORIENTED_EDGE('',*,*,#2980,.F.);
#949=ORIENTED_EDGE('',*,*,#2981,.F.);
#950=ORIENTED_EDGE('',*,*,#2976,.T.);
#951=ORIENTED_EDGE('',*,*,#2975,.T.);
#952=ORIENTED_EDGE('',*,*,#2982,.F.);
#953=ORIENTED_EDGE('',*,*,#2978,.T.);
#954=ORIENTED_EDGE('',*,*,#2977,.T.);
#955=ORIENTED_EDGE('',*,*,#2983,.F.);
#956=ORIENTED_EDGE('',*,*,#2564,.T.);
#957=ORIENTED_EDGE('',*,*,#2979,.T.);
#958=ORIENTED_EDGE('',*,*,#2984,.F.);
#959=ORIENTED_EDGE('',*,*,#2985,.F.);
#960=ORIENTED_EDGE('',*,*,#2603,.F.);
#961=ORIENTED_EDGE('',*,*,#2583,.F.);
#962=ORIENTED_EDGE('',*,*,#2986,.F.);
#963=ORIENTED_EDGE('',*,*,#2585,.F.);
#964=ORIENTED_EDGE('',*,*,#2582,.T.);
#965=ORIENTED_EDGE('',*,*,#2581,.T.);
#966=ORIENTED_EDGE('',*,*,#2987,.F.);
#967=ORIENTED_EDGE('',*,*,#2988,.F.);
#968=ORIENTED_EDGE('',*,*,#2986,.T.);
#969=ORIENTED_EDGE('',*,*,#2987,.T.);
#970=ORIENTED_EDGE('',*,*,#2580,.F.);
#971=ORIENTED_EDGE('',*,*,#2989,.F.);
#972=ORIENTED_EDGE('',*,*,#2567,.F.);
#973=ORIENTED_EDGE('',*,*,#2980,.T.);
#974=ORIENTED_EDGE('',*,*,#2568,.F.);
#975=ORIENTED_EDGE('',*,*,#2990,.F.);
#976=ORIENTED_EDGE('',*,*,#2922,.F.);
#977=ORIENTED_EDGE('',*,*,#2981,.T.);
#978=ORIENTED_EDGE('',*,*,#2925,.F.);
#979=ORIENTED_EDGE('',*,*,#2991,.F.);
#980=ORIENTED_EDGE('',*,*,#2918,.F.);
#981=ORIENTED_EDGE('',*,*,#2982,.T.);
#982=ORIENTED_EDGE('',*,*,#2919,.F.);
#983=ORIENTED_EDGE('',*,*,#2992,.F.);
#984=ORIENTED_EDGE('',*,*,#2621,.F.);
#985=ORIENTED_EDGE('',*,*,#2983,.T.);
#986=ORIENTED_EDGE('',*,*,#2618,.F.);
#987=ORIENTED_EDGE('',*,*,#2993,.F.);
#988=ORIENTED_EDGE('',*,*,#2900,.F.);
#989=ORIENTED_EDGE('',*,*,#2984,.T.);
#990=ORIENTED_EDGE('',*,*,#2901,.F.);
#991=ORIENTED_EDGE('',*,*,#2994,.F.);
#992=ORIENTED_EDGE('',*,*,#2897,.F.);
#993=ORIENTED_EDGE('',*,*,#2985,.T.);
#994=ORIENTED_EDGE('',*,*,#2896,.F.);
#995=ORIENTED_EDGE('',*,*,#2995,.F.);
#996=ORIENTED_EDGE('',*,*,#2565,.F.);
#997=ORIENTED_EDGE('',*,*,#2988,.T.);
#998=ORIENTED_EDGE('',*,*,#2566,.F.);
#999=ORIENTED_EDGE('',*,*,#2996,.F.);
#1000=ORIENTED_EDGE('',*,*,#2586,.F.);
#1001=ORIENTED_EDGE('',*,*,#2698,.F.);
#1002=ORIENTED_EDGE('',*,*,#2651,.F.);
#1003=ORIENTED_EDGE('',*,*,#2997,.F.);
#1004=ORIENTED_EDGE('',*,*,#2753,.F.);
#1005=ORIENTED_EDGE('',*,*,#2856,.F.);
#1006=ORIENTED_EDGE('',*,*,#2990,.T.);
#1007=ORIENTED_EDGE('',*,*,#2989,.T.);
#1008=ORIENTED_EDGE('',*,*,#2998,.F.);
#1009=ORIENTED_EDGE('',*,*,#2992,.T.);
#1010=ORIENTED_EDGE('',*,*,#2991,.T.);
#1011=ORIENTED_EDGE('',*,*,#2999,.F.);
#1012=ORIENTED_EDGE('',*,*,#2612,.T.);
#1013=ORIENTED_EDGE('',*,*,#2993,.T.);
#1014=ORIENTED_EDGE('',*,*,#2617,.T.);
#1015=ORIENTED_EDGE('',*,*,#3000,.F.);
#1016=ORIENTED_EDGE('',*,*,#2994,.T.);
#1017=ORIENTED_EDGE('',*,*,#2996,.T.);
#1018=ORIENTED_EDGE('',*,*,#2995,.T.);
#1019=ORIENTED_EDGE('',*,*,#3001,.F.);
#1020=ORIENTED_EDGE('',*,*,#2588,.T.);
#1021=ORIENTED_EDGE('',*,*,#2587,.T.);
#1022=ORIENTED_EDGE('',*,*,#2997,.T.);
#1023=ORIENTED_EDGE('',*,*,#2650,.F.);
#1024=ORIENTED_EDGE('',*,*,#3002,.F.);
#1025=ORIENTED_EDGE('',*,*,#2757,.F.);
#1026=ORIENTED_EDGE('',*,*,#3003,.F.);
#1027=ORIENTED_EDGE('',*,*,#2761,.F.);
#1028=ORIENTED_EDGE('',*,*,#3004,.F.);
#1029=ORIENTED_EDGE('',*,*,#2758,.F.);
#1030=ORIENTED_EDGE('',*,*,#3005,.F.);
#1031=ORIENTED_EDGE('',*,*,#2760,.F.);
#1032=ORIENTED_EDGE('',*,*,#3006,.F.);
#1033=ORIENTED_EDGE('',*,*,#2785,.F.);
#1034=ORIENTED_EDGE('',*,*,#3004,.T.);
#1035=ORIENTED_EDGE('',*,*,#3005,.T.);
#1036=ORIENTED_EDGE('',*,*,#3007,.F.);
#1037=ORIENTED_EDGE('',*,*,#2998,.T.);
#1038=ORIENTED_EDGE('',*,*,#2579,.F.);
#1039=ORIENTED_EDGE('',*,*,#3008,.F.);
#1040=ORIENTED_EDGE('',*,*,#2923,.F.);
#1041=ORIENTED_EDGE('',*,*,#2999,.T.);
#1042=ORIENTED_EDGE('',*,*,#2924,.F.);
#1043=ORIENTED_EDGE('',*,*,#3009,.F.);
#1044=ORIENTED_EDGE('',*,*,#2613,.F.);
#1045=ORIENTED_EDGE('',*,*,#3000,.T.);
#1046=ORIENTED_EDGE('',*,*,#2616,.F.);
#1047=ORIENTED_EDGE('',*,*,#3010,.F.);
#1048=ORIENTED_EDGE('',*,*,#2894,.F.);
#1049=ORIENTED_EDGE('',*,*,#3001,.T.);
#1050=ORIENTED_EDGE('',*,*,#2895,.F.);
#1051=ORIENTED_EDGE('',*,*,#3011,.F.);
#1052=ORIENTED_EDGE('',*,*,#2589,.F.);
#1053=ORIENTED_EDGE('',*,*,#3003,.T.);
#1054=ORIENTED_EDGE('',*,*,#3002,.T.);
#1055=ORIENTED_EDGE('',*,*,#3012,.F.);
#1056=ORIENTED_EDGE('',*,*,#3013,.F.);
#1057=ORIENTED_EDGE('',*,*,#3006,.T.);
#1058=ORIENTED_EDGE('',*,*,#3014,.F.);
#1059=ORIENTED_EDGE('',*,*,#3007,.T.);
#1060=ORIENTED_EDGE('',*,*,#2784,.F.);
#1061=ORIENTED_EDGE('',*,*,#3015,.F.);
#1062=ORIENTED_EDGE('',*,*,#2759,.F.);
#1063=ORIENTED_EDGE('',*,*,#3009,.T.);
#1064=ORIENTED_EDGE('',*,*,#3008,.T.);
#1065=ORIENTED_EDGE('',*,*,#3016,.F.);
#1066=ORIENTED_EDGE('',*,*,#3011,.T.);
#1067=ORIENTED_EDGE('',*,*,#3010,.T.);
#1068=ORIENTED_EDGE('',*,*,#3017,.F.);
#1069=ORIENTED_EDGE('',*,*,#2591,.T.);
#1070=ORIENTED_EDGE('',*,*,#2590,.T.);
#1071=ORIENTED_EDGE('',*,*,#3012,.T.);
#1072=ORIENTED_EDGE('',*,*,#2672,.F.);
#1073=ORIENTED_EDGE('',*,*,#3018,.F.);
#1074=ORIENTED_EDGE('',*,*,#2762,.F.);
#1075=ORIENTED_EDGE('',*,*,#3014,.T.);
#1076=ORIENTED_EDGE('',*,*,#2763,.F.);
#1077=ORIENTED_EDGE('',*,*,#3019,.F.);
#1078=ORIENTED_EDGE('',*,*,#2779,.F.);
#1079=ORIENTED_EDGE('',*,*,#3013,.T.);
#1080=ORIENTED_EDGE('',*,*,#2781,.F.);
#1081=ORIENTED_EDGE('',*,*,#3020,.F.);
#1082=ORIENTED_EDGE('',*,*,#2786,.F.);
#1083=ORIENTED_EDGE('',*,*,#3021,.F.);
#1084=ORIENTED_EDGE('',*,*,#3022,.T.);
#1085=ORIENTED_EDGE('',*,*,#3023,.T.);
#1086=ORIENTED_EDGE('',*,*,#3024,.T.);
#1087=ORIENTED_EDGE('',*,*,#2843,.F.);
#1088=ORIENTED_EDGE('',*,*,#3015,.T.);
#1089=ORIENTED_EDGE('',*,*,#2783,.F.);
#1090=ORIENTED_EDGE('',*,*,#3025,.F.);
#1091=ORIENTED_EDGE('',*,*,#2755,.F.);
#1092=ORIENTED_EDGE('',*,*,#2885,.F.);
#1093=ORIENTED_EDGE('',*,*,#3026,.F.);
#1094=ORIENTED_EDGE('',*,*,#2705,.F.);
#1095=ORIENTED_EDGE('',*,*,#3027,.F.);
#1096=ORIENTED_EDGE('',*,*,#2884,.F.);
#1097=ORIENTED_EDGE('',*,*,#2627,.F.);
#1098=ORIENTED_EDGE('',*,*,#3028,.F.);
#1099=ORIENTED_EDGE('',*,*,#2706,.F.);
#1100=ORIENTED_EDGE('',*,*,#3026,.T.);
#1101=ORIENTED_EDGE('',*,*,#2570,.F.);
#1102=ORIENTED_EDGE('',*,*,#2602,.F.);
#1103=ORIENTED_EDGE('',*,*,#3029,.F.);
#1104=ORIENTED_EDGE('',*,*,#2871,.F.);
#1105=ORIENTED_EDGE('',*,*,#3030,.T.);
#1106=ORIENTED_EDGE('',*,*,#3031,.F.);
#1107=ORIENTED_EDGE('',*,*,#3016,.T.);
#1108=ORIENTED_EDGE('',*,*,#2578,.F.);
#1109=ORIENTED_EDGE('',*,*,#3032,.F.);
#1110=ORIENTED_EDGE('',*,*,#2614,.F.);
#1111=ORIENTED_EDGE('',*,*,#3017,.T.);
#1112=ORIENTED_EDGE('',*,*,#2615,.F.);
#1113=ORIENTED_EDGE('',*,*,#3033,.F.);
#1114=ORIENTED_EDGE('',*,*,#2592,.F.);
#1115=ORIENTED_EDGE('',*,*,#3019,.T.);
#1116=ORIENTED_EDGE('',*,*,#3018,.T.);
#1117=ORIENTED_EDGE('',*,*,#3034,.F.);
#1118=ORIENTED_EDGE('',*,*,#3020,.T.);
#1119=ORIENTED_EDGE('',*,*,#2731,.F.);
#1120=ORIENTED_EDGE('',*,*,#3035,.F.);
#1121=ORIENTED_EDGE('',*,*,#2787,.F.);
#1122=ORIENTED_EDGE('',*,*,#3025,.T.);
#1123=ORIENTED_EDGE('',*,*,#2782,.F.);
#1124=ORIENTED_EDGE('',*,*,#3036,.F.);
#1125=ORIENTED_EDGE('',*,*,#2814,.F.);
#1126=ORIENTED_EDGE('',*,*,#2858,.F.);
#1127=ORIENTED_EDGE('',*,*,#2815,.F.);
#1128=ORIENTED_EDGE('',*,*,#3037,.F.);
#1129=ORIENTED_EDGE('',*,*,#2809,.F.);
#1130=ORIENTED_EDGE('',*,*,#3029,.T.);
#1131=ORIENTED_EDGE('',*,*,#2601,.F.);
#1132=ORIENTED_EDGE('',*,*,#3038,.F.);
#1133=ORIENTED_EDGE('',*,*,#2678,.F.);
#1134=ORIENTED_EDGE('',*,*,#3039,.T.);
#1135=ORIENTED_EDGE('',*,*,#2630,.F.);
#1136=ORIENTED_EDGE('',*,*,#3040,.T.);
#1137=ORIENTED_EDGE('',*,*,#2866,.F.);
#1138=ORIENTED_EDGE('',*,*,#3031,.T.);
#1139=ORIENTED_EDGE('',*,*,#3041,.T.);
#1140=ORIENTED_EDGE('',*,*,#3021,.T.);
#1141=ORIENTED_EDGE('',*,*,#2853,.T.);
#1142=ORIENTED_EDGE('',*,*,#3042,.F.);
#1143=ORIENTED_EDGE('',*,*,#3027,.T.);
#1144=ORIENTED_EDGE('',*,*,#2720,.F.);
#1145=ORIENTED_EDGE('',*,*,#3043,.F.);
#1146=ORIENTED_EDGE('',*,*,#2837,.F.);
#1147=ORIENTED_EDGE('',*,*,#2886,.F.);
#1148=ORIENTED_EDGE('',*,*,#3044,.F.);
#1149=ORIENTED_EDGE('',*,*,#2838,.F.);
#1150=ORIENTED_EDGE('',*,*,#3045,.F.);
#1151=ORIENTED_EDGE('',*,*,#2573,.F.);
#1152=ORIENTED_EDGE('',*,*,#3028,.T.);
#1153=ORIENTED_EDGE('',*,*,#2626,.F.);
#1154=ORIENTED_EDGE('',*,*,#3046,.F.);
#1155=ORIENTED_EDGE('',*,*,#2891,.F.);
#1156=ORIENTED_EDGE('',*,*,#3045,.T.);
#1157=ORIENTED_EDGE('',*,*,#3043,.T.);
#1158=ORIENTED_EDGE('',*,*,#3047,.F.);
#1159=ORIENTED_EDGE('',*,*,#2577,.T.);
#1160=ORIENTED_EDGE('',*,*,#2576,.T.);
#1161=ORIENTED_EDGE('',*,*,#3048,.F.);
#1162=ORIENTED_EDGE('',*,*,#3033,.T.);
#1163=ORIENTED_EDGE('',*,*,#3032,.T.);
#1164=ORIENTED_EDGE('',*,*,#3034,.T.);
#1165=ORIENTED_EDGE('',*,*,#2671,.F.);
#1166=ORIENTED_EDGE('',*,*,#3049,.F.);
#1167=ORIENTED_EDGE('',*,*,#2780,.F.);
#1168=ORIENTED_EDGE('',*,*,#3035,.T.);
#1169=ORIENTED_EDGE('',*,*,#2819,.F.);
#1170=ORIENTED_EDGE('',*,*,#3050,.F.);
#1171=ORIENTED_EDGE('',*,*,#2788,.F.);
#1172=ORIENTED_EDGE('',*,*,#3037,.T.);
#1173=ORIENTED_EDGE('',*,*,#3036,.T.);
#1174=ORIENTED_EDGE('',*,*,#3051,.F.);
#1175=ORIENTED_EDGE('',*,*,#3038,.T.);
#1176=ORIENTED_EDGE('',*,*,#2600,.F.);
#1177=ORIENTED_EDGE('',*,*,#3052,.F.);
#1178=ORIENTED_EDGE('',*,*,#2679,.F.);
#1179=ORIENTED_EDGE('',*,*,#3053,.T.);
#1180=ORIENTED_EDGE('',*,*,#3054,.T.);
#1181=ORIENTED_EDGE('',*,*,#2680,.F.);
#1182=ORIENTED_EDGE('',*,*,#3055,.F.);
#1183=ORIENTED_EDGE('',*,*,#2845,.F.);
#1184=ORIENTED_EDGE('',*,*,#3042,.T.);
#1185=ORIENTED_EDGE('',*,*,#2852,.F.);
#1186=ORIENTED_EDGE('',*,*,#3056,.F.);
#1187=ORIENTED_EDGE('',*,*,#2571,.F.);
#1188=ORIENTED_EDGE('',*,*,#3044,.T.);
#1189=ORIENTED_EDGE('',*,*,#2572,.F.);
#1190=ORIENTED_EDGE('',*,*,#3057,.F.);
#1191=ORIENTED_EDGE('',*,*,#2548,.F.);
#1192=ORIENTED_EDGE('',*,*,#3046,.T.);
#1193=ORIENTED_EDGE('',*,*,#2625,.F.);
#1194=ORIENTED_EDGE('',*,*,#3058,.F.);
#1195=ORIENTED_EDGE('',*,*,#2889,.F.);
#1196=ORIENTED_EDGE('',*,*,#3047,.T.);
#1197=ORIENTED_EDGE('',*,*,#2719,.F.);
#1198=ORIENTED_EDGE('',*,*,#3059,.F.);
#1199=ORIENTED_EDGE('',*,*,#2574,.F.);
#1200=ORIENTED_EDGE('',*,*,#3048,.T.);
#1201=ORIENTED_EDGE('',*,*,#2575,.F.);
#1202=ORIENTED_EDGE('',*,*,#3060,.F.);
#1203=ORIENTED_EDGE('',*,*,#2593,.F.);
#1204=ORIENTED_EDGE('',*,*,#2812,.F.);
#1205=ORIENTED_EDGE('',*,*,#2596,.F.);
#1206=ORIENTED_EDGE('',*,*,#3061,.F.);
#1207=ORIENTED_EDGE('',*,*,#2693,.F.);
#1208=ORIENTED_EDGE('',*,*,#3049,.T.);
#1209=ORIENTED_EDGE('',*,*,#2670,.F.);
#1210=ORIENTED_EDGE('',*,*,#3062,.F.);
#1211=ORIENTED_EDGE('',*,*,#2729,.F.);
#1212=ORIENTED_EDGE('',*,*,#3063,.F.);
#1213=ORIENTED_EDGE('',*,*,#3050,.T.);
#1214=ORIENTED_EDGE('',*,*,#3064,.F.);
#1215=ORIENTED_EDGE('',*,*,#3051,.T.);
#1216=ORIENTED_EDGE('',*,*,#2798,.F.);
#1217=ORIENTED_EDGE('',*,*,#3065,.F.);
#1218=ORIENTED_EDGE('',*,*,#2810,.F.);
#1219=ORIENTED_EDGE('',*,*,#2598,.F.);
#1220=ORIENTED_EDGE('',*,*,#2811,.F.);
#1221=ORIENTED_EDGE('',*,*,#3066,.F.);
#1222=ORIENTED_EDGE('',*,*,#2721,.F.);
#1223=ORIENTED_EDGE('',*,*,#3055,.T.);
#1224=ORIENTED_EDGE('',*,*,#3052,.T.);
#1225=ORIENTED_EDGE('',*,*,#3067,.F.);
#1226=ORIENTED_EDGE('',*,*,#2846,.T.);
#1227=ORIENTED_EDGE('',*,*,#3057,.T.);
#1228=ORIENTED_EDGE('',*,*,#3056,.T.);
#1229=ORIENTED_EDGE('',*,*,#3068,.F.);
#1230=ORIENTED_EDGE('',*,*,#2550,.T.);
#1231=ORIENTED_EDGE('',*,*,#2549,.T.);
#1232=ORIENTED_EDGE('',*,*,#2624,.F.);
#1233=ORIENTED_EDGE('',*,*,#2553,.F.);
#1234=ORIENTED_EDGE('',*,*,#3069,.F.);
#1235=ORIENTED_EDGE('',*,*,#2712,.F.);
#1236=ORIENTED_EDGE('',*,*,#3058,.T.);
#1237=ORIENTED_EDGE('',*,*,#3060,.T.);
#1238=ORIENTED_EDGE('',*,*,#3059,.T.);
#1239=ORIENTED_EDGE('',*,*,#3070,.F.);
#1240=ORIENTED_EDGE('',*,*,#3071,.F.);
#1241=ORIENTED_EDGE('',*,*,#3061,.T.);
#1242=ORIENTED_EDGE('',*,*,#3072,.F.);
#1243=ORIENTED_EDGE('',*,*,#3062,.T.);
#1244=ORIENTED_EDGE('',*,*,#2669,.F.);
#1245=ORIENTED_EDGE('',*,*,#3073,.F.);
#1246=ORIENTED_EDGE('',*,*,#2817,.F.);
#1247=ORIENTED_EDGE('',*,*,#3064,.T.);
#1248=ORIENTED_EDGE('',*,*,#2818,.F.);
#1249=ORIENTED_EDGE('',*,*,#3074,.F.);
#1250=ORIENTED_EDGE('',*,*,#2820,.F.);
#1251=ORIENTED_EDGE('',*,*,#3063,.T.);
#1252=ORIENTED_EDGE('',*,*,#2823,.F.);
#1253=ORIENTED_EDGE('',*,*,#3075,.F.);
#1254=ORIENTED_EDGE('',*,*,#2789,.F.);
#1255=ORIENTED_EDGE('',*,*,#3066,.T.);
#1256=ORIENTED_EDGE('',*,*,#3065,.T.);
#1257=ORIENTED_EDGE('',*,*,#3076,.F.);
#1258=ORIENTED_EDGE('',*,*,#3067,.T.);
#1259=ORIENTED_EDGE('',*,*,#2607,.F.);
#1260=ORIENTED_EDGE('',*,*,#3077,.F.);
#1261=ORIENTED_EDGE('',*,*,#2847,.F.);
#1262=ORIENTED_EDGE('',*,*,#3068,.T.);
#1263=ORIENTED_EDGE('',*,*,#2851,.F.);
#1264=ORIENTED_EDGE('',*,*,#3078,.F.);
#1265=ORIENTED_EDGE('',*,*,#2551,.F.);
#1266=ORIENTED_EDGE('',*,*,#3069,.T.);
#1267=ORIENTED_EDGE('',*,*,#2552,.F.);
#1268=ORIENTED_EDGE('',*,*,#3079,.F.);
#1269=ORIENTED_EDGE('',*,*,#2713,.F.);
#1270=ORIENTED_EDGE('',*,*,#3070,.T.);
#1271=ORIENTED_EDGE('',*,*,#2718,.F.);
#1272=ORIENTED_EDGE('',*,*,#3080,.F.);
#1273=ORIENTED_EDGE('',*,*,#2594,.F.);
#1274=ORIENTED_EDGE('',*,*,#3072,.T.);
#1275=ORIENTED_EDGE('',*,*,#2595,.F.);
#1276=ORIENTED_EDGE('',*,*,#3081,.F.);
#1277=ORIENTED_EDGE('',*,*,#2609,.F.);
#1278=ORIENTED_EDGE('',*,*,#3071,.T.);
#1279=ORIENTED_EDGE('',*,*,#2608,.F.);
#1280=ORIENTED_EDGE('',*,*,#3082,.F.);
#1281=ORIENTED_EDGE('',*,*,#2694,.F.);
#1282=ORIENTED_EDGE('',*,*,#3083,.F.);
#1283=ORIENTED_EDGE('',*,*,#2695,.F.);
#1284=ORIENTED_EDGE('',*,*,#3084,.F.);
#1285=ORIENTED_EDGE('',*,*,#2649,.F.);
#1286=ORIENTED_EDGE('',*,*,#3074,.T.);
#1287=ORIENTED_EDGE('',*,*,#3073,.T.);
#1288=ORIENTED_EDGE('',*,*,#3085,.F.);
#1289=ORIENTED_EDGE('',*,*,#3086,.F.);
#1290=ORIENTED_EDGE('',*,*,#3075,.T.);
#1291=ORIENTED_EDGE('',*,*,#3087,.F.);
#1292=ORIENTED_EDGE('',*,*,#3076,.T.);
#1293=ORIENTED_EDGE('',*,*,#2797,.F.);
#1294=ORIENTED_EDGE('',*,*,#3088,.F.);
#1295=ORIENTED_EDGE('',*,*,#2722,.F.);
#1296=ORIENTED_EDGE('',*,*,#3077,.T.);
#1297=ORIENTED_EDGE('',*,*,#2674,.F.);
#1298=ORIENTED_EDGE('',*,*,#3089,.F.);
#1299=ORIENTED_EDGE('',*,*,#2848,.F.);
#1300=ORIENTED_EDGE('',*,*,#3079,.T.);
#1301=ORIENTED_EDGE('',*,*,#3078,.T.);
#1302=ORIENTED_EDGE('',*,*,#3090,.F.);
#1303=ORIENTED_EDGE('',*,*,#3081,.T.);
#1304=ORIENTED_EDGE('',*,*,#3080,.T.);
#1305=ORIENTED_EDGE('',*,*,#3091,.F.);
#1306=ORIENTED_EDGE('',*,*,#3084,.T.);
#1307=ORIENTED_EDGE('',*,*,#3082,.T.);
#1308=ORIENTED_EDGE('',*,*,#3092,.F.);
#1309=ORIENTED_EDGE('',*,*,#3083,.T.);
#1310=ORIENTED_EDGE('',*,*,#2648,.F.);
#1311=ORIENTED_EDGE('',*,*,#3093,.F.);
#1312=ORIENTED_EDGE('',*,*,#2859,.F.);
#1313=ORIENTED_EDGE('',*,*,#3085,.T.);
#1314=ORIENTED_EDGE('',*,*,#2668,.F.);
#1315=ORIENTED_EDGE('',*,*,#3094,.F.);
#1316=ORIENTED_EDGE('',*,*,#2821,.F.);
#1317=ORIENTED_EDGE('',*,*,#3087,.T.);
#1318=ORIENTED_EDGE('',*,*,#2822,.F.);
#1319=ORIENTED_EDGE('',*,*,#3095,.F.);
#1320=ORIENTED_EDGE('',*,*,#2825,.F.);
#1321=ORIENTED_EDGE('',*,*,#3086,.T.);
#1322=ORIENTED_EDGE('',*,*,#2827,.F.);
#1323=ORIENTED_EDGE('',*,*,#3096,.F.);
#1324=ORIENTED_EDGE('',*,*,#2790,.F.);
#1325=ORIENTED_EDGE('',*,*,#3088,.T.);
#1326=ORIENTED_EDGE('',*,*,#2796,.F.);
#1327=ORIENTED_EDGE('',*,*,#3097,.F.);
#1328=ORIENTED_EDGE('',*,*,#2605,.F.);
#1329=ORIENTED_EDGE('',*,*,#3098,.F.);
#1330=ORIENTED_EDGE('',*,*,#2743,.F.);
#1331=ORIENTED_EDGE('',*,*,#3099,.F.);
#1332=ORIENTED_EDGE('',*,*,#3089,.T.);
#1333=ORIENTED_EDGE('',*,*,#3099,.T.);
#1334=ORIENTED_EDGE('',*,*,#2742,.F.);
#1335=ORIENTED_EDGE('',*,*,#3100,.F.);
#1336=ORIENTED_EDGE('',*,*,#2849,.F.);
#1337=ORIENTED_EDGE('',*,*,#3090,.T.);
#1338=ORIENTED_EDGE('',*,*,#2850,.F.);
#1339=ORIENTED_EDGE('',*,*,#3101,.F.);
#1340=ORIENTED_EDGE('',*,*,#2714,.F.);
#1341=ORIENTED_EDGE('',*,*,#3091,.T.);
#1342=ORIENTED_EDGE('',*,*,#2717,.F.);
#1343=ORIENTED_EDGE('',*,*,#3102,.F.);
#1344=ORIENTED_EDGE('',*,*,#2610,.F.);
#1345=ORIENTED_EDGE('',*,*,#3092,.T.);
#1346=ORIENTED_EDGE('',*,*,#2611,.F.);
#1347=ORIENTED_EDGE('',*,*,#3103,.F.);
#1348=ORIENTED_EDGE('',*,*,#2640,.F.);
#1349=ORIENTED_EDGE('',*,*,#3093,.T.);
#1350=ORIENTED_EDGE('',*,*,#2647,.F.);
#1351=ORIENTED_EDGE('',*,*,#3104,.F.);
#1352=ORIENTED_EDGE('',*,*,#2864,.F.);
#1353=ORIENTED_EDGE('',*,*,#2831,.F.);
#1354=ORIENTED_EDGE('',*,*,#2865,.F.);
#1355=ORIENTED_EDGE('',*,*,#3105,.F.);
#1356=ORIENTED_EDGE('',*,*,#2872,.F.);
#1357=ORIENTED_EDGE('',*,*,#3095,.T.);
#1358=ORIENTED_EDGE('',*,*,#3094,.T.);
#1359=ORIENTED_EDGE('',*,*,#3106,.F.);
#1360=ORIENTED_EDGE('',*,*,#3096,.T.);
#1361=ORIENTED_EDGE('',*,*,#2737,.F.);
#1362=ORIENTED_EDGE('',*,*,#3107,.F.);
#1363=ORIENTED_EDGE('',*,*,#2791,.F.);
#1364=ORIENTED_EDGE('',*,*,#3097,.T.);
#1365=ORIENTED_EDGE('',*,*,#2795,.F.);
#1366=ORIENTED_EDGE('',*,*,#3108,.F.);
#1367=ORIENTED_EDGE('',*,*,#2675,.F.);
#1368=ORIENTED_EDGE('',*,*,#3098,.T.);
#1369=ORIENTED_EDGE('',*,*,#2673,.F.);
#1370=ORIENTED_EDGE('',*,*,#3109,.F.);
#1371=ORIENTED_EDGE('',*,*,#2744,.F.);
#1372=ORIENTED_EDGE('',*,*,#3101,.T.);
#1373=ORIENTED_EDGE('',*,*,#3100,.T.);
#1374=ORIENTED_EDGE('',*,*,#3110,.F.);
#1375=ORIENTED_EDGE('',*,*,#3103,.T.);
#1376=ORIENTED_EDGE('',*,*,#3102,.T.);
#1377=ORIENTED_EDGE('',*,*,#3111,.F.);
#1378=ORIENTED_EDGE('',*,*,#3104,.T.);
#1379=ORIENTED_EDGE('',*,*,#2646,.T.);
#1380=ORIENTED_EDGE('',*,*,#3112,.F.);
#1381=ORIENTED_EDGE('',*,*,#3105,.T.);
#1382=ORIENTED_EDGE('',*,*,#3106,.T.);
#1383=ORIENTED_EDGE('',*,*,#2667,.F.);
#1384=ORIENTED_EDGE('',*,*,#3113,.F.);
#1385=ORIENTED_EDGE('',*,*,#2826,.F.);
#1386=ORIENTED_EDGE('',*,*,#2792,.T.);
#1387=ORIENTED_EDGE('',*,*,#3107,.T.);
#1388=ORIENTED_EDGE('',*,*,#3114,.F.);
#1389=ORIENTED_EDGE('',*,*,#3115,.F.);
#1390=ORIENTED_EDGE('',*,*,#3109,.T.);
#1391=ORIENTED_EDGE('',*,*,#3108,.T.);
#1392=ORIENTED_EDGE('',*,*,#3116,.F.);
#1393=ORIENTED_EDGE('',*,*,#3110,.T.);
#1394=ORIENTED_EDGE('',*,*,#2750,.F.);
#1395=ORIENTED_EDGE('',*,*,#3117,.F.);
#1396=ORIENTED_EDGE('',*,*,#2715,.F.);
#1397=ORIENTED_EDGE('',*,*,#3111,.T.);
#1398=ORIENTED_EDGE('',*,*,#2716,.F.);
#1399=ORIENTED_EDGE('',*,*,#3118,.F.);
#1400=ORIENTED_EDGE('',*,*,#2641,.F.);
#1401=ORIENTED_EDGE('',*,*,#3112,.T.);
#1402=ORIENTED_EDGE('',*,*,#2645,.F.);
#1403=ORIENTED_EDGE('',*,*,#3119,.F.);
#1404=ORIENTED_EDGE('',*,*,#2873,.F.);
#1405=ORIENTED_EDGE('',*,*,#2684,.F.);
#1406=ORIENTED_EDGE('',*,*,#2876,.F.);
#1407=ORIENTED_EDGE('',*,*,#3120,.F.);
#1408=ORIENTED_EDGE('',*,*,#2879,.F.);
#1409=ORIENTED_EDGE('',*,*,#2776,.F.);
#1410=ORIENTED_EDGE('',*,*,#3113,.T.);
#1411=ORIENTED_EDGE('',*,*,#2666,.F.);
#1412=ORIENTED_EDGE('',*,*,#3121,.F.);
#1413=ORIENTED_EDGE('',*,*,#2735,.F.);
#1414=ORIENTED_EDGE('',*,*,#3114,.T.);
#1415=ORIENTED_EDGE('',*,*,#2736,.F.);
#1416=ORIENTED_EDGE('',*,*,#3122,.F.);
#1417=ORIENTED_EDGE('',*,*,#2741,.F.);
#1418=ORIENTED_EDGE('',*,*,#3115,.T.);
#1419=ORIENTED_EDGE('',*,*,#2740,.F.);
#1420=ORIENTED_EDGE('',*,*,#3123,.F.);
#1421=ORIENTED_EDGE('',*,*,#2793,.F.);
#1422=ORIENTED_EDGE('',*,*,#3116,.T.);
#1423=ORIENTED_EDGE('',*,*,#2794,.F.);
#1424=ORIENTED_EDGE('',*,*,#3124,.F.);
#1425=ORIENTED_EDGE('',*,*,#2745,.F.);
#1426=ORIENTED_EDGE('',*,*,#3118,.T.);
#1427=ORIENTED_EDGE('',*,*,#3117,.T.);
#1428=ORIENTED_EDGE('',*,*,#3125,.F.);
#1429=ORIENTED_EDGE('',*,*,#3119,.T.);
#1430=ORIENTED_EDGE('',*,*,#2644,.F.);
#1431=ORIENTED_EDGE('',*,*,#3126,.F.);
#1432=ORIENTED_EDGE('',*,*,#2877,.F.);
#1433=ORIENTED_EDGE('',*,*,#3120,.T.);
#1434=ORIENTED_EDGE('',*,*,#2875,.F.);
#1435=ORIENTED_EDGE('',*,*,#3121,.T.);
#1436=ORIENTED_EDGE('',*,*,#2665,.T.);
#1437=ORIENTED_EDGE('',*,*,#3127,.F.);
#1438=ORIENTED_EDGE('',*,*,#3122,.T.);
#1439=ORIENTED_EDGE('',*,*,#3124,.T.);
#1440=ORIENTED_EDGE('',*,*,#3123,.T.);
#1441=ORIENTED_EDGE('',*,*,#3128,.F.);
#1442=ORIENTED_EDGE('',*,*,#3125,.T.);
#1443=ORIENTED_EDGE('',*,*,#2749,.F.);
#1444=ORIENTED_EDGE('',*,*,#3129,.F.);
#1445=ORIENTED_EDGE('',*,*,#2642,.F.);
#1446=ORIENTED_EDGE('',*,*,#3126,.T.);
#1447=ORIENTED_EDGE('',*,*,#2643,.F.);
#1448=ORIENTED_EDGE('',*,*,#3130,.F.);
#1449=ORIENTED_EDGE('',*,*,#2880,.F.);
#1450=ORIENTED_EDGE('',*,*,#2633,.F.);
#1451=ORIENTED_EDGE('',*,*,#2878,.F.);
#1452=ORIENTED_EDGE('',*,*,#3127,.T.);
#1453=ORIENTED_EDGE('',*,*,#2664,.F.);
#1454=ORIENTED_EDGE('',*,*,#3131,.F.);
#1455=ORIENTED_EDGE('',*,*,#2738,.F.);
#1456=ORIENTED_EDGE('',*,*,#3128,.T.);
#1457=ORIENTED_EDGE('',*,*,#2739,.F.);
#1458=ORIENTED_EDGE('',*,*,#3132,.F.);
#1459=ORIENTED_EDGE('',*,*,#2746,.F.);
#1460=ORIENTED_EDGE('',*,*,#3130,.T.);
#1461=ORIENTED_EDGE('',*,*,#3129,.T.);
#1462=ORIENTED_EDGE('',*,*,#3133,.F.);
#1463=ORIENTED_EDGE('',*,*,#3132,.T.);
#1464=ORIENTED_EDGE('',*,*,#3131,.T.);
#1465=ORIENTED_EDGE('',*,*,#3134,.F.);
#1466=ORIENTED_EDGE('',*,*,#3133,.T.);
#1467=ORIENTED_EDGE('',*,*,#2748,.F.);
#1468=ORIENTED_EDGE('',*,*,#3135,.F.);
#1469=ORIENTED_EDGE('',*,*,#2881,.F.);
#1470=ORIENTED_EDGE('',*,*,#3134,.T.);
#1471=ORIENTED_EDGE('',*,*,#2663,.F.);
#1472=ORIENTED_EDGE('',*,*,#3135,.T.);
#1473=ORIENTED_EDGE('',*,*,#2747,.F.);
#1474=ORIENTED_EDGE('',*,*,#2710,.F.);
#1475=ORIENTED_EDGE('',*,*,#2893,.F.);
#1476=ORIENTED_EDGE('',*,*,#3136,.F.);
#1477=ORIENTED_EDGE('',*,*,#2887,.F.);
#1478=ORIENTED_EDGE('',*,*,#3136,.T.);
#1479=ORIENTED_EDGE('',*,*,#2892,.F.);
#1480=ORIENTED_EDGE('',*,*,#2708,.F.);
#1481=ORIENTED_EDGE('',*,*,#2890,.F.);
#1482=ORIENTED_EDGE('',*,*,#2555,.F.);
#1483=ORIENTED_EDGE('',*,*,#2623,.F.);
#1484=ORIENTED_EDGE('',*,*,#3137,.F.);
#1485=ORIENTED_EDGE('',*,*,#2702,.F.);
#1486=ORIENTED_EDGE('',*,*,#3137,.T.);
#1487=ORIENTED_EDGE('',*,*,#2883,.F.);
#1488=ORIENTED_EDGE('',*,*,#3138,.F.);
#1489=ORIENTED_EDGE('',*,*,#2703,.F.);
#1490=ORIENTED_EDGE('',*,*,#2557,.F.);
#1491=ORIENTED_EDGE('',*,*,#2701,.F.);
#1492=ORIENTED_EDGE('',*,*,#3138,.T.);
#1493=ORIENTED_EDGE('',*,*,#2835,.F.);
#1494=ORIENTED_EDGE('',*,*,#2653,.F.);
#1495=ORIENTED_EDGE('',*,*,#2697,.F.);
#1496=ORIENTED_EDGE('',*,*,#2861,.F.);
#1497=ORIENTED_EDGE('',*,*,#2839,.F.);
#1498=ORIENTED_EDGE('',*,*,#3040,.F.);
#1499=ORIENTED_EDGE('',*,*,#2629,.F.);
#1500=ORIENTED_EDGE('',*,*,#2842,.F.);
#1501=ORIENTED_EDGE('',*,*,#2867,.F.);
#1502=ORIENTED_EDGE('',*,*,#3054,.F.);
#1503=ORIENTED_EDGE('',*,*,#3139,.F.);
#1504=ORIENTED_EDGE('',*,*,#2833,.F.);
#1505=ORIENTED_EDGE('',*,*,#2681,.F.);
#1506=ORIENTED_EDGE('',*,*,#2844,.F.);
#1507=ORIENTED_EDGE('',*,*,#3024,.F.);
#1508=ORIENTED_EDGE('',*,*,#3140,.F.);
#1509=ORIENTED_EDGE('',*,*,#2834,.F.);
#1510=ORIENTED_EDGE('',*,*,#3139,.T.);
#1511=ORIENTED_EDGE('',*,*,#3053,.F.);
#1512=ORIENTED_EDGE('',*,*,#3030,.F.);
#1513=ORIENTED_EDGE('',*,*,#2870,.F.);
#1514=ORIENTED_EDGE('',*,*,#3141,.F.);
#1515=ORIENTED_EDGE('',*,*,#3022,.F.);
#1516=ORIENTED_EDGE('',*,*,#3041,.F.);
#1517=ORIENTED_EDGE('',*,*,#3140,.T.);
#1518=ORIENTED_EDGE('',*,*,#3023,.F.);
#1519=ORIENTED_EDGE('',*,*,#3142,.F.);
#1520=ORIENTED_EDGE('',*,*,#2828,.F.);
#1521=ORIENTED_EDGE('',*,*,#3141,.T.);
#1522=ORIENTED_EDGE('',*,*,#2869,.T.);
#1523=ORIENTED_EDGE('',*,*,#3143,.F.);
#1524=ORIENTED_EDGE('',*,*,#3142,.T.);
#1525=ORIENTED_EDGE('',*,*,#3143,.T.);
#1526=ORIENTED_EDGE('',*,*,#2868,.F.);
#1527=ORIENTED_EDGE('',*,*,#2862,.F.);
#1528=ORIENTED_EDGE('',*,*,#2829,.F.);
#1529=ORIENTED_EDGE('',*,*,#2689,.F.);
#1530=ORIENTED_EDGE('',*,*,#2631,.F.);
#1531=ORIENTED_EDGE('',*,*,#3039,.F.);
#1532=ORIENTED_EDGE('',*,*,#2677,.F.);
#1533=ORIENTED_EDGE('',*,*,#3144,.F.);
#1534=ORIENTED_EDGE('',*,*,#3145,.T.);
#1535=ORIENTED_EDGE('',*,*,#3146,.F.);
#1536=ORIENTED_EDGE('',*,*,#3147,.T.);
#1537=ORIENTED_EDGE('',*,*,#3148,.T.);
#1538=ORIENTED_EDGE('',*,*,#3149,.F.);
#1539=ORIENTED_EDGE('',*,*,#3150,.T.);
#1540=ORIENTED_EDGE('',*,*,#3151,.F.);
#1541=ORIENTED_EDGE('',*,*,#3152,.T.);
#1542=ORIENTED_EDGE('',*,*,#3153,.T.);
#1543=ORIENTED_EDGE('',*,*,#3154,.F.);
#1544=ORIENTED_EDGE('',*,*,#3155,.T.);
#1545=ORIENTED_EDGE('',*,*,#3156,.F.);
#1546=ORIENTED_EDGE('',*,*,#3157,.T.);
#1547=ORIENTED_EDGE('',*,*,#3158,.T.);
#1548=ORIENTED_EDGE('',*,*,#3159,.T.);
#1549=ORIENTED_EDGE('',*,*,#3160,.F.);
#1550=ORIENTED_EDGE('',*,*,#3161,.T.);
#1551=ORIENTED_EDGE('',*,*,#3162,.T.);
#1552=ORIENTED_EDGE('',*,*,#3163,.F.);
#1553=ORIENTED_EDGE('',*,*,#3164,.T.);
#1554=ORIENTED_EDGE('',*,*,#3165,.F.);
#1555=ORIENTED_EDGE('',*,*,#3166,.T.);
#1556=ORIENTED_EDGE('',*,*,#3167,.T.);
#1557=ORIENTED_EDGE('',*,*,#3168,.T.);
#1558=ORIENTED_EDGE('',*,*,#3169,.F.);
#1559=ORIENTED_EDGE('',*,*,#3170,.T.);
#1560=ORIENTED_EDGE('',*,*,#3171,.F.);
#1561=ORIENTED_EDGE('',*,*,#3172,.T.);
#1562=ORIENTED_EDGE('',*,*,#3173,.T.);
#1563=ORIENTED_EDGE('',*,*,#3174,.T.);
#1564=ORIENTED_EDGE('',*,*,#3175,.F.);
#1565=ORIENTED_EDGE('',*,*,#3176,.T.);
#1566=ORIENTED_EDGE('',*,*,#3177,.T.);
#1567=ORIENTED_EDGE('',*,*,#3178,.T.);
#1568=ORIENTED_EDGE('',*,*,#3179,.T.);
#1569=ORIENTED_EDGE('',*,*,#3180,.T.);
#1570=ORIENTED_EDGE('',*,*,#3181,.T.);
#1571=ORIENTED_EDGE('',*,*,#3182,.T.);
#1572=ORIENTED_EDGE('',*,*,#3183,.T.);
#1573=ORIENTED_EDGE('',*,*,#3184,.T.);
#1574=ORIENTED_EDGE('',*,*,#3185,.T.);
#1575=ORIENTED_EDGE('',*,*,#3186,.T.);
#1576=ORIENTED_EDGE('',*,*,#3187,.T.);
#1577=ORIENTED_EDGE('',*,*,#3188,.T.);
#1578=ORIENTED_EDGE('',*,*,#3189,.T.);
#1579=ORIENTED_EDGE('',*,*,#3190,.T.);
#1580=ORIENTED_EDGE('',*,*,#3191,.T.);
#1581=ORIENTED_EDGE('',*,*,#3192,.T.);
#1582=ORIENTED_EDGE('',*,*,#3193,.T.);
#1583=ORIENTED_EDGE('',*,*,#3194,.T.);
#1584=ORIENTED_EDGE('',*,*,#3195,.T.);
#1585=ORIENTED_EDGE('',*,*,#3196,.T.);
#1586=ORIENTED_EDGE('',*,*,#3197,.T.);
#1587=ORIENTED_EDGE('',*,*,#3198,.F.);
#1588=ORIENTED_EDGE('',*,*,#3199,.T.);
#1589=ORIENTED_EDGE('',*,*,#3200,.T.);
#1590=ORIENTED_EDGE('',*,*,#3201,.F.);
#1591=ORIENTED_EDGE('',*,*,#3202,.T.);
#1592=ORIENTED_EDGE('',*,*,#3203,.F.);
#1593=ORIENTED_EDGE('',*,*,#3204,.T.);
#1594=ORIENTED_EDGE('',*,*,#3205,.T.);
#1595=ORIENTED_EDGE('',*,*,#3206,.F.);
#1596=ORIENTED_EDGE('',*,*,#3207,.T.);
#1597=ORIENTED_EDGE('',*,*,#3208,.F.);
#1598=ORIENTED_EDGE('',*,*,#3209,.T.);
#1599=ORIENTED_EDGE('',*,*,#3210,.T.);
#1600=ORIENTED_EDGE('',*,*,#3211,.F.);
#1601=ORIENTED_EDGE('',*,*,#3212,.T.);
#1602=ORIENTED_EDGE('',*,*,#3213,.T.);
#1603=ORIENTED_EDGE('',*,*,#3214,.T.);
#1604=ORIENTED_EDGE('',*,*,#3215,.F.);
#1605=ORIENTED_EDGE('',*,*,#3216,.T.);
#1606=ORIENTED_EDGE('',*,*,#3217,.T.);
#1607=ORIENTED_EDGE('',*,*,#3218,.T.);
#1608=ORIENTED_EDGE('',*,*,#3219,.F.);
#1609=ORIENTED_EDGE('',*,*,#3220,.T.);
#1610=ORIENTED_EDGE('',*,*,#3221,.F.);
#1611=ORIENTED_EDGE('',*,*,#3222,.T.);
#1612=ORIENTED_EDGE('',*,*,#3223,.T.);
#1613=ORIENTED_EDGE('',*,*,#3224,.T.);
#1614=ORIENTED_EDGE('',*,*,#3225,.T.);
#1615=ORIENTED_EDGE('',*,*,#3226,.T.);
#1616=ORIENTED_EDGE('',*,*,#3227,.T.);
#1617=ORIENTED_EDGE('',*,*,#3228,.T.);
#1618=ORIENTED_EDGE('',*,*,#3229,.T.);
#1619=ORIENTED_EDGE('',*,*,#3230,.T.);
#1620=ORIENTED_EDGE('',*,*,#3231,.T.);
#1621=ORIENTED_EDGE('',*,*,#3232,.T.);
#1622=ORIENTED_EDGE('',*,*,#3233,.F.);
#1623=ORIENTED_EDGE('',*,*,#3234,.F.);
#1624=ORIENTED_EDGE('',*,*,#3235,.T.);
#1625=ORIENTED_EDGE('',*,*,#3236,.T.);
#1626=ORIENTED_EDGE('',*,*,#3237,.T.);
#1627=ORIENTED_EDGE('',*,*,#3238,.T.);
#1628=ORIENTED_EDGE('',*,*,#3239,.T.);
#1629=ORIENTED_EDGE('',*,*,#3240,.T.);
#1630=ORIENTED_EDGE('',*,*,#3241,.T.);
#1631=ORIENTED_EDGE('',*,*,#3242,.T.);
#1632=ORIENTED_EDGE('',*,*,#3243,.T.);
#1633=ORIENTED_EDGE('',*,*,#3244,.T.);
#1634=ORIENTED_EDGE('',*,*,#3245,.T.);
#1635=ORIENTED_EDGE('',*,*,#3246,.T.);
#1636=ORIENTED_EDGE('',*,*,#3247,.T.);
#1637=ORIENTED_EDGE('',*,*,#3248,.T.);
#1638=ORIENTED_EDGE('',*,*,#3249,.T.);
#1639=ORIENTED_EDGE('',*,*,#3250,.T.);
#1640=ORIENTED_EDGE('',*,*,#3251,.T.);
#1641=ORIENTED_EDGE('',*,*,#3252,.T.);
#1642=ORIENTED_EDGE('',*,*,#3253,.T.);
#1643=ORIENTED_EDGE('',*,*,#3254,.T.);
#1644=ORIENTED_EDGE('',*,*,#3255,.T.);
#1645=ORIENTED_EDGE('',*,*,#3256,.T.);
#1646=ORIENTED_EDGE('',*,*,#3257,.T.);
#1647=ORIENTED_EDGE('',*,*,#3258,.T.);
#1648=ORIENTED_EDGE('',*,*,#3259,.T.);
#1649=ORIENTED_EDGE('',*,*,#3260,.T.);
#1650=ORIENTED_EDGE('',*,*,#3261,.F.);
#1651=ORIENTED_EDGE('',*,*,#3262,.T.);
#1652=ORIENTED_EDGE('',*,*,#3263,.T.);
#1653=ORIENTED_EDGE('',*,*,#3264,.T.);
#1654=ORIENTED_EDGE('',*,*,#3192,.F.);
#1655=ORIENTED_EDGE('',*,*,#3265,.T.);
#1656=ORIENTED_EDGE('',*,*,#3266,.F.);
#1657=ORIENTED_EDGE('',*,*,#3267,.T.);
#1658=ORIENTED_EDGE('',*,*,#3261,.T.);
#1659=ORIENTED_EDGE('',*,*,#3268,.T.);
#1660=ORIENTED_EDGE('',*,*,#3269,.T.);
#1661=ORIENTED_EDGE('',*,*,#3270,.T.);
#1662=ORIENTED_EDGE('',*,*,#3271,.T.);
#1663=ORIENTED_EDGE('',*,*,#3272,.F.);
#1664=ORIENTED_EDGE('',*,*,#3273,.F.);
#1665=ORIENTED_EDGE('',*,*,#3274,.T.);
#1666=ORIENTED_EDGE('',*,*,#3275,.T.);
#1667=ORIENTED_EDGE('',*,*,#3276,.T.);
#1668=ORIENTED_EDGE('',*,*,#3277,.T.);
#1669=ORIENTED_EDGE('',*,*,#3278,.T.);
#1670=ORIENTED_EDGE('',*,*,#3279,.T.);
#1671=ORIENTED_EDGE('',*,*,#3280,.T.);
#1672=ORIENTED_EDGE('',*,*,#3281,.T.);
#1673=ORIENTED_EDGE('',*,*,#3282,.T.);
#1674=ORIENTED_EDGE('',*,*,#3283,.T.);
#1675=ORIENTED_EDGE('',*,*,#3284,.T.);
#1676=ORIENTED_EDGE('',*,*,#3285,.T.);
#1677=ORIENTED_EDGE('',*,*,#3286,.T.);
#1678=ORIENTED_EDGE('',*,*,#3287,.T.);
#1679=ORIENTED_EDGE('',*,*,#3288,.T.);
#1680=ORIENTED_EDGE('',*,*,#3289,.T.);
#1681=ORIENTED_EDGE('',*,*,#3290,.T.);
#1682=ORIENTED_EDGE('',*,*,#3291,.T.);
#1683=ORIENTED_EDGE('',*,*,#3292,.T.);
#1684=ORIENTED_EDGE('',*,*,#3293,.T.);
#1685=ORIENTED_EDGE('',*,*,#3294,.T.);
#1686=ORIENTED_EDGE('',*,*,#3295,.T.);
#1687=ORIENTED_EDGE('',*,*,#3296,.T.);
#1688=ORIENTED_EDGE('',*,*,#3297,.T.);
#1689=ORIENTED_EDGE('',*,*,#3298,.T.);
#1690=ORIENTED_EDGE('',*,*,#3299,.T.);
#1691=ORIENTED_EDGE('',*,*,#3300,.T.);
#1692=ORIENTED_EDGE('',*,*,#3301,.T.);
#1693=ORIENTED_EDGE('',*,*,#3302,.T.);
#1694=ORIENTED_EDGE('',*,*,#3303,.T.);
#1695=ORIENTED_EDGE('',*,*,#3304,.T.);
#1696=ORIENTED_EDGE('',*,*,#3305,.T.);
#1697=ORIENTED_EDGE('',*,*,#3306,.T.);
#1698=ORIENTED_EDGE('',*,*,#3307,.T.);
#1699=ORIENTED_EDGE('',*,*,#3308,.T.);
#1700=ORIENTED_EDGE('',*,*,#3309,.T.);
#1701=ORIENTED_EDGE('',*,*,#3243,.F.);
#1702=ORIENTED_EDGE('',*,*,#3310,.T.);
#1703=ORIENTED_EDGE('',*,*,#3311,.T.);
#1704=ORIENTED_EDGE('',*,*,#3312,.T.);
#1705=ORIENTED_EDGE('',*,*,#3313,.T.);
#1706=ORIENTED_EDGE('',*,*,#3314,.T.);
#1707=ORIENTED_EDGE('',*,*,#3315,.T.);
#1708=ORIENTED_EDGE('',*,*,#3316,.T.);
#1709=ORIENTED_EDGE('',*,*,#3317,.T.);
#1710=ORIENTED_EDGE('',*,*,#3318,.T.);
#1711=ORIENTED_EDGE('',*,*,#3319,.T.);
#1712=ORIENTED_EDGE('',*,*,#3320,.T.);
#1713=ORIENTED_EDGE('',*,*,#3321,.T.);
#1714=ORIENTED_EDGE('',*,*,#3322,.T.);
#1715=ORIENTED_EDGE('',*,*,#3323,.T.);
#1716=ORIENTED_EDGE('',*,*,#3324,.T.);
#1717=ORIENTED_EDGE('',*,*,#3325,.T.);
#1718=ORIENTED_EDGE('',*,*,#3326,.T.);
#1719=ORIENTED_EDGE('',*,*,#3327,.T.);
#1720=ORIENTED_EDGE('',*,*,#3328,.T.);
#1721=ORIENTED_EDGE('',*,*,#3329,.T.);
#1722=ORIENTED_EDGE('',*,*,#3330,.T.);
#1723=ORIENTED_EDGE('',*,*,#3331,.T.);
#1724=ORIENTED_EDGE('',*,*,#3332,.T.);
#1725=ORIENTED_EDGE('',*,*,#3333,.T.);
#1726=ORIENTED_EDGE('',*,*,#3334,.T.);
#1727=ORIENTED_EDGE('',*,*,#3335,.T.);
#1728=ORIENTED_EDGE('',*,*,#3336,.T.);
#1729=ORIENTED_EDGE('',*,*,#3280,.F.);
#1730=ORIENTED_EDGE('',*,*,#3311,.F.);
#1731=ORIENTED_EDGE('',*,*,#3293,.F.);
#1732=ORIENTED_EDGE('',*,*,#3324,.F.);
#1733=ORIENTED_EDGE('',*,*,#3337,.T.);
#1734=ORIENTED_EDGE('',*,*,#3272,.T.);
#1735=ORIENTED_EDGE('',*,*,#3337,.F.);
#1736=ORIENTED_EDGE('',*,*,#3338,.T.);
#1737=ORIENTED_EDGE('',*,*,#3273,.T.);
#1738=ORIENTED_EDGE('',*,*,#3338,.F.);
#1739=ORIENTED_EDGE('',*,*,#3339,.F.);
#1740=ORIENTED_EDGE('',*,*,#3339,.T.);
#1741=ORIENTED_EDGE('',*,*,#3224,.F.);
#1742=ORIENTED_EDGE('',*,*,#3340,.F.);
#1743=ORIENTED_EDGE('',*,*,#3340,.T.);
#1744=ORIENTED_EDGE('',*,*,#3225,.F.);
#1745=ORIENTED_EDGE('',*,*,#3266,.T.);
#1746=ORIENTED_EDGE('',*,*,#3341,.T.);
#1747=ORIENTED_EDGE('',*,*,#3342,.T.);
#1748=ORIENTED_EDGE('',*,*,#3343,.T.);
#1749=ORIENTED_EDGE('',*,*,#3344,.F.);
#1750=ORIENTED_EDGE('',*,*,#3345,.T.);
#1751=ORIENTED_EDGE('',*,*,#3346,.T.);
#1752=ORIENTED_EDGE('',*,*,#3347,.T.);
#1753=ORIENTED_EDGE('',*,*,#3348,.F.);
#1754=ORIENTED_EDGE('',*,*,#3349,.T.);
#1755=ORIENTED_EDGE('',*,*,#3350,.T.);
#1756=ORIENTED_EDGE('',*,*,#3351,.T.);
#1757=ORIENTED_EDGE('',*,*,#3352,.T.);
#1758=ORIENTED_EDGE('',*,*,#3353,.T.);
#1759=ORIENTED_EDGE('',*,*,#3354,.T.);
#1760=ORIENTED_EDGE('',*,*,#3355,.F.);
#1761=ORIENTED_EDGE('',*,*,#3356,.T.);
#1762=ORIENTED_EDGE('',*,*,#3344,.T.);
#1763=ORIENTED_EDGE('',*,*,#3357,.T.);
#1764=ORIENTED_EDGE('',*,*,#3195,.F.);
#1765=ORIENTED_EDGE('',*,*,#3358,.F.);
#1766=ORIENTED_EDGE('',*,*,#3348,.T.);
#1767=ORIENTED_EDGE('',*,*,#3359,.T.);
#1768=ORIENTED_EDGE('',*,*,#3194,.F.);
#1769=ORIENTED_EDGE('',*,*,#3360,.T.);
#1770=ORIENTED_EDGE('',*,*,#3361,.T.);
#1771=ORIENTED_EDGE('',*,*,#3349,.F.);
#1772=ORIENTED_EDGE('',*,*,#3358,.T.);
#1773=ORIENTED_EDGE('',*,*,#3362,.T.);
#1774=ORIENTED_EDGE('',*,*,#3363,.T.);
#1775=ORIENTED_EDGE('',*,*,#3364,.T.);
#1776=ORIENTED_EDGE('',*,*,#3306,.F.);
#1777=ORIENTED_EDGE('',*,*,#3365,.T.);
#1778=ORIENTED_EDGE('',*,*,#3366,.F.);
#1779=ORIENTED_EDGE('',*,*,#3367,.T.);
#1780=ORIENTED_EDGE('',*,*,#3362,.F.);
#1781=ORIENTED_EDGE('',*,*,#3368,.T.);
#1782=ORIENTED_EDGE('',*,*,#3369,.T.);
#1783=ORIENTED_EDGE('',*,*,#3370,.F.);
#1784=ORIENTED_EDGE('',*,*,#3371,.T.);
#1785=ORIENTED_EDGE('',*,*,#3372,.T.);
#1786=ORIENTED_EDGE('',*,*,#3373,.T.);
#1787=ORIENTED_EDGE('',*,*,#3374,.T.);
#1788=ORIENTED_EDGE('',*,*,#3375,.F.);
#1789=ORIENTED_EDGE('',*,*,#3375,.T.);
#1790=ORIENTED_EDGE('',*,*,#3258,.F.);
#1791=ORIENTED_EDGE('',*,*,#3376,.F.);
#1792=ORIENTED_EDGE('',*,*,#3376,.T.);
#1793=ORIENTED_EDGE('',*,*,#3257,.F.);
#1794=ORIENTED_EDGE('',*,*,#3377,.F.);
#1795=ORIENTED_EDGE('',*,*,#3378,.T.);
#1796=ORIENTED_EDGE('',*,*,#3355,.T.);
#1797=ORIENTED_EDGE('',*,*,#3379,.T.);
#1798=ORIENTED_EDGE('',*,*,#3380,.F.);
#1799=ORIENTED_EDGE('',*,*,#3381,.T.);
#1800=ORIENTED_EDGE('',*,*,#3377,.T.);
#1801=ORIENTED_EDGE('',*,*,#3382,.T.);
#1802=ORIENTED_EDGE('',*,*,#3353,.F.);
#1803=ORIENTED_EDGE('',*,*,#3383,.T.);
#1804=ORIENTED_EDGE('',*,*,#3380,.T.);
#1805=ORIENTED_EDGE('',*,*,#3384,.T.);
#1806=ORIENTED_EDGE('',*,*,#3359,.F.);
#1807=ORIENTED_EDGE('',*,*,#3347,.F.);
#1808=ORIENTED_EDGE('',*,*,#3385,.F.);
#1809=ORIENTED_EDGE('',*,*,#3383,.F.);
#1810=ORIENTED_EDGE('',*,*,#3385,.T.);
#1811=ORIENTED_EDGE('',*,*,#3346,.F.);
#1812=ORIENTED_EDGE('',*,*,#3386,.F.);
#1813=ORIENTED_EDGE('',*,*,#3381,.F.);
#1814=ORIENTED_EDGE('',*,*,#3386,.T.);
#1815=ORIENTED_EDGE('',*,*,#3345,.F.);
#1816=ORIENTED_EDGE('',*,*,#3356,.F.);
#1817=ORIENTED_EDGE('',*,*,#3378,.F.);
#1818=ORIENTED_EDGE('',*,*,#3387,.F.);
#1819=ORIENTED_EDGE('',*,*,#3185,.F.);
#1820=ORIENTED_EDGE('',*,*,#3388,.F.);
#1821=ORIENTED_EDGE('',*,*,#3354,.F.);
#1822=ORIENTED_EDGE('',*,*,#3388,.T.);
#1823=ORIENTED_EDGE('',*,*,#3184,.F.);
#1824=ORIENTED_EDGE('',*,*,#3389,.F.);
#1825=ORIENTED_EDGE('',*,*,#3379,.F.);
#1826=ORIENTED_EDGE('',*,*,#3387,.T.);
#1827=ORIENTED_EDGE('',*,*,#3384,.F.);
#1828=ORIENTED_EDGE('',*,*,#3390,.F.);
#1829=ORIENTED_EDGE('',*,*,#3182,.F.);
#1830=ORIENTED_EDGE('',*,*,#3389,.T.);
#1831=ORIENTED_EDGE('',*,*,#3183,.F.);
#1832=ORIENTED_EDGE('',*,*,#3390,.T.);
#1833=ORIENTED_EDGE('',*,*,#3382,.F.);
#1834=ORIENTED_EDGE('',*,*,#3391,.F.);
#1835=ORIENTED_EDGE('',*,*,#3392,.F.);
#1836=ORIENTED_EDGE('',*,*,#3393,.F.);
#1837=ORIENTED_EDGE('',*,*,#3392,.T.);
#1838=ORIENTED_EDGE('',*,*,#3269,.F.);
#1839=ORIENTED_EDGE('',*,*,#3394,.F.);
#1840=ORIENTED_EDGE('',*,*,#3286,.F.);
#1841=ORIENTED_EDGE('',*,*,#3393,.T.);
#1842=ORIENTED_EDGE('',*,*,#3285,.F.);
#1843=ORIENTED_EDGE('',*,*,#3395,.F.);
#1844=ORIENTED_EDGE('',*,*,#3218,.F.);
#1845=ORIENTED_EDGE('',*,*,#3391,.T.);
#1846=ORIENTED_EDGE('',*,*,#3217,.F.);
#1847=ORIENTED_EDGE('',*,*,#3396,.F.);
#1848=ORIENTED_EDGE('',*,*,#3270,.F.);
#1849=ORIENTED_EDGE('',*,*,#3397,.F.);
#1850=ORIENTED_EDGE('',*,*,#3394,.T.);
#1851=ORIENTED_EDGE('',*,*,#3398,.F.);
#1852=ORIENTED_EDGE('',*,*,#3219,.T.);
#1853=ORIENTED_EDGE('',*,*,#3395,.T.);
#1854=ORIENTED_EDGE('',*,*,#3399,.F.);
#1855=ORIENTED_EDGE('',*,*,#3400,.F.);
#1856=ORIENTED_EDGE('',*,*,#3401,.F.);
#1857=ORIENTED_EDGE('',*,*,#3402,.F.);
#1858=ORIENTED_EDGE('',*,*,#3396,.T.);
#1859=ORIENTED_EDGE('',*,*,#3402,.T.);
#1860=ORIENTED_EDGE('',*,*,#3282,.F.);
#1861=ORIENTED_EDGE('',*,*,#3403,.F.);
#1862=ORIENTED_EDGE('',*,*,#3271,.F.);
#1863=ORIENTED_EDGE('',*,*,#3398,.T.);
#1864=ORIENTED_EDGE('',*,*,#3268,.F.);
#1865=ORIENTED_EDGE('',*,*,#3404,.F.);
#1866=ORIENTED_EDGE('',*,*,#3167,.F.);
#1867=ORIENTED_EDGE('',*,*,#3397,.T.);
#1868=ORIENTED_EDGE('',*,*,#3166,.F.);
#1869=ORIENTED_EDGE('',*,*,#3405,.F.);
#1870=ORIENTED_EDGE('',*,*,#3287,.F.);
#1871=ORIENTED_EDGE('',*,*,#3399,.T.);
#1872=ORIENTED_EDGE('',*,*,#3288,.F.);
#1873=ORIENTED_EDGE('',*,*,#3406,.F.);
#1874=ORIENTED_EDGE('',*,*,#3292,.F.);
#1875=ORIENTED_EDGE('',*,*,#3400,.T.);
#1876=ORIENTED_EDGE('',*,*,#3291,.F.);
#1877=ORIENTED_EDGE('',*,*,#3407,.F.);
#1878=ORIENTED_EDGE('',*,*,#3220,.F.);
#1879=ORIENTED_EDGE('',*,*,#3401,.T.);
#1880=ORIENTED_EDGE('',*,*,#3216,.F.);
#1881=ORIENTED_EDGE('',*,*,#3408,.F.);
#1882=ORIENTED_EDGE('',*,*,#3283,.F.);
#1883=ORIENTED_EDGE('',*,*,#3404,.T.);
#1884=ORIENTED_EDGE('',*,*,#3403,.T.);
#1885=ORIENTED_EDGE('',*,*,#3409,.F.);
#1886=ORIENTED_EDGE('',*,*,#3405,.T.);
#1887=ORIENTED_EDGE('',*,*,#3165,.T.);
#1888=ORIENTED_EDGE('',*,*,#3410,.F.);
#1889=ORIENTED_EDGE('',*,*,#3406,.T.);
#1890=ORIENTED_EDGE('',*,*,#3221,.T.);
#1891=ORIENTED_EDGE('',*,*,#3407,.T.);
#1892=ORIENTED_EDGE('',*,*,#3411,.F.);
#1893=ORIENTED_EDGE('',*,*,#3412,.F.);
#1894=ORIENTED_EDGE('',*,*,#3413,.F.);
#1895=ORIENTED_EDGE('',*,*,#3414,.F.);
#1896=ORIENTED_EDGE('',*,*,#3408,.T.);
#1897=ORIENTED_EDGE('',*,*,#3215,.T.);
#1898=ORIENTED_EDGE('',*,*,#3414,.T.);
#1899=ORIENTED_EDGE('',*,*,#3278,.F.);
#1900=ORIENTED_EDGE('',*,*,#3415,.F.);
#1901=ORIENTED_EDGE('',*,*,#3284,.F.);
#1902=ORIENTED_EDGE('',*,*,#3409,.T.);
#1903=ORIENTED_EDGE('',*,*,#3281,.F.);
#1904=ORIENTED_EDGE('',*,*,#3416,.F.);
#1905=ORIENTED_EDGE('',*,*,#3168,.F.);
#1906=ORIENTED_EDGE('',*,*,#3410,.T.);
#1907=ORIENTED_EDGE('',*,*,#3164,.F.);
#1908=ORIENTED_EDGE('',*,*,#3417,.F.);
#1909=ORIENTED_EDGE('',*,*,#3289,.F.);
#1910=ORIENTED_EDGE('',*,*,#3411,.T.);
#1911=ORIENTED_EDGE('',*,*,#3290,.F.);
#1912=ORIENTED_EDGE('',*,*,#3418,.F.);
#1913=ORIENTED_EDGE('',*,*,#3336,.F.);
#1914=ORIENTED_EDGE('',*,*,#3412,.T.);
#1915=ORIENTED_EDGE('',*,*,#3335,.F.);
#1916=ORIENTED_EDGE('',*,*,#3419,.F.);
#1917=ORIENTED_EDGE('',*,*,#3222,.F.);
#1918=ORIENTED_EDGE('',*,*,#3420,.F.);
#1919=ORIENTED_EDGE('',*,*,#3298,.F.);
#1920=ORIENTED_EDGE('',*,*,#3421,.F.);
#1921=ORIENTED_EDGE('',*,*,#3209,.F.);
#1922=ORIENTED_EDGE('',*,*,#3422,.F.);
#1923=ORIENTED_EDGE('',*,*,#3297,.F.);
#1924=ORIENTED_EDGE('',*,*,#3423,.F.);
#1925=ORIENTED_EDGE('',*,*,#3299,.F.);
#1926=ORIENTED_EDGE('',*,*,#3424,.F.);
#1927=ORIENTED_EDGE('',*,*,#3145,.F.);
#1928=ORIENTED_EDGE('',*,*,#3425,.F.);
#1929=ORIENTED_EDGE('',*,*,#3296,.F.);
#1930=ORIENTED_EDGE('',*,*,#3425,.T.);
#1931=ORIENTED_EDGE('',*,*,#3144,.T.);
#1932=ORIENTED_EDGE('',*,*,#3426,.F.);
#1933=ORIENTED_EDGE('',*,*,#3423,.T.);
#1934=ORIENTED_EDGE('',*,*,#3427,.F.);
#1935=ORIENTED_EDGE('',*,*,#3421,.T.);
#1936=ORIENTED_EDGE('',*,*,#3428,.F.);
#1937=ORIENTED_EDGE('',*,*,#3429,.F.);
#1938=ORIENTED_EDGE('',*,*,#3213,.F.);
#1939=ORIENTED_EDGE('',*,*,#3430,.F.);
#1940=ORIENTED_EDGE('',*,*,#3364,.F.);
#1941=ORIENTED_EDGE('',*,*,#3413,.T.);
#1942=ORIENTED_EDGE('',*,*,#3214,.F.);
#1943=ORIENTED_EDGE('',*,*,#3431,.F.);
#1944=ORIENTED_EDGE('',*,*,#3279,.F.);
#1945=ORIENTED_EDGE('',*,*,#3416,.T.);
#1946=ORIENTED_EDGE('',*,*,#3415,.T.);
#1947=ORIENTED_EDGE('',*,*,#3432,.F.);
#1948=ORIENTED_EDGE('',*,*,#3169,.T.);
#1949=ORIENTED_EDGE('',*,*,#3417,.T.);
#1950=ORIENTED_EDGE('',*,*,#3163,.T.);
#1951=ORIENTED_EDGE('',*,*,#3433,.F.);
#1952=ORIENTED_EDGE('',*,*,#3418,.T.);
#1953=ORIENTED_EDGE('',*,*,#3434,.F.);
#1954=ORIENTED_EDGE('',*,*,#3419,.T.);
#1955=ORIENTED_EDGE('',*,*,#3435,.F.);
#1956=ORIENTED_EDGE('',*,*,#3420,.T.);
#1957=ORIENTED_EDGE('',*,*,#3208,.T.);
#1958=ORIENTED_EDGE('',*,*,#3436,.F.);
#1959=ORIENTED_EDGE('',*,*,#3422,.T.);
#1960=ORIENTED_EDGE('',*,*,#3146,.T.);
#1961=ORIENTED_EDGE('',*,*,#3424,.T.);
#1962=ORIENTED_EDGE('',*,*,#3437,.F.);
#1963=ORIENTED_EDGE('',*,*,#3438,.F.);
#1964=ORIENTED_EDGE('',*,*,#3426,.T.);
#1965=ORIENTED_EDGE('',*,*,#3162,.F.);
#1966=ORIENTED_EDGE('',*,*,#3439,.F.);
#1967=ORIENTED_EDGE('',*,*,#3300,.F.);
#1968=ORIENTED_EDGE('',*,*,#3428,.T.);
#1969=ORIENTED_EDGE('',*,*,#3301,.F.);
#1970=ORIENTED_EDGE('',*,*,#3440,.F.);
#1971=ORIENTED_EDGE('',*,*,#3303,.F.);
#1972=ORIENTED_EDGE('',*,*,#3427,.T.);
#1973=ORIENTED_EDGE('',*,*,#3302,.F.);
#1974=ORIENTED_EDGE('',*,*,#3441,.F.);
#1975=ORIENTED_EDGE('',*,*,#3210,.F.);
#1976=ORIENTED_EDGE('',*,*,#3430,.T.);
#1977=ORIENTED_EDGE('',*,*,#3212,.F.);
#1978=ORIENTED_EDGE('',*,*,#3442,.F.);
#1979=ORIENTED_EDGE('',*,*,#3307,.F.);
#1980=ORIENTED_EDGE('',*,*,#3431,.T.);
#1981=ORIENTED_EDGE('',*,*,#3429,.T.);
#1982=ORIENTED_EDGE('',*,*,#3443,.F.);
#1983=ORIENTED_EDGE('',*,*,#3432,.T.);
#1984=ORIENTED_EDGE('',*,*,#3277,.F.);
#1985=ORIENTED_EDGE('',*,*,#3444,.F.);
#1986=ORIENTED_EDGE('',*,*,#3170,.F.);
#1987=ORIENTED_EDGE('',*,*,#3433,.T.);
#1988=ORIENTED_EDGE('',*,*,#3174,.F.);
#1989=ORIENTED_EDGE('',*,*,#3445,.F.);
#1990=ORIENTED_EDGE('',*,*,#3333,.F.);
#1991=ORIENTED_EDGE('',*,*,#3435,.T.);
#1992=ORIENTED_EDGE('',*,*,#3334,.F.);
#1993=ORIENTED_EDGE('',*,*,#3446,.F.);
#1994=ORIENTED_EDGE('',*,*,#3229,.F.);
#1995=ORIENTED_EDGE('',*,*,#3434,.T.);
#1996=ORIENTED_EDGE('',*,*,#3228,.F.);
#1997=ORIENTED_EDGE('',*,*,#3447,.F.);
#1998=ORIENTED_EDGE('',*,*,#3223,.F.);
#1999=ORIENTED_EDGE('',*,*,#3265,.F.);
#2000=ORIENTED_EDGE('',*,*,#3191,.F.);
#2001=ORIENTED_EDGE('',*,*,#3448,.F.);
#2002=ORIENTED_EDGE('',*,*,#3341,.F.);
#2003=ORIENTED_EDGE('',*,*,#3436,.T.);
#2004=ORIENTED_EDGE('',*,*,#3207,.F.);
#2005=ORIENTED_EDGE('',*,*,#3449,.F.);
#2006=ORIENTED_EDGE('',*,*,#3294,.F.);
#2007=ORIENTED_EDGE('',*,*,#3437,.T.);
#2008=ORIENTED_EDGE('',*,*,#3295,.F.);
#2009=ORIENTED_EDGE('',*,*,#3450,.F.);
#2010=ORIENTED_EDGE('',*,*,#3330,.F.);
#2011=ORIENTED_EDGE('',*,*,#3438,.T.);
#2012=ORIENTED_EDGE('',*,*,#3329,.F.);
#2013=ORIENTED_EDGE('',*,*,#3451,.F.);
#2014=ORIENTED_EDGE('',*,*,#3147,.F.);
#2015=ORIENTED_EDGE('',*,*,#3440,.T.);
#2016=ORIENTED_EDGE('',*,*,#3439,.T.);
#2017=ORIENTED_EDGE('',*,*,#3452,.F.);
#2018=ORIENTED_EDGE('',*,*,#3211,.T.);
#2019=ORIENTED_EDGE('',*,*,#3441,.T.);
#2020=ORIENTED_EDGE('',*,*,#3453,.F.);
#2021=ORIENTED_EDGE('',*,*,#3442,.T.);
#2022=ORIENTED_EDGE('',*,*,#3443,.T.);
#2023=ORIENTED_EDGE('',*,*,#3363,.F.);
#2024=ORIENTED_EDGE('',*,*,#3454,.F.);
#2025=ORIENTED_EDGE('',*,*,#3274,.F.);
#2026=ORIENTED_EDGE('',*,*,#3171,.T.);
#2027=ORIENTED_EDGE('',*,*,#3444,.T.);
#2028=ORIENTED_EDGE('',*,*,#3455,.F.);
#2029=ORIENTED_EDGE('',*,*,#3456,.F.);
#2030=ORIENTED_EDGE('',*,*,#3446,.T.);
#2031=ORIENTED_EDGE('',*,*,#3445,.T.);
#2032=ORIENTED_EDGE('',*,*,#3457,.F.);
#2033=ORIENTED_EDGE('',*,*,#3447,.T.);
#2034=ORIENTED_EDGE('',*,*,#3227,.F.);
#2035=ORIENTED_EDGE('',*,*,#3458,.F.);
#2036=ORIENTED_EDGE('',*,*,#3448,.T.);
#2037=ORIENTED_EDGE('',*,*,#3449,.T.);
#2038=ORIENTED_EDGE('',*,*,#3206,.T.);
#2039=ORIENTED_EDGE('',*,*,#3459,.F.);
#2040=ORIENTED_EDGE('',*,*,#3450,.T.);
#2041=ORIENTED_EDGE('',*,*,#3460,.F.);
#2042=ORIENTED_EDGE('',*,*,#3451,.T.);
#2043=ORIENTED_EDGE('',*,*,#3461,.F.);
#2044=ORIENTED_EDGE('',*,*,#3452,.T.);
#2045=ORIENTED_EDGE('',*,*,#3161,.F.);
#2046=ORIENTED_EDGE('',*,*,#3462,.F.);
#2047=ORIENTED_EDGE('',*,*,#3304,.F.);
#2048=ORIENTED_EDGE('',*,*,#3453,.T.);
#2049=ORIENTED_EDGE('',*,*,#3305,.F.);
#2050=ORIENTED_EDGE('',*,*,#3463,.F.);
#2051=ORIENTED_EDGE('',*,*,#3308,.F.);
#2052=ORIENTED_EDGE('',*,*,#3454,.T.);
#2053=ORIENTED_EDGE('',*,*,#3367,.F.);
#2054=ORIENTED_EDGE('',*,*,#3464,.F.);
#2055=ORIENTED_EDGE('',*,*,#3275,.F.);
#2056=ORIENTED_EDGE('',*,*,#3455,.T.);
#2057=ORIENTED_EDGE('',*,*,#3276,.F.);
#2058=ORIENTED_EDGE('',*,*,#3465,.F.);
#2059=ORIENTED_EDGE('',*,*,#3237,.F.);
#2060=ORIENTED_EDGE('',*,*,#3456,.T.);
#2061=ORIENTED_EDGE('',*,*,#3240,.F.);
#2062=ORIENTED_EDGE('',*,*,#3466,.F.);
#2063=ORIENTED_EDGE('',*,*,#3172,.F.);
#2064=ORIENTED_EDGE('',*,*,#3457,.T.);
#2065=ORIENTED_EDGE('',*,*,#3173,.F.);
#2066=ORIENTED_EDGE('',*,*,#3467,.F.);
#2067=ORIENTED_EDGE('',*,*,#3230,.F.);
#2068=ORIENTED_EDGE('',*,*,#3458,.T.);
#2069=ORIENTED_EDGE('',*,*,#3226,.F.);
#2070=ORIENTED_EDGE('',*,*,#3468,.F.);
#2071=ORIENTED_EDGE('',*,*,#3342,.F.);
#2072=ORIENTED_EDGE('',*,*,#3469,.F.);
#2073=ORIENTED_EDGE('',*,*,#3343,.F.);
#2074=ORIENTED_EDGE('',*,*,#3470,.F.);
#2075=ORIENTED_EDGE('',*,*,#3186,.F.);
#2076=ORIENTED_EDGE('',*,*,#3459,.T.);
#2077=ORIENTED_EDGE('',*,*,#3205,.F.);
#2078=ORIENTED_EDGE('',*,*,#3471,.F.);
#2079=ORIENTED_EDGE('',*,*,#3331,.F.);
#2080=ORIENTED_EDGE('',*,*,#3461,.T.);
#2081=ORIENTED_EDGE('',*,*,#3332,.F.);
#2082=ORIENTED_EDGE('',*,*,#3472,.F.);
#2083=ORIENTED_EDGE('',*,*,#3328,.F.);
#2084=ORIENTED_EDGE('',*,*,#3460,.T.);
#2085=ORIENTED_EDGE('',*,*,#3327,.F.);
#2086=ORIENTED_EDGE('',*,*,#3473,.F.);
#2087=ORIENTED_EDGE('',*,*,#3148,.F.);
#2088=ORIENTED_EDGE('',*,*,#3462,.T.);
#2089=ORIENTED_EDGE('',*,*,#3160,.T.);
#2090=ORIENTED_EDGE('',*,*,#3474,.F.);
#2091=ORIENTED_EDGE('',*,*,#3463,.T.);
#2092=ORIENTED_EDGE('',*,*,#3464,.T.);
#2093=ORIENTED_EDGE('',*,*,#3366,.T.);
#2094=ORIENTED_EDGE('',*,*,#3475,.F.);
#2095=ORIENTED_EDGE('',*,*,#3465,.T.);
#2096=ORIENTED_EDGE('',*,*,#3467,.T.);
#2097=ORIENTED_EDGE('',*,*,#3466,.T.);
#2098=ORIENTED_EDGE('',*,*,#3476,.F.);
#2099=ORIENTED_EDGE('',*,*,#3470,.T.);
#2100=ORIENTED_EDGE('',*,*,#3468,.T.);
#2101=ORIENTED_EDGE('',*,*,#3477,.F.);
#2102=ORIENTED_EDGE('',*,*,#3469,.T.);
#2103=ORIENTED_EDGE('',*,*,#3190,.F.);
#2104=ORIENTED_EDGE('',*,*,#3478,.F.);
#2105=ORIENTED_EDGE('',*,*,#3267,.F.);
#2106=ORIENTED_EDGE('',*,*,#3472,.T.);
#2107=ORIENTED_EDGE('',*,*,#3471,.T.);
#2108=ORIENTED_EDGE('',*,*,#3479,.F.);
#2109=ORIENTED_EDGE('',*,*,#3149,.T.);
#2110=ORIENTED_EDGE('',*,*,#3473,.T.);
#2111=ORIENTED_EDGE('',*,*,#3480,.F.);
#2112=ORIENTED_EDGE('',*,*,#3481,.F.);
#2113=ORIENTED_EDGE('',*,*,#3474,.T.);
#2114=ORIENTED_EDGE('',*,*,#3159,.F.);
#2115=ORIENTED_EDGE('',*,*,#3482,.F.);
#2116=ORIENTED_EDGE('',*,*,#3309,.F.);
#2117=ORIENTED_EDGE('',*,*,#3310,.F.);
#2118=ORIENTED_EDGE('',*,*,#3242,.F.);
#2119=ORIENTED_EDGE('',*,*,#3483,.F.);
#2120=ORIENTED_EDGE('',*,*,#3368,.F.);
#2121=ORIENTED_EDGE('',*,*,#3365,.F.);
#2122=ORIENTED_EDGE('',*,*,#3475,.T.);
#2123=ORIENTED_EDGE('',*,*,#3374,.F.);
#2124=ORIENTED_EDGE('',*,*,#3484,.F.);
#2125=ORIENTED_EDGE('',*,*,#3238,.F.);
#2126=ORIENTED_EDGE('',*,*,#3476,.T.);
#2127=ORIENTED_EDGE('',*,*,#3239,.F.);
#2128=ORIENTED_EDGE('',*,*,#3485,.F.);
#2129=ORIENTED_EDGE('',*,*,#3231,.F.);
#2130=ORIENTED_EDGE('',*,*,#3477,.T.);
#2131=ORIENTED_EDGE('',*,*,#3236,.F.);
#2132=ORIENTED_EDGE('',*,*,#3486,.F.);
#2133=ORIENTED_EDGE('',*,*,#3187,.F.);
#2134=ORIENTED_EDGE('',*,*,#3487,.F.);
#2135=ORIENTED_EDGE('',*,*,#3188,.F.);
#2136=ORIENTED_EDGE('',*,*,#3488,.F.);
#2137=ORIENTED_EDGE('',*,*,#3253,.F.);
#2138=ORIENTED_EDGE('',*,*,#3478,.T.);
#2139=ORIENTED_EDGE('',*,*,#3189,.F.);
#2140=ORIENTED_EDGE('',*,*,#3489,.F.);
#2141=ORIENTED_EDGE('',*,*,#3262,.F.);
#2142=ORIENTED_EDGE('',*,*,#3193,.F.);
#2143=ORIENTED_EDGE('',*,*,#3264,.F.);
#2144=ORIENTED_EDGE('',*,*,#3490,.F.);
#2145=ORIENTED_EDGE('',*,*,#3360,.F.);
#2146=ORIENTED_EDGE('',*,*,#3479,.T.);
#2147=ORIENTED_EDGE('',*,*,#3204,.F.);
#2148=ORIENTED_EDGE('',*,*,#3491,.F.);
#2149=ORIENTED_EDGE('',*,*,#3325,.F.);
#2150=ORIENTED_EDGE('',*,*,#3480,.T.);
#2151=ORIENTED_EDGE('',*,*,#3326,.F.);
#2152=ORIENTED_EDGE('',*,*,#3492,.F.);
#2153=ORIENTED_EDGE('',*,*,#3321,.F.);
#2154=ORIENTED_EDGE('',*,*,#3481,.T.);
#2155=ORIENTED_EDGE('',*,*,#3320,.F.);
#2156=ORIENTED_EDGE('',*,*,#3493,.F.);
#2157=ORIENTED_EDGE('',*,*,#3150,.F.);
#2158=ORIENTED_EDGE('',*,*,#3482,.T.);
#2159=ORIENTED_EDGE('',*,*,#3158,.F.);
#2160=ORIENTED_EDGE('',*,*,#3494,.F.);
#2161=ORIENTED_EDGE('',*,*,#3244,.F.);
#2162=ORIENTED_EDGE('',*,*,#3495,.F.);
#2163=ORIENTED_EDGE('',*,*,#3241,.F.);
#2164=ORIENTED_EDGE('',*,*,#3496,.F.);
#2165=ORIENTED_EDGE('',*,*,#3247,.F.);
#2166=ORIENTED_EDGE('',*,*,#3483,.T.);
#2167=ORIENTED_EDGE('',*,*,#3495,.T.);
#2168=ORIENTED_EDGE('',*,*,#3497,.F.);
#2169=ORIENTED_EDGE('',*,*,#3485,.T.);
#2170=ORIENTED_EDGE('',*,*,#3484,.T.);
#2171=ORIENTED_EDGE('',*,*,#3498,.F.);
#2172=ORIENTED_EDGE('',*,*,#3488,.T.);
#2173=ORIENTED_EDGE('',*,*,#3486,.T.);
#2174=ORIENTED_EDGE('',*,*,#3499,.F.);
#2175=ORIENTED_EDGE('',*,*,#3489,.T.);
#2176=ORIENTED_EDGE('',*,*,#3487,.T.);
#2177=ORIENTED_EDGE('',*,*,#3500,.F.);
#2178=ORIENTED_EDGE('',*,*,#3490,.T.);
#2179=ORIENTED_EDGE('',*,*,#3263,.F.);
#2180=ORIENTED_EDGE('',*,*,#3501,.F.);
#2181=ORIENTED_EDGE('',*,*,#3350,.F.);
#2182=ORIENTED_EDGE('',*,*,#3361,.F.);
#2183=ORIENTED_EDGE('',*,*,#3491,.T.);
#2184=ORIENTED_EDGE('',*,*,#3203,.T.);
#2185=ORIENTED_EDGE('',*,*,#3502,.F.);
#2186=ORIENTED_EDGE('',*,*,#3492,.T.);
#2187=ORIENTED_EDGE('',*,*,#3151,.T.);
#2188=ORIENTED_EDGE('',*,*,#3493,.T.);
#2189=ORIENTED_EDGE('',*,*,#3503,.F.);
#2190=ORIENTED_EDGE('',*,*,#3504,.F.);
#2191=ORIENTED_EDGE('',*,*,#3496,.T.);
#2192=ORIENTED_EDGE('',*,*,#3494,.T.);
#2193=ORIENTED_EDGE('',*,*,#3505,.F.);
#2194=ORIENTED_EDGE('',*,*,#3497,.T.);
#2195=ORIENTED_EDGE('',*,*,#3246,.F.);
#2196=ORIENTED_EDGE('',*,*,#3506,.F.);
#2197=ORIENTED_EDGE('',*,*,#3369,.F.);
#2198=ORIENTED_EDGE('',*,*,#3498,.T.);
#2199=ORIENTED_EDGE('',*,*,#3373,.F.);
#2200=ORIENTED_EDGE('',*,*,#3507,.F.);
#2201=ORIENTED_EDGE('',*,*,#3232,.F.);
#2202=ORIENTED_EDGE('',*,*,#3499,.T.);
#2203=ORIENTED_EDGE('',*,*,#3235,.F.);
#2204=ORIENTED_EDGE('',*,*,#3508,.F.);
#2205=ORIENTED_EDGE('',*,*,#3254,.F.);
#2206=ORIENTED_EDGE('',*,*,#3500,.T.);
#2207=ORIENTED_EDGE('',*,*,#3252,.F.);
#2208=ORIENTED_EDGE('',*,*,#3509,.F.);
#2209=ORIENTED_EDGE('',*,*,#3259,.F.);
#2210=ORIENTED_EDGE('',*,*,#3501,.T.);
#2211=ORIENTED_EDGE('',*,*,#3260,.F.);
#2212=ORIENTED_EDGE('',*,*,#3510,.F.);
#2213=ORIENTED_EDGE('',*,*,#3351,.F.);
#2214=ORIENTED_EDGE('',*,*,#3502,.T.);
#2215=ORIENTED_EDGE('',*,*,#3202,.F.);
#2216=ORIENTED_EDGE('',*,*,#3511,.F.);
#2217=ORIENTED_EDGE('',*,*,#3322,.F.);
#2218=ORIENTED_EDGE('',*,*,#3503,.T.);
#2219=ORIENTED_EDGE('',*,*,#3323,.F.);
#2220=ORIENTED_EDGE('',*,*,#3512,.F.);
#2221=ORIENTED_EDGE('',*,*,#3317,.F.);
#2222=ORIENTED_EDGE('',*,*,#3504,.T.);
#2223=ORIENTED_EDGE('',*,*,#3316,.F.);
#2224=ORIENTED_EDGE('',*,*,#3513,.F.);
#2225=ORIENTED_EDGE('',*,*,#3152,.F.);
#2226=ORIENTED_EDGE('',*,*,#3505,.T.);
#2227=ORIENTED_EDGE('',*,*,#3157,.F.);
#2228=ORIENTED_EDGE('',*,*,#3514,.F.);
#2229=ORIENTED_EDGE('',*,*,#3248,.F.);
#2230=ORIENTED_EDGE('',*,*,#3515,.F.);
#2231=ORIENTED_EDGE('',*,*,#3245,.F.);
#2232=ORIENTED_EDGE('',*,*,#3516,.F.);
#2233=ORIENTED_EDGE('',*,*,#3177,.F.);
#2234=ORIENTED_EDGE('',*,*,#3506,.T.);
#2235=ORIENTED_EDGE('',*,*,#3515,.T.);
#2236=ORIENTED_EDGE('',*,*,#3517,.F.);
#2237=ORIENTED_EDGE('',*,*,#3370,.T.);
#2238=ORIENTED_EDGE('',*,*,#3233,.T.);
#2239=ORIENTED_EDGE('',*,*,#3507,.T.);
#2240=ORIENTED_EDGE('',*,*,#3518,.F.);
#2241=ORIENTED_EDGE('',*,*,#3508,.T.);
#2242=ORIENTED_EDGE('',*,*,#3234,.T.);
#2243=ORIENTED_EDGE('',*,*,#3510,.T.);
#2244=ORIENTED_EDGE('',*,*,#3509,.T.);
#2245=ORIENTED_EDGE('',*,*,#3519,.F.);
#2246=ORIENTED_EDGE('',*,*,#3511,.T.);
#2247=ORIENTED_EDGE('',*,*,#3201,.T.);
#2248=ORIENTED_EDGE('',*,*,#3520,.F.);
#2249=ORIENTED_EDGE('',*,*,#3512,.T.);
#2250=ORIENTED_EDGE('',*,*,#3521,.F.);
#2251=ORIENTED_EDGE('',*,*,#3513,.T.);
#2252=ORIENTED_EDGE('',*,*,#3522,.F.);
#2253=ORIENTED_EDGE('',*,*,#3514,.T.);
#2254=ORIENTED_EDGE('',*,*,#3156,.T.);
#2255=ORIENTED_EDGE('',*,*,#3523,.F.);
#2256=ORIENTED_EDGE('',*,*,#3516,.T.);
#2257=ORIENTED_EDGE('',*,*,#3517,.T.);
#2258=ORIENTED_EDGE('',*,*,#3176,.F.);
#2259=ORIENTED_EDGE('',*,*,#3524,.F.);
#2260=ORIENTED_EDGE('',*,*,#3371,.F.);
#2261=ORIENTED_EDGE('',*,*,#3518,.T.);
#2262=ORIENTED_EDGE('',*,*,#3372,.F.);
#2263=ORIENTED_EDGE('',*,*,#3525,.F.);
#2264=ORIENTED_EDGE('',*,*,#3255,.F.);
#2265=ORIENTED_EDGE('',*,*,#3519,.T.);
#2266=ORIENTED_EDGE('',*,*,#3251,.F.);
#2267=ORIENTED_EDGE('',*,*,#3526,.F.);
#2268=ORIENTED_EDGE('',*,*,#3352,.F.);
#2269=ORIENTED_EDGE('',*,*,#3520,.T.);
#2270=ORIENTED_EDGE('',*,*,#3200,.F.);
#2271=ORIENTED_EDGE('',*,*,#3527,.F.);
#2272=ORIENTED_EDGE('',*,*,#3318,.F.);
#2273=ORIENTED_EDGE('',*,*,#3522,.T.);
#2274=ORIENTED_EDGE('',*,*,#3319,.F.);
#2275=ORIENTED_EDGE('',*,*,#3528,.F.);
#2276=ORIENTED_EDGE('',*,*,#3315,.F.);
#2277=ORIENTED_EDGE('',*,*,#3521,.T.);
#2278=ORIENTED_EDGE('',*,*,#3314,.F.);
#2279=ORIENTED_EDGE('',*,*,#3529,.F.);
#2280=ORIENTED_EDGE('',*,*,#3153,.F.);
#2281=ORIENTED_EDGE('',*,*,#3523,.T.);
#2282=ORIENTED_EDGE('',*,*,#3155,.F.);
#2283=ORIENTED_EDGE('',*,*,#3530,.F.);
#2284=ORIENTED_EDGE('',*,*,#3178,.F.);
#2285=ORIENTED_EDGE('',*,*,#3524,.T.);
#2286=ORIENTED_EDGE('',*,*,#3175,.T.);
#2287=ORIENTED_EDGE('',*,*,#3531,.F.);
#2288=ORIENTED_EDGE('',*,*,#3525,.T.);
#2289=ORIENTED_EDGE('',*,*,#3526,.T.);
#2290=ORIENTED_EDGE('',*,*,#3250,.F.);
#2291=ORIENTED_EDGE('',*,*,#3532,.F.);
#2292=ORIENTED_EDGE('',*,*,#3357,.F.);
#2293=ORIENTED_EDGE('',*,*,#3528,.T.);
#2294=ORIENTED_EDGE('',*,*,#3527,.T.);
#2295=ORIENTED_EDGE('',*,*,#3533,.F.);
#2296=ORIENTED_EDGE('',*,*,#3154,.T.);
#2297=ORIENTED_EDGE('',*,*,#3529,.T.);
#2298=ORIENTED_EDGE('',*,*,#3534,.F.);
#2299=ORIENTED_EDGE('',*,*,#3530,.T.);
#2300=ORIENTED_EDGE('',*,*,#3531,.T.);
#2301=ORIENTED_EDGE('',*,*,#3181,.F.);
#2302=ORIENTED_EDGE('',*,*,#3535,.F.);
#2303=ORIENTED_EDGE('',*,*,#3256,.F.);
#2304=ORIENTED_EDGE('',*,*,#3532,.T.);
#2305=ORIENTED_EDGE('',*,*,#3249,.F.);
#2306=ORIENTED_EDGE('',*,*,#3536,.F.);
#2307=ORIENTED_EDGE('',*,*,#3196,.F.);
#2308=ORIENTED_EDGE('',*,*,#3533,.T.);
#2309=ORIENTED_EDGE('',*,*,#3199,.F.);
#2310=ORIENTED_EDGE('',*,*,#3537,.F.);
#2311=ORIENTED_EDGE('',*,*,#3312,.F.);
#2312=ORIENTED_EDGE('',*,*,#3534,.T.);
#2313=ORIENTED_EDGE('',*,*,#3313,.F.);
#2314=ORIENTED_EDGE('',*,*,#3538,.F.);
#2315=ORIENTED_EDGE('',*,*,#3179,.F.);
#2316=ORIENTED_EDGE('',*,*,#3536,.T.);
#2317=ORIENTED_EDGE('',*,*,#3535,.T.);
#2318=ORIENTED_EDGE('',*,*,#3539,.F.);
#2319=ORIENTED_EDGE('',*,*,#3537,.T.);
#2320=ORIENTED_EDGE('',*,*,#3198,.T.);
#2321=ORIENTED_EDGE('',*,*,#3540,.F.);
#2322=ORIENTED_EDGE('',*,*,#3538,.T.);
#2323=ORIENTED_EDGE('',*,*,#3539,.T.);
#2324=ORIENTED_EDGE('',*,*,#3180,.F.);
#2325=ORIENTED_EDGE('',*,*,#3540,.T.);
#2326=ORIENTED_EDGE('',*,*,#3197,.F.);
#2327=ORIENTED_EDGE('',*,*,#3541,.T.);
#2328=ORIENTED_EDGE('',*,*,#3542,.T.);
#2329=ORIENTED_EDGE('',*,*,#3543,.T.);
#2330=ORIENTED_EDGE('',*,*,#3544,.T.);
#2331=ORIENTED_EDGE('',*,*,#3545,.T.);
#2332=ORIENTED_EDGE('',*,*,#3546,.T.);
#2333=ORIENTED_EDGE('',*,*,#3547,.T.);
#2334=ORIENTED_EDGE('',*,*,#3548,.T.);
#2335=ORIENTED_EDGE('',*,*,#3549,.T.);
#2336=ORIENTED_EDGE('',*,*,#3550,.T.);
#2337=ORIENTED_EDGE('',*,*,#3551,.T.);
#2338=ORIENTED_EDGE('',*,*,#3552,.T.);
#2339=ORIENTED_EDGE('',*,*,#3553,.T.);
#2340=ORIENTED_EDGE('',*,*,#3554,.T.);
#2341=ORIENTED_EDGE('',*,*,#3555,.T.);
#2342=ORIENTED_EDGE('',*,*,#3556,.T.);
#2343=ORIENTED_EDGE('',*,*,#3557,.T.);
#2344=ORIENTED_EDGE('',*,*,#3558,.T.);
#2345=ORIENTED_EDGE('',*,*,#3559,.F.);
#2346=ORIENTED_EDGE('',*,*,#3560,.T.);
#2347=ORIENTED_EDGE('',*,*,#3543,.F.);
#2348=ORIENTED_EDGE('',*,*,#3559,.T.);
#2349=ORIENTED_EDGE('',*,*,#3561,.T.);
#2350=ORIENTED_EDGE('',*,*,#3560,.F.);
#2351=ORIENTED_EDGE('',*,*,#3562,.F.);
#2352=ORIENTED_EDGE('',*,*,#3563,.T.);
#2353=ORIENTED_EDGE('',*,*,#3564,.T.);
#2354=ORIENTED_EDGE('',*,*,#3565,.T.);
#2355=ORIENTED_EDGE('',*,*,#3564,.F.);
#2356=ORIENTED_EDGE('',*,*,#3566,.T.);
#2357=ORIENTED_EDGE('',*,*,#3567,.T.);
#2358=ORIENTED_EDGE('',*,*,#3568,.T.);
#2359=ORIENTED_EDGE('',*,*,#3569,.T.);
#2360=ORIENTED_EDGE('',*,*,#3570,.T.);
#2361=ORIENTED_EDGE('',*,*,#3571,.T.);
#2362=ORIENTED_EDGE('',*,*,#3572,.T.);
#2363=ORIENTED_EDGE('',*,*,#3573,.T.);
#2364=ORIENTED_EDGE('',*,*,#3574,.T.);
#2365=ORIENTED_EDGE('',*,*,#3575,.T.);
#2366=ORIENTED_EDGE('',*,*,#3576,.F.);
#2367=ORIENTED_EDGE('',*,*,#3577,.T.);
#2368=ORIENTED_EDGE('',*,*,#3578,.T.);
#2369=ORIENTED_EDGE('',*,*,#3579,.T.);
#2370=ORIENTED_EDGE('',*,*,#3562,.T.);
#2371=ORIENTED_EDGE('',*,*,#3580,.T.);
#2372=ORIENTED_EDGE('',*,*,#3569,.F.);
#2373=ORIENTED_EDGE('',*,*,#3581,.T.);
#2374=ORIENTED_EDGE('',*,*,#3576,.T.);
#2375=ORIENTED_EDGE('',*,*,#3582,.T.);
#2376=ORIENTED_EDGE('',*,*,#3583,.T.);
#2377=ORIENTED_EDGE('',*,*,#3542,.F.);
#2378=ORIENTED_EDGE('',*,*,#3583,.F.);
#2379=ORIENTED_EDGE('',*,*,#3571,.F.);
#2380=ORIENTED_EDGE('',*,*,#3584,.F.);
#2381=ORIENTED_EDGE('',*,*,#3558,.F.);
#2382=ORIENTED_EDGE('',*,*,#3585,.F.);
#2383=ORIENTED_EDGE('',*,*,#3567,.F.);
#2384=ORIENTED_EDGE('',*,*,#3585,.T.);
#2385=ORIENTED_EDGE('',*,*,#3557,.F.);
#2386=ORIENTED_EDGE('',*,*,#3586,.F.);
#2387=ORIENTED_EDGE('',*,*,#3577,.F.);
#2388=ORIENTED_EDGE('',*,*,#3581,.F.);
#2389=ORIENTED_EDGE('',*,*,#3568,.F.);
#2390=ORIENTED_EDGE('',*,*,#3563,.F.);
#2391=ORIENTED_EDGE('',*,*,#3579,.F.);
#2392=ORIENTED_EDGE('',*,*,#3587,.F.);
#2393=ORIENTED_EDGE('',*,*,#3555,.F.);
#2394=ORIENTED_EDGE('',*,*,#3584,.T.);
#2395=ORIENTED_EDGE('',*,*,#3566,.F.);
#2396=ORIENTED_EDGE('',*,*,#3586,.T.);
#2397=ORIENTED_EDGE('',*,*,#3556,.F.);
#2398=ORIENTED_EDGE('',*,*,#3587,.T.);
#2399=ORIENTED_EDGE('',*,*,#3578,.F.);
#2400=ORIENTED_EDGE('',*,*,#3588,.F.);
#2401=ORIENTED_EDGE('',*,*,#3570,.F.);
#2402=ORIENTED_EDGE('',*,*,#3589,.F.);
#2403=ORIENTED_EDGE('',*,*,#3575,.F.);
#2404=ORIENTED_EDGE('',*,*,#3589,.T.);
#2405=ORIENTED_EDGE('',*,*,#3582,.F.);
#2406=ORIENTED_EDGE('',*,*,#3590,.F.);
#2407=ORIENTED_EDGE('',*,*,#3572,.F.);
#2408=ORIENTED_EDGE('',*,*,#3588,.T.);
#2409=ORIENTED_EDGE('',*,*,#3574,.F.);
#2410=ORIENTED_EDGE('',*,*,#3591,.F.);
#2411=ORIENTED_EDGE('',*,*,#3565,.F.);
#2412=ORIENTED_EDGE('',*,*,#3590,.T.);
#2413=ORIENTED_EDGE('',*,*,#3580,.F.);
#2414=ORIENTED_EDGE('',*,*,#3591,.T.);
#2415=ORIENTED_EDGE('',*,*,#3573,.F.);
#2416=ORIENTED_EDGE('',*,*,#3592,.F.);
#2417=ORIENTED_EDGE('',*,*,#3593,.T.);
#2418=ORIENTED_EDGE('',*,*,#3594,.T.);
#2419=ORIENTED_EDGE('',*,*,#3595,.T.);
#2420=ORIENTED_EDGE('',*,*,#3596,.T.);
#2421=ORIENTED_EDGE('',*,*,#3597,.T.);
#2422=ORIENTED_EDGE('',*,*,#3598,.T.);
#2423=ORIENTED_EDGE('',*,*,#3599,.T.);
#2424=ORIENTED_EDGE('',*,*,#3600,.T.);
#2425=ORIENTED_EDGE('',*,*,#3594,.F.);
#2426=ORIENTED_EDGE('',*,*,#3601,.T.);
#2427=ORIENTED_EDGE('',*,*,#3602,.T.);
#2428=ORIENTED_EDGE('',*,*,#3603,.T.);
#2429=ORIENTED_EDGE('',*,*,#3604,.T.);
#2430=ORIENTED_EDGE('',*,*,#3605,.T.);
#2431=ORIENTED_EDGE('',*,*,#3606,.F.);
#2432=ORIENTED_EDGE('',*,*,#3607,.T.);
#2433=ORIENTED_EDGE('',*,*,#3608,.T.);
#2434=ORIENTED_EDGE('',*,*,#3609,.T.);
#2435=ORIENTED_EDGE('',*,*,#3592,.T.);
#2436=ORIENTED_EDGE('',*,*,#3610,.T.);
#2437=ORIENTED_EDGE('',*,*,#3599,.F.);
#2438=ORIENTED_EDGE('',*,*,#3611,.T.);
#2439=ORIENTED_EDGE('',*,*,#3606,.T.);
#2440=ORIENTED_EDGE('',*,*,#3612,.T.);
#2441=ORIENTED_EDGE('',*,*,#3613,.T.);
#2442=ORIENTED_EDGE('',*,*,#3544,.F.);
#2443=ORIENTED_EDGE('',*,*,#3613,.F.);
#2444=ORIENTED_EDGE('',*,*,#3601,.F.);
#2445=ORIENTED_EDGE('',*,*,#3597,.F.);
#2446=ORIENTED_EDGE('',*,*,#3614,.F.);
#2447=ORIENTED_EDGE('',*,*,#3554,.F.);
#2448=ORIENTED_EDGE('',*,*,#3615,.F.);
#2449=ORIENTED_EDGE('',*,*,#3593,.F.);
#2450=ORIENTED_EDGE('',*,*,#3609,.F.);
#2451=ORIENTED_EDGE('',*,*,#3616,.F.);
#2452=ORIENTED_EDGE('',*,*,#3551,.F.);
#2453=ORIENTED_EDGE('',*,*,#3614,.T.);
#2454=ORIENTED_EDGE('',*,*,#3596,.F.);
#2455=ORIENTED_EDGE('',*,*,#3615,.T.);
#2456=ORIENTED_EDGE('',*,*,#3553,.F.);
#2457=ORIENTED_EDGE('',*,*,#3617,.F.);
#2458=ORIENTED_EDGE('',*,*,#3607,.F.);
#2459=ORIENTED_EDGE('',*,*,#3611,.F.);
#2460=ORIENTED_EDGE('',*,*,#3598,.F.);
#2461=ORIENTED_EDGE('',*,*,#3616,.T.);
#2462=ORIENTED_EDGE('',*,*,#3608,.F.);
#2463=ORIENTED_EDGE('',*,*,#3617,.T.);
#2464=ORIENTED_EDGE('',*,*,#3552,.F.);
#2465=ORIENTED_EDGE('',*,*,#3618,.F.);
#2466=ORIENTED_EDGE('',*,*,#3605,.F.);
#2467=ORIENTED_EDGE('',*,*,#3619,.F.);
#2468=ORIENTED_EDGE('',*,*,#3600,.F.);
#2469=ORIENTED_EDGE('',*,*,#3619,.T.);
#2470=ORIENTED_EDGE('',*,*,#3604,.F.);
#2471=ORIENTED_EDGE('',*,*,#3620,.F.);
#2472=ORIENTED_EDGE('',*,*,#3595,.F.);
#2473=ORIENTED_EDGE('',*,*,#3618,.T.);
#2474=ORIENTED_EDGE('',*,*,#3612,.F.);
#2475=ORIENTED_EDGE('',*,*,#3621,.F.);
#2476=ORIENTED_EDGE('',*,*,#3602,.F.);
#2477=ORIENTED_EDGE('',*,*,#3620,.T.);
#2478=ORIENTED_EDGE('',*,*,#3603,.F.);
#2479=ORIENTED_EDGE('',*,*,#3621,.T.);
#2480=ORIENTED_EDGE('',*,*,#3610,.F.);
#2481=ORIENTED_EDGE('',*,*,#3622,.F.);
#2482=ORIENTED_EDGE('',*,*,#3623,.T.);
#2483=ORIENTED_EDGE('',*,*,#3624,.T.);
#2484=ORIENTED_EDGE('',*,*,#3625,.T.);
#2485=ORIENTED_EDGE('',*,*,#3626,.T.);
#2486=ORIENTED_EDGE('',*,*,#3627,.T.);
#2487=ORIENTED_EDGE('',*,*,#3628,.T.);
#2488=ORIENTED_EDGE('',*,*,#3629,.T.);
#2489=ORIENTED_EDGE('',*,*,#3630,.T.);
#2490=ORIENTED_EDGE('',*,*,#3625,.F.);
#2491=ORIENTED_EDGE('',*,*,#3631,.T.);
#2492=ORIENTED_EDGE('',*,*,#3632,.T.);
#2493=ORIENTED_EDGE('',*,*,#3633,.T.);
#2494=ORIENTED_EDGE('',*,*,#3634,.F.);
#2495=ORIENTED_EDGE('',*,*,#3635,.T.);
#2496=ORIENTED_EDGE('',*,*,#3636,.T.);
#2497=ORIENTED_EDGE('',*,*,#3637,.T.);
#2498=ORIENTED_EDGE('',*,*,#3622,.T.);
#2499=ORIENTED_EDGE('',*,*,#3633,.F.);
#2500=ORIENTED_EDGE('',*,*,#3638,.T.);
#2501=ORIENTED_EDGE('',*,*,#3639,.T.);
#2502=ORIENTED_EDGE('',*,*,#3634,.T.);
#2503=ORIENTED_EDGE('',*,*,#3632,.F.);
#2504=ORIENTED_EDGE('',*,*,#3640,.F.);
#2505=ORIENTED_EDGE('',*,*,#3640,.T.);
#2506=ORIENTED_EDGE('',*,*,#3630,.F.);
#2507=ORIENTED_EDGE('',*,*,#3636,.F.);
#2508=ORIENTED_EDGE('',*,*,#3641,.F.);
#2509=ORIENTED_EDGE('',*,*,#3550,.F.);
#2510=ORIENTED_EDGE('',*,*,#3642,.F.);
#2511=ORIENTED_EDGE('',*,*,#3643,.F.);
#2512=ORIENTED_EDGE('',*,*,#3629,.F.);
#2513=ORIENTED_EDGE('',*,*,#3644,.F.);
#2514=ORIENTED_EDGE('',*,*,#3631,.F.);
#2515=ORIENTED_EDGE('',*,*,#3644,.T.);
#2516=ORIENTED_EDGE('',*,*,#3628,.F.);
#2517=ORIENTED_EDGE('',*,*,#3645,.F.);
#2518=ORIENTED_EDGE('',*,*,#3638,.F.);
#2519=ORIENTED_EDGE('',*,*,#3635,.F.);
#2520=ORIENTED_EDGE('',*,*,#3639,.F.);
#2521=ORIENTED_EDGE('',*,*,#3646,.F.);
#2522=ORIENTED_EDGE('',*,*,#3545,.F.);
#2523=ORIENTED_EDGE('',*,*,#3641,.T.);
#2524=ORIENTED_EDGE('',*,*,#3642,.T.);
#2525=ORIENTED_EDGE('',*,*,#3549,.F.);
#2526=ORIENTED_EDGE('',*,*,#3647,.F.);
#2527=ORIENTED_EDGE('',*,*,#3623,.F.);
#2528=ORIENTED_EDGE('',*,*,#3637,.F.);
#2529=ORIENTED_EDGE('',*,*,#3643,.T.);
#2530=ORIENTED_EDGE('',*,*,#3624,.F.);
#2531=ORIENTED_EDGE('',*,*,#3648,.F.);
#2532=ORIENTED_EDGE('',*,*,#3626,.F.);
#2533=ORIENTED_EDGE('',*,*,#3646,.T.);
#2534=ORIENTED_EDGE('',*,*,#3645,.T.);
#2535=ORIENTED_EDGE('',*,*,#3649,.F.);
#2536=ORIENTED_EDGE('',*,*,#3546,.F.);
#2537=ORIENTED_EDGE('',*,*,#3647,.T.);
#2538=ORIENTED_EDGE('',*,*,#3548,.F.);
#2539=ORIENTED_EDGE('',*,*,#3650,.F.);
#2540=ORIENTED_EDGE('',*,*,#3648,.T.);
#2541=ORIENTED_EDGE('',*,*,#3649,.T.);
#2542=ORIENTED_EDGE('',*,*,#3627,.F.);
#2543=ORIENTED_EDGE('',*,*,#3650,.T.);
#2544=ORIENTED_EDGE('',*,*,#3547,.F.);
#2545=ORIENTED_EDGE('',*,*,#3541,.F.);
#2546=ORIENTED_EDGE('',*,*,#3561,.F.);
#2547=EDGE_CURVE('',#3651,#3652,#4302,.T.);
#2548=EDGE_CURVE('',#3651,#3653,#4303,.T.);
#2549=EDGE_CURVE('',#3654,#3653,#4304,.T.);
#2550=EDGE_CURVE('',#3655,#3654,#4305,.T.);
#2551=EDGE_CURVE('',#3655,#3656,#4306,.T.);
#2552=EDGE_CURVE('',#3656,#3657,#4307,.T.);
#2553=EDGE_CURVE('',#3657,#3658,#4308,.T.);
#2554=EDGE_CURVE('',#3658,#3659,#4309,.T.);
#2555=EDGE_CURVE('',#3659,#3660,#4310,.F.);
#2556=EDGE_CURVE('',#3661,#3660,#4311,.T.);
#2557=EDGE_CURVE('',#3661,#3652,#4312,.T.);
#2558=EDGE_CURVE('',#3662,#3662,#225,.T.);
#2559=EDGE_CURVE('',#3663,#3664,#4313,.T.);
#2560=EDGE_CURVE('',#3663,#3665,#4314,.T.);
#2561=EDGE_CURVE('',#3665,#3666,#4315,.T.);
#2562=EDGE_CURVE('',#3666,#3667,#4316,.T.);
#2563=EDGE_CURVE('',#3667,#3668,#4317,.T.);
#2564=EDGE_CURVE('',#3669,#3668,#4318,.T.);
#2565=EDGE_CURVE('',#3669,#3670,#4319,.T.);
#2566=EDGE_CURVE('',#3670,#3671,#4320,.T.);
#2567=EDGE_CURVE('',#3671,#3672,#4321,.T.);
#2568=EDGE_CURVE('',#3672,#3664,#4322,.T.);
#2569=EDGE_CURVE('',#3673,#3674,#4323,.T.);
#2570=EDGE_CURVE('',#3674,#3675,#4324,.T.);
#2571=EDGE_CURVE('',#3675,#3676,#4325,.T.);
#2572=EDGE_CURVE('',#3676,#3677,#4326,.T.);
#2573=EDGE_CURVE('',#3677,#3678,#4327,.T.);
#2574=EDGE_CURVE('',#3678,#3679,#4328,.T.);
#2575=EDGE_CURVE('',#3679,#3680,#4329,.T.);
#2576=EDGE_CURVE('',#3681,#3680,#4330,.T.);
#2577=EDGE_CURVE('',#3682,#3681,#4331,.T.);
#2578=EDGE_CURVE('',#3682,#3683,#4332,.T.);
#2579=EDGE_CURVE('',#3683,#3684,#4333,.T.);
#2580=EDGE_CURVE('',#3684,#3685,#4334,.T.);
#2581=EDGE_CURVE('',#3686,#3685,#4335,.T.);
#2582=EDGE_CURVE('',#3687,#3686,#4336,.T.);
#2583=EDGE_CURVE('',#3687,#3673,#4337,.T.);
#2584=EDGE_CURVE('',#3688,#3689,#226,.T.);
#2585=EDGE_CURVE('',#3689,#3690,#4338,.T.);
#2586=EDGE_CURVE('',#3690,#3691,#4339,.T.);
#2587=EDGE_CURVE('',#3692,#3691,#4340,.T.);
#2588=EDGE_CURVE('',#3693,#3692,#4341,.T.);
#2589=EDGE_CURVE('',#3693,#3694,#4342,.T.);
#2590=EDGE_CURVE('',#3695,#3694,#4343,.T.);
#2591=EDGE_CURVE('',#3696,#3695,#4344,.T.);
#2592=EDGE_CURVE('',#3696,#3697,#4345,.T.);
#2593=EDGE_CURVE('',#3697,#3698,#4346,.T.);
#2594=EDGE_CURVE('',#3698,#3699,#4347,.T.);
#2595=EDGE_CURVE('',#3699,#3700,#4348,.T.);
#2596=EDGE_CURVE('',#3700,#3701,#4349,.T.);
#2597=EDGE_CURVE('',#3701,#3702,#4350,.T.);
#2598=EDGE_CURVE('',#3702,#3703,#4351,.T.);
#2599=EDGE_CURVE('',#3688,#3703,#4352,.T.);
#2600=EDGE_CURVE('',#3704,#3705,#4353,.T.);
#2601=EDGE_CURVE('',#3705,#3706,#227,.T.);
#2602=EDGE_CURVE('',#3706,#3674,#184,.T.);
#2603=EDGE_CURVE('',#3673,#3689,#185,.F.);
#2604=EDGE_CURVE('',#3707,#3688,#4354,.F.);
#2605=EDGE_CURVE('',#3707,#3708,#228,.F.);
#2606=EDGE_CURVE('',#3709,#3708,#4355,.T.);
#2607=EDGE_CURVE('',#3709,#3704,#229,.F.);
#2608=EDGE_CURVE('',#3710,#3711,#4356,.T.);
#2609=EDGE_CURVE('',#3711,#3712,#4357,.T.);
#2610=EDGE_CURVE('',#3712,#3713,#4358,.T.);
#2611=EDGE_CURVE('',#3713,#3710,#4359,.T.);
#2612=EDGE_CURVE('',#3714,#3715,#4360,.T.);
#2613=EDGE_CURVE('',#3714,#3716,#4361,.T.);
#2614=EDGE_CURVE('',#3716,#3717,#4362,.T.);
#2615=EDGE_CURVE('',#3717,#3718,#4363,.T.);
#2616=EDGE_CURVE('',#3718,#3719,#4364,.T.);
#2617=EDGE_CURVE('',#3720,#3719,#4365,.T.);
#2618=EDGE_CURVE('',#3720,#3721,#4366,.T.);
#2619=EDGE_CURVE('',#3721,#3722,#4367,.T.);
#2620=EDGE_CURVE('',#3722,#3723,#4368,.T.);
#2621=EDGE_CURVE('',#3723,#3715,#4369,.T.);
#2622=EDGE_CURVE('',#3724,#3725,#4370,.T.);
#2623=EDGE_CURVE('',#3725,#3659,#4371,.T.);
#2624=EDGE_CURVE('',#3658,#3726,#4372,.T.);
#2625=EDGE_CURVE('',#3726,#3727,#4373,.T.);
#2626=EDGE_CURVE('',#3727,#3728,#4374,.T.);
#2627=EDGE_CURVE('',#3728,#3724,#4375,.T.);
#2628=EDGE_CURVE('',#3729,#3730,#230,.T.);
#2629=EDGE_CURVE('',#3729,#3731,#4376,.T.);
#2630=EDGE_CURVE('',#3731,#3732,#231,.F.);
#2631=EDGE_CURVE('',#3732,#3730,#4377,.T.);
#2632=EDGE_CURVE('',#3733,#3734,#4378,.F.);
#2633=EDGE_CURVE('',#3734,#3735,#4379,.T.);
#2634=EDGE_CURVE('',#3736,#3735,#4380,.T.);
#2635=EDGE_CURVE('',#3736,#3737,#4381,.T.);
#2636=EDGE_CURVE('',#3737,#3738,#4382,.T.);
#2637=EDGE_CURVE('',#3738,#3739,#4383,.T.);
#2638=EDGE_CURVE('',#3733,#3739,#4384,.T.);
#2639=EDGE_CURVE('',#3740,#3740,#232,.F.);
#2640=EDGE_CURVE('',#3741,#3742,#4385,.T.);
#2641=EDGE_CURVE('',#3742,#3743,#4386,.T.);
#2642=EDGE_CURVE('',#3743,#3744,#4387,.T.);
#2643=EDGE_CURVE('',#3744,#3745,#4388,.T.);
#2644=EDGE_CURVE('',#3745,#3746,#233,.F.);
#2645=EDGE_CURVE('',#3746,#3747,#4389,.T.);
#2646=EDGE_CURVE('',#3748,#3747,#76,.T.);
#2647=EDGE_CURVE('',#3748,#3749,#4390,.T.);
#2648=EDGE_CURVE('',#3749,#3750,#234,.F.);
#2649=EDGE_CURVE('',#3750,#3741,#4391,.T.);
#2650=EDGE_CURVE('',#3751,#3752,#4392,.T.);
#2651=EDGE_CURVE('',#3752,#3753,#235,.F.);
#2652=EDGE_CURVE('',#3753,#3754,#4393,.T.);
#2653=EDGE_CURVE('',#3754,#3755,#77,.T.);
#2654=EDGE_CURVE('',#3756,#3755,#236,.T.);
#2655=EDGE_CURVE('',#3756,#3757,#4394,.T.);
#2656=EDGE_CURVE('',#3757,#3758,#4395,.T.);
#2657=EDGE_CURVE('',#3758,#3759,#4396,.T.);
#2658=EDGE_CURVE('',#3759,#3760,#237,.T.);
#2659=EDGE_CURVE('',#3760,#3761,#4397,.T.);
#2660=EDGE_CURVE('',#3762,#3761,#4398,.T.);
#2661=EDGE_CURVE('',#3762,#3763,#4399,.T.);
#2662=EDGE_CURVE('',#3763,#3764,#4400,.T.);
#2663=EDGE_CURVE('',#3764,#3765,#4401,.T.);
#2664=EDGE_CURVE('',#3765,#3766,#4402,.T.);
#2665=EDGE_CURVE('',#3767,#3766,#4403,.T.);
#2666=EDGE_CURVE('',#3767,#3768,#238,.F.);
#2667=EDGE_CURVE('',#3768,#3769,#4404,.T.);
#2668=EDGE_CURVE('',#3769,#3770,#4405,.T.);
#2669=EDGE_CURVE('',#3770,#3771,#4406,.T.);
#2670=EDGE_CURVE('',#3771,#3772,#239,.F.);
#2671=EDGE_CURVE('',#3772,#3773,#4407,.T.);
#2672=EDGE_CURVE('',#3773,#3751,#4408,.T.);
#2673=EDGE_CURVE('',#3774,#3775,#4409,.T.);
#2674=EDGE_CURVE('',#3775,#3709,#4410,.T.);
#2675=EDGE_CURVE('',#3708,#3774,#4411,.T.);
#2676=EDGE_CURVE('',#3776,#3777,#4412,.T.);
#2677=EDGE_CURVE('',#3777,#3778,#4413,.T.);
#2678=EDGE_CURVE('',#3778,#3779,#78,.T.);
#2679=EDGE_CURVE('',#3779,#3780,#4414,.T.);
#2680=EDGE_CURVE('',#3780,#3781,#4415,.T.);
#2681=EDGE_CURVE('',#3781,#3776,#4416,.T.);
#2682=EDGE_CURVE('',#3782,#3782,#79,.T.);
#2683=EDGE_CURVE('',#3783,#3784,#240,.T.);
#2684=EDGE_CURVE('',#3784,#3785,#186,.T.);
#2685=EDGE_CURVE('',#3785,#3786,#4417,.T.);
#2686=EDGE_CURVE('',#3786,#3787,#241,.T.);
#2687=EDGE_CURVE('',#3756,#3787,#4418,.T.);
#2688=EDGE_CURVE('',#3755,#3729,#242,.T.);
#2689=EDGE_CURVE('',#3730,#3777,#187,.T.);
#2690=EDGE_CURVE('',#3783,#3776,#4419,.T.);
#2691=EDGE_CURVE('',#3788,#3789,#4420,.T.);
#2692=EDGE_CURVE('',#3789,#3790,#4421,.T.);
#2693=EDGE_CURVE('',#3790,#3791,#4422,.T.);
#2694=EDGE_CURVE('',#3791,#3792,#4423,.T.);
#2695=EDGE_CURVE('',#3792,#3793,#4424,.T.);
#2696=EDGE_CURVE('',#3793,#3794,#4425,.T.);
#2697=EDGE_CURVE('',#3794,#3754,#80,.T.);
#2698=EDGE_CURVE('',#3753,#3795,#81,.T.);
#2699=EDGE_CURVE('',#3795,#3788,#4426,.T.);
#2700=EDGE_CURVE('',#3796,#3796,#243,.T.);
#2701=EDGE_CURVE('',#3797,#3661,#4427,.T.);
#2702=EDGE_CURVE('',#3660,#3798,#4428,.T.);
#2703=EDGE_CURVE('',#3798,#3797,#4429,.T.);
#2704=EDGE_CURVE('',#3799,#3799,#244,.T.);
#2705=EDGE_CURVE('',#3800,#3801,#4430,.T.);
#2706=EDGE_CURVE('',#3801,#3802,#4431,.T.);
#2707=EDGE_CURVE('',#3803,#3802,#4432,.T.);
#2708=EDGE_CURVE('',#3803,#3804,#4433,.F.);
#2709=EDGE_CURVE('',#3805,#3804,#4434,.T.);
#2710=EDGE_CURVE('',#3805,#3806,#4435,.F.);
#2711=EDGE_CURVE('',#3806,#3807,#4436,.T.);
#2712=EDGE_CURVE('',#3807,#3808,#4437,.T.);
#2713=EDGE_CURVE('',#3808,#3809,#4438,.T.);
#2714=EDGE_CURVE('',#3809,#3810,#4439,.T.);
#2715=EDGE_CURVE('',#3810,#3811,#4440,.T.);
#2716=EDGE_CURVE('',#3811,#3812,#4441,.T.);
#2717=EDGE_CURVE('',#3812,#3813,#4442,.T.);
#2718=EDGE_CURVE('',#3813,#3814,#4443,.T.);
#2719=EDGE_CURVE('',#3814,#3815,#4444,.T.);
#2720=EDGE_CURVE('',#3815,#3800,#4445,.T.);
#2721=EDGE_CURVE('',#3703,#3816,#4446,.T.);
#2722=EDGE_CURVE('',#3816,#3707,#4447,.T.);
#2723=EDGE_CURVE('',#3817,#3818,#4448,.F.);
#2724=EDGE_CURVE('',#3818,#3819,#245,.F.);
#2725=EDGE_CURVE('',#3819,#3820,#4449,.T.);
#2726=EDGE_CURVE('',#3820,#3817,#246,.T.);
#2727=EDGE_CURVE('',#3821,#3821,#82,.T.);
#2728=EDGE_CURVE('',#3822,#3823,#4450,.T.);
#2729=EDGE_CURVE('',#3822,#3824,#247,.T.);
#2730=EDGE_CURVE('',#3824,#3825,#4451,.T.);
#2731=EDGE_CURVE('',#3825,#3823,#248,.F.);
#2732=EDGE_CURVE('',#3826,#3826,#249,.T.);
#2733=EDGE_CURVE('',#3827,#3827,#250,.F.);
#2734=EDGE_CURVE('',#3828,#3829,#4452,.T.);
#2735=EDGE_CURVE('',#3828,#3830,#251,.T.);
#2736=EDGE_CURVE('',#3830,#3831,#4453,.T.);
#2737=EDGE_CURVE('',#3831,#3829,#252,.F.);
#2738=EDGE_CURVE('',#3832,#3833,#4454,.T.);
#2739=EDGE_CURVE('',#3833,#3834,#4455,.T.);
#2740=EDGE_CURVE('',#3834,#3835,#4456,.T.);
#2741=EDGE_CURVE('',#3835,#3832,#4457,.T.);
#2742=EDGE_CURVE('',#3836,#3837,#4458,.T.);
#2743=EDGE_CURVE('',#3837,#3838,#83,.F.);
#2744=EDGE_CURVE('',#3838,#3839,#4459,.T.);
#2745=EDGE_CURVE('',#3839,#3840,#4460,.T.);
#2746=EDGE_CURVE('',#3840,#3841,#4461,.T.);
#2747=EDGE_CURVE('',#3841,#3842,#4462,.T.);
#2748=EDGE_CURVE('',#3842,#3843,#4463,.T.);
#2749=EDGE_CURVE('',#3843,#3844,#4464,.T.);
#2750=EDGE_CURVE('',#3844,#3836,#4465,.T.);
#2751=EDGE_CURVE('',#3845,#3845,#253,.T.);
#2752=EDGE_CURVE('',#3846,#3847,#4466,.F.);
#2753=EDGE_CURVE('',#3847,#3848,#254,.T.);
#2754=EDGE_CURVE('',#3848,#3849,#4467,.T.);
#2755=EDGE_CURVE('',#3849,#3850,#255,.F.);
#2756=EDGE_CURVE('',#3850,#3846,#4468,.F.);
#2757=EDGE_CURVE('',#3848,#3851,#4469,.T.);
#2758=EDGE_CURVE('',#3851,#3852,#4470,.T.);
#2759=EDGE_CURVE('',#3852,#3849,#4471,.T.);
#2760=EDGE_CURVE('',#3853,#3854,#4472,.T.);
#2761=EDGE_CURVE('',#3854,#3855,#4473,.T.);
#2762=EDGE_CURVE('',#3855,#3856,#4474,.T.);
#2763=EDGE_CURVE('',#3856,#3853,#4475,.T.);
#2764=EDGE_CURVE('',#3857,#3858,#4476,.T.);
#2765=EDGE_CURVE('',#3858,#3859,#4477,.T.);
#2766=EDGE_CURVE('',#3859,#3860,#4478,.T.);
#2767=EDGE_CURVE('',#3860,#3857,#4479,.T.);
#2768=EDGE_CURVE('',#3819,#3861,#4480,.T.);
#2769=EDGE_CURVE('',#3861,#3862,#4481,.T.);
#2770=EDGE_CURVE('',#3862,#3820,#4482,.T.);
#2771=EDGE_CURVE('',#3861,#3863,#4483,.T.);
#2772=EDGE_CURVE('',#3863,#3864,#4484,.T.);
#2773=EDGE_CURVE('',#3864,#3862,#4485,.T.);
#2774=EDGE_CURVE('',#3787,#3864,#4486,.T.);
#2775=EDGE_CURVE('',#3863,#3757,#4487,.F.);
#2776=EDGE_CURVE('',#3785,#3865,#4488,.T.);
#2777=EDGE_CURVE('',#3865,#3733,#4489,.T.);
#2778=EDGE_CURVE('',#3739,#3786,#4490,.T.);
#2779=EDGE_CURVE('',#3866,#3867,#4491,.T.);
#2780=EDGE_CURVE('',#3867,#3822,#4492,.T.);
#2781=EDGE_CURVE('',#3823,#3866,#4493,.T.);
#2782=EDGE_CURVE('',#3868,#3869,#4494,.T.);
#2783=EDGE_CURVE('',#3869,#3870,#256,.T.);
#2784=EDGE_CURVE('',#3870,#3871,#4495,.T.);
#2785=EDGE_CURVE('',#3871,#3872,#4496,.T.);
#2786=EDGE_CURVE('',#3872,#3873,#4497,.T.);
#2787=EDGE_CURVE('',#3873,#3874,#257,.T.);
#2788=EDGE_CURVE('',#3874,#3875,#4498,.T.);
#2789=EDGE_CURVE('',#3875,#3876,#4499,.T.);
#2790=EDGE_CURVE('',#3876,#3877,#4500,.T.);
#2791=EDGE_CURVE('',#3877,#3878,#258,.T.);
#2792=EDGE_CURVE('',#3879,#3878,#4501,.T.);
#2793=EDGE_CURVE('',#3879,#3880,#4502,.T.);
#2794=EDGE_CURVE('',#3880,#3881,#4503,.T.);
#2795=EDGE_CURVE('',#3881,#3882,#4504,.T.);
#2796=EDGE_CURVE('',#3882,#3883,#259,.T.);
#2797=EDGE_CURVE('',#3883,#3884,#4505,.T.);
#2798=EDGE_CURVE('',#3884,#3868,#4506,.T.);
#2799=EDGE_CURVE('',#3885,#3886,#4507,.T.);
#2800=EDGE_CURVE('',#3885,#3887,#4508,.T.);
#2801=EDGE_CURVE('',#3887,#3888,#260,.F.);
#2802=EDGE_CURVE('',#3888,#3889,#4509,.T.);
#2803=EDGE_CURVE('',#3889,#3890,#4510,.T.);
#2804=EDGE_CURVE('',#3890,#3891,#4511,.T.);
#2805=EDGE_CURVE('',#3891,#3892,#261,.F.);
#2806=EDGE_CURVE('',#3892,#3893,#4512,.T.);
#2807=EDGE_CURVE('',#3893,#3886,#4513,.T.);
#2808=EDGE_CURVE('',#3789,#3894,#4514,.T.);
#2809=EDGE_CURVE('',#3894,#3895,#4515,.T.);
#2810=EDGE_CURVE('',#3895,#3896,#4516,.T.);
#2811=EDGE_CURVE('',#3896,#3702,#4517,.T.);
#2812=EDGE_CURVE('',#3701,#3790,#4518,.T.);
#2813=EDGE_CURVE('',#3897,#3897,#262,.T.);
#2814=EDGE_CURVE('',#3850,#3898,#4519,.T.);
#2815=EDGE_CURVE('',#3898,#3899,#4520,.T.);
#2816=EDGE_CURVE('',#3899,#3846,#4521,.T.);
#2817=EDGE_CURVE('',#3824,#3900,#4522,.T.);
#2818=EDGE_CURVE('',#3900,#3901,#4523,.T.);
#2819=EDGE_CURVE('',#3901,#3825,#4524,.T.);
#2820=EDGE_CURVE('',#3902,#3903,#4525,.T.);
#2821=EDGE_CURVE('',#3903,#3904,#4526,.T.);
#2822=EDGE_CURVE('',#3904,#3905,#4527,.T.);
#2823=EDGE_CURVE('',#3905,#3902,#4528,.T.);
#2824=EDGE_CURVE('',#3906,#3906,#263,.T.);
#2825=EDGE_CURVE('',#3907,#3908,#4529,.T.);
#2826=EDGE_CURVE('',#3908,#3828,#4530,.T.);
#2827=EDGE_CURVE('',#3829,#3907,#4531,.T.);
#2828=EDGE_CURVE('',#3909,#3910,#4532,.T.);
#2829=EDGE_CURVE('',#3910,#3911,#4533,.T.);
#2830=EDGE_CURVE('',#3912,#3911,#4534,.T.);
#2831=EDGE_CURVE('',#3912,#3913,#4535,.F.);
#2832=EDGE_CURVE('',#3913,#3783,#4536,.T.);
#2833=EDGE_CURVE('',#3776,#3914,#4537,.T.);
#2834=EDGE_CURVE('',#3914,#3909,#4538,.T.);
#2835=EDGE_CURVE('',#3652,#3915,#4539,.T.);
#2836=EDGE_CURVE('',#3916,#3915,#4540,.T.);
#2837=EDGE_CURVE('',#3916,#3917,#4541,.T.);
#2838=EDGE_CURVE('',#3917,#3651,#4542,.T.);
#2839=EDGE_CURVE('',#3755,#3918,#84,.T.);
#2840=EDGE_CURVE('',#3918,#3919,#264,.T.);
#2841=EDGE_CURVE('',#3919,#3920,#4543,.T.);
#2842=EDGE_CURVE('',#3920,#3729,#85,.T.);
#2843=EDGE_CURVE('',#3921,#3922,#4544,.T.);
#2844=EDGE_CURVE('',#3922,#3923,#4545,.T.);
#2845=EDGE_CURVE('',#3923,#3924,#4546,.T.);
#2846=EDGE_CURVE('',#3925,#3924,#4547,.T.);
#2847=EDGE_CURVE('',#3925,#3926,#265,.T.);
#2848=EDGE_CURVE('',#3926,#3927,#4548,.T.);
#2849=EDGE_CURVE('',#3927,#3928,#4549,.T.);
#2850=EDGE_CURVE('',#3928,#3929,#4550,.T.);
#2851=EDGE_CURVE('',#3929,#3930,#4551,.T.);
#2852=EDGE_CURVE('',#3930,#3931,#4552,.T.);
#2853=EDGE_CURVE('',#3921,#3931,#86,.T.);
#2854=EDGE_CURVE('',#3933,#3933,#266,.T.);
#2855=EDGE_CURVE('',#3935,#3935,#267,.T.);
#2856=EDGE_CURVE('',#3795,#3847,#87,.T.);
#2857=EDGE_CURVE('',#3788,#3846,#4553,.T.);
#2858=EDGE_CURVE('',#3899,#3894,#4554,.F.);
#2859=EDGE_CURVE('',#3793,#3936,#268,.T.);
#2860=EDGE_CURVE('',#3936,#3919,#4555,.T.);
#2861=EDGE_CURVE('',#3918,#3794,#88,.T.);
#2862=EDGE_CURVE('',#3911,#3937,#4556,.T.);
#2863=EDGE_CURVE('',#3937,#3919,#4557,.T.);
#2864=EDGE_CURVE('',#3936,#3938,#4558,.T.);
#2865=EDGE_CURVE('',#3938,#3912,#4559,.T.);
#2866=EDGE_CURVE('',#3939,#3940,#89,.T.);
#2867=EDGE_CURVE('',#3940,#3920,#4560,.T.);
#2868=EDGE_CURVE('',#3937,#3941,#4561,.T.);
#2869=EDGE_CURVE('',#3942,#3941,#90,.T.);
#2870=EDGE_CURVE('',#3942,#3943,#4562,.T.);
#2871=EDGE_CURVE('',#3943,#3939,#4563,.T.);
#2872=EDGE_CURVE('',#3913,#3944,#4564,.T.);
#2873=EDGE_CURVE('',#3944,#3945,#4565,.T.);
#2874=EDGE_CURVE('',#3783,#3945,#91,.F.);
#2875=EDGE_CURVE('',#3945,#3946,#269,.F.);
#2876=EDGE_CURVE('',#3946,#3784,#92,.F.);
#2877=EDGE_CURVE('',#3947,#3948,#93,.T.);
#2878=EDGE_CURVE('',#3948,#3734,#4566,.F.);
#2879=EDGE_CURVE('',#3865,#3947,#94,.T.);
#2880=EDGE_CURVE('',#3735,#3949,#4567,.T.);
#2881=EDGE_CURVE('',#3949,#3764,#4568,.T.);
#2882=EDGE_CURVE('',#3763,#3736,#4569,.F.);
#2883=EDGE_CURVE('',#3915,#3725,#4570,.T.);
#2884=EDGE_CURVE('',#3724,#3950,#4571,.T.);
#2885=EDGE_CURVE('',#3950,#3951,#4572,.T.);
#2886=EDGE_CURVE('',#3951,#3916,#4573,.F.);
#2887=EDGE_CURVE('',#3806,#3952,#4574,.T.);
#2888=EDGE_CURVE('',#3952,#3953,#4575,.T.);
#2889=EDGE_CURVE('',#3953,#3807,#4576,.T.);
#2890=EDGE_CURVE('',#3952,#3803,#4577,.T.);
#2891=EDGE_CURVE('',#3802,#3953,#4578,.T.);
#2892=EDGE_CURVE('',#3804,#3954,#4579,.T.);
#2893=EDGE_CURVE('',#3954,#3805,#4580,.T.);
#2894=EDGE_CURVE('',#3955,#3956,#4581,.T.);
#2895=EDGE_CURVE('',#3956,#3957,#4582,.T.);
#2896=EDGE_CURVE('',#3957,#3958,#4583,.T.);
#2897=EDGE_CURVE('',#3958,#3955,#4584,.T.);
#2898=EDGE_CURVE('',#3959,#3960,#4585,.T.);
#2899=EDGE_CURVE('',#3960,#3961,#4586,.T.);
#2900=EDGE_CURVE('',#3961,#3962,#4587,.T.);
#2901=EDGE_CURVE('',#3962,#3959,#4588,.T.);
#2902=EDGE_CURVE('',#3963,#3964,#4589,.T.);
#2903=EDGE_CURVE('',#3964,#3965,#4590,.T.);
#2904=EDGE_CURVE('',#3966,#3965,#4591,.T.);
#2905=EDGE_CURVE('',#3967,#3966,#4592,.T.);
#2906=EDGE_CURVE('',#3967,#3968,#4593,.T.);
#2907=EDGE_CURVE('',#3968,#3969,#4594,.T.);
#2908=EDGE_CURVE('',#3969,#3970,#4595,.T.);
#2909=EDGE_CURVE('',#3970,#3963,#4596,.T.);
#2910=EDGE_CURVE('',#3971,#3972,#4597,.T.);
#2911=EDGE_CURVE('',#3972,#3973,#4598,.T.);
#2912=EDGE_CURVE('',#3973,#3974,#4599,.T.);
#2913=EDGE_CURVE('',#3974,#3971,#4600,.T.);
#2914=EDGE_CURVE('',#3975,#3976,#4601,.T.);
#2915=EDGE_CURVE('',#3975,#3977,#4602,.T.);
#2916=EDGE_CURVE('',#3977,#3978,#4603,.T.);
#2917=EDGE_CURVE('',#3978,#3979,#4604,.T.);
#2918=EDGE_CURVE('',#3979,#3980,#4605,.T.);
#2919=EDGE_CURVE('',#3980,#3981,#4606,.T.);
#2920=EDGE_CURVE('',#3981,#3982,#4607,.T.);
#2921=EDGE_CURVE('',#3976,#3982,#4608,.T.);
#2922=EDGE_CURVE('',#3983,#3984,#4609,.T.);
#2923=EDGE_CURVE('',#3984,#3985,#4610,.T.);
#2924=EDGE_CURVE('',#3985,#3986,#4611,.T.);
#2925=EDGE_CURVE('',#3986,#3983,#4612,.T.);
#2926=EDGE_CURVE('',#3987,#3988,#4613,.T.);
#2927=EDGE_CURVE('',#3988,#3989,#4614,.T.);
#2928=EDGE_CURVE('',#3989,#3990,#4615,.T.);
#2929=EDGE_CURVE('',#3990,#3987,#4616,.T.);
#2930=EDGE_CURVE('',#3991,#3991,#270,.F.);
#2931=EDGE_CURVE('',#3992,#3993,#4617,.T.);
#2932=EDGE_CURVE('',#3993,#3988,#4618,.T.);
#2933=EDGE_CURVE('',#3987,#3992,#4619,.T.);
#2934=EDGE_CURVE('',#3862,#3889,#4620,.T.);
#2935=EDGE_CURVE('',#3890,#3864,#4621,.T.);
#2936=EDGE_CURVE('',#3891,#3787,#95,.T.);
#2937=EDGE_CURVE('',#3820,#3888,#96,.F.);
#2938=EDGE_CURVE('',#3892,#3786,#97,.T.);
#2939=EDGE_CURVE('',#3817,#3887,#98,.T.);
#2940=EDGE_CURVE('',#3758,#3861,#4622,.F.);
#2941=EDGE_CURVE('',#3893,#3739,#4623,.F.);
#2942=EDGE_CURVE('',#3817,#3859,#4624,.T.);
#2943=EDGE_CURVE('',#3859,#3887,#4625,.F.);
#2944=EDGE_CURVE('',#3759,#3819,#99,.T.);
#2945=EDGE_CURVE('',#3886,#3738,#4626,.T.);
#2946=EDGE_CURVE('',#3860,#3885,#4627,.T.);
#2947=EDGE_CURVE('',#3818,#3858,#4628,.F.);
#2948=EDGE_CURVE('',#3760,#3818,#100,.T.);
#2949=EDGE_CURVE('',#3860,#3738,#4629,.T.);
#2950=EDGE_CURVE('',#3760,#3858,#4630,.T.);
#2951=EDGE_CURVE('',#3857,#3737,#4631,.F.);
#2952=EDGE_CURVE('',#3761,#3857,#4632,.T.);
#2953=EDGE_CURVE('',#3762,#3737,#4633,.F.);
#2954=EDGE_CURVE('',#3965,#3993,#4634,.T.);
#2955=EDGE_CURVE('',#3988,#3964,#4635,.T.);
#2956=EDGE_CURVE('',#3989,#3963,#4636,.T.);
#2957=EDGE_CURVE('',#3972,#3993,#4637,.T.);
#2958=EDGE_CURVE('',#3967,#3972,#4638,.F.);
#2959=EDGE_CURVE('',#3666,#3963,#4639,.T.);
#2960=EDGE_CURVE('',#3989,#3666,#4640,.F.);
#2961=EDGE_CURVE('',#3990,#3665,#4641,.T.);
#2962=EDGE_CURVE('',#3978,#3990,#4642,.T.);
#2963=EDGE_CURVE('',#3987,#3977,#4643,.F.);
#2964=EDGE_CURVE('',#3992,#3975,#4644,.T.);
#2965=EDGE_CURVE('',#3973,#3992,#4645,.F.);
#2966=EDGE_CURVE('',#3968,#3971,#4646,.F.);
#2967=EDGE_CURVE('',#3667,#3970,#4647,.F.);
#2968=EDGE_CURVE('',#3978,#3665,#4648,.T.);
#2969=EDGE_CURVE('',#3973,#3982,#4649,.F.);
#2970=EDGE_CURVE('',#3968,#3722,#4650,.F.);
#2971=EDGE_CURVE('',#3722,#3971,#4651,.F.);
#2972=EDGE_CURVE('',#3667,#3960,#4652,.T.);
#2973=EDGE_CURVE('',#3960,#3970,#4653,.T.);
#2974=EDGE_CURVE('',#3979,#3663,#4654,.T.);
#2975=EDGE_CURVE('',#3974,#3981,#4655,.F.);
#2976=EDGE_CURVE('',#3723,#3974,#4656,.T.);
#2977=EDGE_CURVE('',#3969,#3721,#4657,.T.);
#2978=EDGE_CURVE('',#3961,#3969,#4658,.F.);
#2979=EDGE_CURVE('',#3668,#3959,#4659,.T.);
#2980=EDGE_CURVE('',#3983,#3664,#4660,.F.);
#2981=EDGE_CURVE('',#3979,#3983,#4661,.T.);
#2982=EDGE_CURVE('',#3723,#3981,#4662,.F.);
#2983=EDGE_CURVE('',#3961,#3721,#4663,.F.);
#2984=EDGE_CURVE('',#3958,#3959,#4664,.T.);
#2985=EDGE_CURVE('',#3669,#3958,#4665,.F.);
#2986=EDGE_CURVE('',#3690,#3687,#4666,.T.);
#2987=EDGE_CURVE('',#3671,#3685,#4667,.F.);
#2988=EDGE_CURVE('',#3690,#3671,#4668,.T.);
#2989=EDGE_CURVE('',#3672,#3684,#4669,.F.);
#2990=EDGE_CURVE('',#3984,#3672,#4670,.F.);
#2991=EDGE_CURVE('',#3980,#3986,#4671,.F.);
#2992=EDGE_CURVE('',#3715,#3980,#4672,.T.);
#2993=EDGE_CURVE('',#3962,#3720,#4673,.T.);
#2994=EDGE_CURVE('',#3955,#3962,#4674,.F.);
#2995=EDGE_CURVE('',#3670,#3957,#4675,.F.);
#2996=EDGE_CURVE('',#3691,#3670,#4676,.T.);
#2997=EDGE_CURVE('',#3848,#3752,#101,.F.);
#2998=EDGE_CURVE('',#3984,#3684,#4677,.T.);
#2999=EDGE_CURVE('',#3714,#3986,#4678,.F.);
#3000=EDGE_CURVE('',#3955,#3719,#4679,.F.);
#3001=EDGE_CURVE('',#3693,#3957,#4680,.F.);
#3002=EDGE_CURVE('',#3851,#3751,#4681,.T.);
#3003=EDGE_CURVE('',#3855,#3851,#4682,.F.);
#3004=EDGE_CURVE('',#3852,#3854,#4683,.F.);
#3005=EDGE_CURVE('',#3854,#3871,#4684,.F.);
#3006=EDGE_CURVE('',#3872,#3853,#4685,.F.);
#3007=EDGE_CURVE('',#3852,#3871,#4686,.T.);
#3008=EDGE_CURVE('',#3985,#3683,#4687,.F.);
#3009=EDGE_CURVE('',#3716,#3985,#4688,.T.);
#3010=EDGE_CURVE('',#3956,#3718,#4689,.T.);
#3011=EDGE_CURVE('',#3694,#3956,#4690,.T.);
#3012=EDGE_CURVE('',#3855,#3751,#4691,.F.);
#3013=EDGE_CURVE('',#3872,#3866,#4692,.F.);
#3014=EDGE_CURVE('',#3866,#3853,#4693,.F.);
#3015=EDGE_CURVE('',#3849,#3870,#102,.T.);
#3016=EDGE_CURVE('',#3716,#3683,#4694,.F.);
#3017=EDGE_CURVE('',#3696,#3718,#4695,.F.);
#3018=EDGE_CURVE('',#3856,#3773,#4696,.T.);
#3019=EDGE_CURVE('',#3867,#3856,#4697,.T.);
#3020=EDGE_CURVE('',#3873,#3823,#103,.T.);
#3021=EDGE_CURVE('',#3994,#3921,#4698,.T.);
#3022=EDGE_CURVE('',#3994,#3995,#4699,.T.);
#3023=EDGE_CURVE('',#3995,#3996,#4700,.T.);
#3024=EDGE_CURVE('',#3996,#3922,#4701,.F.);
#3025=EDGE_CURVE('',#3850,#3869,#104,.T.);
#3026=EDGE_CURVE('',#3801,#3950,#4702,.T.);
#3027=EDGE_CURVE('',#3951,#3800,#4703,.T.);
#3028=EDGE_CURVE('',#3802,#3728,#4704,.F.);
#3029=EDGE_CURVE('',#3939,#3706,#105,.F.);
#3030=EDGE_CURVE('',#3943,#3997,#4705,.T.);
#3031=EDGE_CURVE('',#3675,#3997,#106,.T.);
#3032=EDGE_CURVE('',#3717,#3682,#4706,.T.);
#3033=EDGE_CURVE('',#3697,#3717,#4707,.T.);
#3034=EDGE_CURVE('',#3867,#3773,#4708,.T.);
#3035=EDGE_CURVE('',#3874,#3825,#107,.T.);
#3036=EDGE_CURVE('',#3898,#3868,#4709,.T.);
#3037=EDGE_CURVE('',#3895,#3898,#4710,.F.);
#3038=EDGE_CURVE('',#3779,#3705,#108,.T.);
#3039=EDGE_CURVE('',#3778,#3732,#109,.T.);
#3040=EDGE_CURVE('',#3731,#3940,#188,.T.);
#3041=EDGE_CURVE('',#3997,#3994,#110,.T.);
#3042=EDGE_CURVE('',#3675,#3931,#4711,.F.);
#3043=EDGE_CURVE('',#3917,#3815,#4712,.F.);
#3044=EDGE_CURVE('',#3651,#3677,#4713,.F.);
#3045=EDGE_CURVE('',#3678,#3917,#4714,.F.);
#3046=EDGE_CURVE('',#3953,#3727,#4715,.T.);
#3047=EDGE_CURVE('',#3678,#3815,#4716,.T.);
#3048=EDGE_CURVE('',#3697,#3680,#4717,.F.);
#3049=EDGE_CURVE('',#3822,#3772,#111,.T.);
#3050=EDGE_CURVE('',#3875,#3901,#4718,.F.);
#3051=EDGE_CURVE('',#3895,#3868,#4719,.F.);
#3052=EDGE_CURVE('',#3780,#3704,#4720,.F.);
#3053=EDGE_CURVE('',#3923,#3998,#4721,.T.);
#3054=EDGE_CURVE('',#3998,#3781,#4722,.F.);
#3055=EDGE_CURVE('',#3924,#3780,#4723,.T.);
#3056=EDGE_CURVE('',#3676,#3930,#4724,.F.);
#3057=EDGE_CURVE('',#3653,#3676,#4725,.T.);
#3058=EDGE_CURVE('',#3807,#3726,#4726,.F.);
#3059=EDGE_CURVE('',#3679,#3814,#4727,.F.);
#3060=EDGE_CURVE('',#3698,#3679,#4728,.F.);
#3061=EDGE_CURVE('',#3791,#3700,#4729,.T.);
#3062=EDGE_CURVE('',#3824,#3771,#112,.T.);
#3063=EDGE_CURVE('',#3875,#3902,#4730,.F.);
#3064=EDGE_CURVE('',#3902,#3901,#4731,.F.);
#3065=EDGE_CURVE('',#3896,#3884,#4732,.T.);
#3066=EDGE_CURVE('',#3816,#3896,#4733,.T.);
#3067=EDGE_CURVE('',#3925,#3704,#4734,.F.);
#3068=EDGE_CURVE('',#3655,#3930,#4735,.F.);
#3069=EDGE_CURVE('',#3808,#3657,#4736,.T.);
#3070=EDGE_CURVE('',#3698,#3814,#4737,.T.);
#3071=EDGE_CURVE('',#3791,#3711,#4738,.T.);
#3072=EDGE_CURVE('',#3711,#3700,#4739,.F.);
#3073=EDGE_CURVE('',#3900,#3770,#4740,.T.);
#3074=EDGE_CURVE('',#3903,#3900,#4741,.T.);
#3075=EDGE_CURVE('',#3876,#3905,#4742,.T.);
#3076=EDGE_CURVE('',#3816,#3884,#4743,.T.);
#3077=EDGE_CURVE('',#3926,#3709,#113,.F.);
#3078=EDGE_CURVE('',#3656,#3929,#4744,.T.);
#3079=EDGE_CURVE('',#3809,#3656,#4745,.T.);
#3080=EDGE_CURVE('',#3699,#3813,#4746,.F.);
#3081=EDGE_CURVE('',#3712,#3699,#4747,.T.);
#3082=EDGE_CURVE('',#3792,#3710,#4748,.F.);
#3083=EDGE_CURVE('',#3793,#3750,#114,.F.);
#3084=EDGE_CURVE('',#3741,#3792,#4749,.F.);
#3085=EDGE_CURVE('',#3903,#3770,#4750,.T.);
#3086=EDGE_CURVE('',#3876,#3907,#4751,.F.);
#3087=EDGE_CURVE('',#3907,#3905,#4752,.T.);
#3088=EDGE_CURVE('',#3707,#3883,#115,.F.);
#3089=EDGE_CURVE('',#3927,#3775,#116,.T.);
#3090=EDGE_CURVE('',#3809,#3929,#4753,.T.);
#3091=EDGE_CURVE('',#3712,#3813,#4754,.F.);
#3092=EDGE_CURVE('',#3741,#3710,#4755,.T.);
#3093=EDGE_CURVE('',#3936,#3749,#117,.F.);
#3094=EDGE_CURVE('',#3904,#3769,#4756,.F.);
#3095=EDGE_CURVE('',#3908,#3904,#4757,.F.);
#3096=EDGE_CURVE('',#3877,#3829,#118,.T.);
#3097=EDGE_CURVE('',#3708,#3882,#119,.F.);
#3098=EDGE_CURVE('',#3838,#3775,#4758,.F.);
#3099=EDGE_CURVE('',#3927,#3837,#4759,.F.);
#3100=EDGE_CURVE('',#3928,#3836,#4760,.T.);
#3101=EDGE_CURVE('',#3810,#3928,#4761,.F.);
#3102=EDGE_CURVE('',#3713,#3812,#4762,.T.);
#3103=EDGE_CURVE('',#3742,#3713,#4763,.F.);
#3104=EDGE_CURVE('',#3938,#3748,#4764,.T.);
#3105=EDGE_CURVE('',#3944,#3938,#120,.T.);
#3106=EDGE_CURVE('',#3908,#3769,#4765,.T.);
#3107=EDGE_CURVE('',#3878,#3831,#4766,.T.);
#3108=EDGE_CURVE('',#3774,#3881,#4767,.T.);
#3109=EDGE_CURVE('',#3839,#3774,#4768,.T.);
#3110=EDGE_CURVE('',#3810,#3836,#4769,.F.);
#3111=EDGE_CURVE('',#3742,#3812,#4770,.F.);
#3112=EDGE_CURVE('',#3944,#3747,#4771,.F.);
#3113=EDGE_CURVE('',#3828,#3768,#121,.T.);
#3114=EDGE_CURVE('',#3835,#3831,#4772,.F.);
#3115=EDGE_CURVE('',#3879,#3835,#4773,.F.);
#3116=EDGE_CURVE('',#3839,#3881,#4774,.T.);
#3117=EDGE_CURVE('',#3811,#3844,#4775,.T.);
#3118=EDGE_CURVE('',#3743,#3811,#4776,.T.);
#3119=EDGE_CURVE('',#3945,#3746,#122,.T.);
#3120=EDGE_CURVE('',#3947,#3946,#123,.T.);
#3121=EDGE_CURVE('',#3830,#3767,#4777,.T.);
#3122=EDGE_CURVE('',#3832,#3830,#4778,.T.);
#3123=EDGE_CURVE('',#3880,#3834,#4779,.F.);
#3124=EDGE_CURVE('',#3840,#3880,#4780,.F.);
#3125=EDGE_CURVE('',#3743,#3844,#4781,.T.);
#3126=EDGE_CURVE('',#3948,#3745,#189,.F.);
#3127=EDGE_CURVE('',#3832,#3766,#4782,.F.);
#3128=EDGE_CURVE('',#3840,#3834,#4783,.T.);
#3129=EDGE_CURVE('',#3744,#3843,#4784,.F.);
#3130=EDGE_CURVE('',#3949,#3744,#4785,.T.);
#3131=EDGE_CURVE('',#3833,#3765,#4786,.T.);
#3132=EDGE_CURVE('',#3841,#3833,#4787,.F.);
#3133=EDGE_CURVE('',#3949,#3843,#4788,.F.);
#3134=EDGE_CURVE('',#3841,#3765,#4789,.F.);
#3135=EDGE_CURVE('',#3764,#3842,#4790,.F.);
#3136=EDGE_CURVE('',#3952,#3954,#4791,.F.);
#3137=EDGE_CURVE('',#3798,#3725,#4792,.F.);
#3138=EDGE_CURVE('',#3797,#3915,#4793,.T.);
#3139=EDGE_CURVE('',#3914,#3998,#4794,.T.);
#3140=EDGE_CURVE('',#3909,#3996,#4795,.F.);
#3141=EDGE_CURVE('',#3995,#3942,#4796,.T.);
#3142=EDGE_CURVE('',#3910,#3995,#124,.T.);
#3143=EDGE_CURVE('',#3910,#3941,#4797,.F.);
#3144=EDGE_CURVE('',#3999,#4000,#4798,.T.);
#3145=EDGE_CURVE('',#3999,#4001,#4799,.T.);
#3146=EDGE_CURVE('',#4002,#4001,#4800,.T.);
#3147=EDGE_CURVE('',#4002,#4003,#4801,.T.);
#3148=EDGE_CURVE('',#4003,#4004,#271,.T.);
#3149=EDGE_CURVE('',#4005,#4004,#4802,.T.);
#3150=EDGE_CURVE('',#4005,#4006,#4803,.T.);
#3151=EDGE_CURVE('',#4007,#4006,#4804,.T.);
#3152=EDGE_CURVE('',#4007,#4008,#272,.T.);
#3153=EDGE_CURVE('',#4008,#4009,#4805,.T.);
#3154=EDGE_CURVE('',#4010,#4009,#4806,.T.);
#3155=EDGE_CURVE('',#4010,#4011,#4807,.T.);
#3156=EDGE_CURVE('',#4012,#4011,#4808,.T.);
#3157=EDGE_CURVE('',#4012,#4013,#4809,.T.);
#3158=EDGE_CURVE('',#4013,#4014,#273,.T.);
#3159=EDGE_CURVE('',#4014,#4015,#4810,.T.);
#3160=EDGE_CURVE('',#4016,#4015,#4811,.T.);
#3161=EDGE_CURVE('',#4016,#4017,#274,.T.);
#3162=EDGE_CURVE('',#4017,#4000,#4812,.T.);
#3163=EDGE_CURVE('',#4018,#4019,#4813,.T.);
#3164=EDGE_CURVE('',#4018,#4020,#4814,.T.);
#3165=EDGE_CURVE('',#4021,#4020,#4815,.T.);
#3166=EDGE_CURVE('',#4021,#4022,#4816,.T.);
#3167=EDGE_CURVE('',#4022,#4023,#275,.F.);
#3168=EDGE_CURVE('',#4023,#4024,#4817,.T.);
#3169=EDGE_CURVE('',#4025,#4024,#4818,.T.);
#3170=EDGE_CURVE('',#4025,#4026,#4819,.T.);
#3171=EDGE_CURVE('',#4027,#4026,#4820,.T.);
#3172=EDGE_CURVE('',#4027,#4028,#4821,.T.);
#3173=EDGE_CURVE('',#4028,#4029,#276,.F.);
#3174=EDGE_CURVE('',#4029,#4019,#4822,.T.);
#3175=EDGE_CURVE('',#4030,#4031,#4823,.T.);
#3176=EDGE_CURVE('',#4030,#4032,#4824,.T.);
#3177=EDGE_CURVE('',#4032,#4033,#4825,.T.);
#3178=EDGE_CURVE('',#4033,#4034,#4826,.T.);
#3179=EDGE_CURVE('',#4034,#4035,#4827,.T.);
#3180=EDGE_CURVE('',#4035,#4036,#4828,.T.);
#3181=EDGE_CURVE('',#4036,#4031,#4829,.T.);
#3182=EDGE_CURVE('',#4037,#4038,#4830,.T.);
#3183=EDGE_CURVE('',#4038,#4039,#4831,.T.);
#3184=EDGE_CURVE('',#4039,#4040,#4832,.T.);
#3185=EDGE_CURVE('',#4040,#4037,#4833,.T.);
#3186=EDGE_CURVE('',#4041,#4042,#4834,.T.);
#3187=EDGE_CURVE('',#4042,#4043,#277,.T.);
#3188=EDGE_CURVE('',#4043,#4044,#4835,.T.);
#3189=EDGE_CURVE('',#4044,#4045,#4836,.T.);
#3190=EDGE_CURVE('',#4045,#4041,#278,.F.);
#3191=EDGE_CURVE('',#4046,#4047,#4837,.T.);
#3192=EDGE_CURVE('',#4047,#4048,#279,.T.);
#3193=EDGE_CURVE('',#4048,#4049,#4838,.F.);
#3194=EDGE_CURVE('',#4049,#4050,#4839,.T.);
#3195=EDGE_CURVE('',#4050,#4051,#4840,.T.);
#3196=EDGE_CURVE('',#4051,#4052,#4841,.T.);
#3197=EDGE_CURVE('',#4052,#4053,#4842,.T.);
#3198=EDGE_CURVE('',#4054,#4053,#4843,.T.);
#3199=EDGE_CURVE('',#4054,#4055,#4844,.T.);
#3200=EDGE_CURVE('',#4055,#4056,#280,.F.);
#3201=EDGE_CURVE('',#4057,#4056,#4845,.T.);
#3202=EDGE_CURVE('',#4057,#4058,#4846,.T.);
#3203=EDGE_CURVE('',#4059,#4058,#4847,.T.);
#3204=EDGE_CURVE('',#4059,#4060,#281,.F.);
#3205=EDGE_CURVE('',#4060,#4061,#4848,.T.);
#3206=EDGE_CURVE('',#4062,#4061,#4849,.T.);
#3207=EDGE_CURVE('',#4062,#4063,#4850,.T.);
#3208=EDGE_CURVE('',#4064,#4063,#4851,.T.);
#3209=EDGE_CURVE('',#4064,#4065,#4852,.T.);
#3210=EDGE_CURVE('',#4065,#4066,#282,.F.);
#3211=EDGE_CURVE('',#4067,#4066,#4853,.T.);
#3212=EDGE_CURVE('',#4067,#4068,#4854,.T.);
#3213=EDGE_CURVE('',#4068,#4069,#4855,.T.);
#3214=EDGE_CURVE('',#4069,#4070,#4856,.T.);
#3215=EDGE_CURVE('',#4071,#4070,#4857,.T.);
#3216=EDGE_CURVE('',#4071,#4072,#4858,.T.);
#3217=EDGE_CURVE('',#4072,#4073,#283,.T.);
#3218=EDGE_CURVE('',#4073,#4074,#4859,.T.);
#3219=EDGE_CURVE('',#4075,#4074,#4860,.T.);
#3220=EDGE_CURVE('',#4075,#4076,#4861,.T.);
#3221=EDGE_CURVE('',#4077,#4076,#4862,.T.);
#3222=EDGE_CURVE('',#4077,#4078,#4863,.T.);
#3223=EDGE_CURVE('',#4078,#4046,#284,.T.);
#3224=EDGE_CURVE('',#4079,#4079,#125,.T.);
#3225=EDGE_CURVE('',#4080,#4080,#126,.T.);
#3226=EDGE_CURVE('',#4081,#4082,#4864,.T.);
#3227=EDGE_CURVE('',#4082,#4083,#127,.F.);
#3228=EDGE_CURVE('',#4083,#4084,#285,.F.);
#3229=EDGE_CURVE('',#4084,#4085,#4865,.T.);
#3230=EDGE_CURVE('',#4085,#4086,#286,.T.);
#3231=EDGE_CURVE('',#4086,#4087,#4866,.F.);
#3232=EDGE_CURVE('',#4087,#4088,#287,.F.);
#3233=EDGE_CURVE('',#4089,#4088,#128,.T.);
#3234=EDGE_CURVE('',#4090,#4089,#129,.T.);
#3235=EDGE_CURVE('',#4090,#4091,#4867,.F.);
#3236=EDGE_CURVE('',#4091,#4081,#288,.F.);
#3237=EDGE_CURVE('',#4092,#4093,#4868,.T.);
#3238=EDGE_CURVE('',#4093,#4094,#4869,.T.);
#3239=EDGE_CURVE('',#4094,#4095,#4870,.T.);
#3240=EDGE_CURVE('',#4095,#4092,#4871,.T.);
#3241=EDGE_CURVE('',#4096,#4097,#4872,.F.);
#3242=EDGE_CURVE('',#4097,#4098,#289,.T.);
#3243=EDGE_CURVE('',#4098,#4099,#4873,.T.);
#3244=EDGE_CURVE('',#4099,#4096,#290,.F.);
#3245=EDGE_CURVE('',#4100,#4101,#4874,.T.);
#3246=EDGE_CURVE('',#4101,#4102,#4875,.T.);
#3247=EDGE_CURVE('',#4102,#4103,#4876,.T.);
#3248=EDGE_CURVE('',#4103,#4100,#4877,.T.);
#3249=EDGE_CURVE('',#4104,#4105,#4878,.T.);
#3250=EDGE_CURVE('',#4105,#4106,#4879,.T.);
#3251=EDGE_CURVE('',#4106,#4107,#4880,.T.);
#3252=EDGE_CURVE('',#4107,#4108,#4881,.T.);
#3253=EDGE_CURVE('',#4108,#4109,#4882,.T.);
#3254=EDGE_CURVE('',#4109,#4110,#4883,.T.);
#3255=EDGE_CURVE('',#4110,#4111,#4884,.T.);
#3256=EDGE_CURVE('',#4111,#4104,#4885,.T.);
#3257=EDGE_CURVE('',#4112,#4112,#291,.T.);
#3258=EDGE_CURVE('',#4113,#4113,#292,.T.);
#3259=EDGE_CURVE('',#4114,#4115,#4886,.T.);
#3260=EDGE_CURVE('',#4115,#4116,#4887,.T.);
#3261=EDGE_CURVE('',#4117,#4116,#4888,.T.);
#3262=EDGE_CURVE('',#4117,#4114,#4889,.T.);
#3263=EDGE_CURVE('',#4116,#4118,#293,.T.);
#3264=EDGE_CURVE('',#4118,#4048,#4890,.T.);
#3265=EDGE_CURVE('',#4047,#4119,#190,.F.);
#3266=EDGE_CURVE('',#4120,#4119,#4891,.T.);
#3267=EDGE_CURVE('',#4120,#4117,#294,.T.);
#3268=EDGE_CURVE('',#4121,#4122,#295,.T.);
#3269=EDGE_CURVE('',#4122,#4123,#4892,.F.);
#3270=EDGE_CURVE('',#4123,#4124,#296,.F.);
#3271=EDGE_CURVE('',#4124,#4121,#4893,.T.);
#3272=EDGE_CURVE('',#4125,#4125,#130,.T.);
#3273=EDGE_CURVE('',#4126,#4126,#131,.T.);
#3274=EDGE_CURVE('',#4127,#4128,#4894,.T.);
#3275=EDGE_CURVE('',#4128,#4129,#4895,.T.);
#3276=EDGE_CURVE('',#4129,#4130,#4896,.T.);
#3277=EDGE_CURVE('',#4130,#4131,#4897,.T.);
#3278=EDGE_CURVE('',#4131,#4132,#4898,.T.);
#3279=EDGE_CURVE('',#4132,#4127,#4899,.T.);
#3280=EDGE_CURVE('',#4133,#4133,#297,.F.);
#3281=EDGE_CURVE('',#4134,#4135,#4900,.T.);
#3282=EDGE_CURVE('',#4135,#4136,#4901,.T.);
#3283=EDGE_CURVE('',#4136,#4137,#4902,.T.);
#3284=EDGE_CURVE('',#4137,#4134,#4903,.T.);
#3285=EDGE_CURVE('',#4138,#4139,#4904,.T.);
#3286=EDGE_CURVE('',#4139,#4140,#4905,.T.);
#3287=EDGE_CURVE('',#4140,#4141,#4906,.T.);
#3288=EDGE_CURVE('',#4141,#4138,#4907,.T.);
#3289=EDGE_CURVE('',#4142,#4143,#4908,.T.);
#3290=EDGE_CURVE('',#4143,#4144,#4909,.T.);
#3291=EDGE_CURVE('',#4144,#4145,#4910,.T.);
#3292=EDGE_CURVE('',#4145,#4142,#4911,.T.);
#3293=EDGE_CURVE('',#4146,#4146,#298,.F.);
#3294=EDGE_CURVE('',#4147,#4148,#4912,.T.);
#3295=EDGE_CURVE('',#4148,#4149,#4913,.T.);
#3296=EDGE_CURVE('',#4149,#4150,#4914,.T.);
#3297=EDGE_CURVE('',#4150,#4147,#4915,.T.);
#3298=EDGE_CURVE('',#4151,#4152,#4916,.T.);
#3299=EDGE_CURVE('',#4152,#4153,#4917,.T.);
#3300=EDGE_CURVE('',#4153,#4154,#4918,.T.);
#3301=EDGE_CURVE('',#4154,#4151,#4919,.T.);
#3302=EDGE_CURVE('',#4155,#4156,#299,.T.);
#3303=EDGE_CURVE('',#4156,#4157,#4920,.T.);
#3304=EDGE_CURVE('',#4157,#4158,#300,.F.);
#3305=EDGE_CURVE('',#4158,#4155,#4921,.F.);
#3306=EDGE_CURVE('',#4159,#4160,#4922,.T.);
#3307=EDGE_CURVE('',#4160,#4161,#4923,.T.);
#3308=EDGE_CURVE('',#4161,#4162,#4924,.T.);
#3309=EDGE_CURVE('',#4162,#4099,#4925,.T.);
#3310=EDGE_CURVE('',#4098,#4159,#132,.T.);
#3311=EDGE_CURVE('',#4163,#4163,#301,.F.);
#3312=EDGE_CURVE('',#4164,#4165,#4926,.T.);
#3313=EDGE_CURVE('',#4165,#4166,#4927,.T.);
#3314=EDGE_CURVE('',#4166,#4167,#4928,.T.);
#3315=EDGE_CURVE('',#4167,#4164,#4929,.T.);
#3316=EDGE_CURVE('',#4168,#4169,#302,.F.);
#3317=EDGE_CURVE('',#4169,#4170,#4930,.F.);
#3318=EDGE_CURVE('',#4170,#4171,#303,.T.);
#3319=EDGE_CURVE('',#4171,#4168,#4931,.T.);
#3320=EDGE_CURVE('',#4172,#4173,#4932,.T.);
#3321=EDGE_CURVE('',#4173,#4174,#4933,.T.);
#3322=EDGE_CURVE('',#4174,#4175,#4934,.T.);
#3323=EDGE_CURVE('',#4175,#4172,#4935,.T.);
#3324=EDGE_CURVE('',#4176,#4176,#304,.T.);
#3325=EDGE_CURVE('',#4177,#4178,#305,.T.);
#3326=EDGE_CURVE('',#4178,#4179,#4936,.T.);
#3327=EDGE_CURVE('',#4179,#4180,#306,.F.);
#3328=EDGE_CURVE('',#4180,#4177,#4937,.F.);
#3329=EDGE_CURVE('',#4181,#4182,#4938,.T.);
#3330=EDGE_CURVE('',#4182,#4183,#4939,.T.);
#3331=EDGE_CURVE('',#4183,#4184,#4940,.T.);
#3332=EDGE_CURVE('',#4184,#4181,#4941,.T.);
#3333=EDGE_CURVE('',#4185,#4186,#4942,.T.);
#3334=EDGE_CURVE('',#4186,#4187,#4943,.T.);
#3335=EDGE_CURVE('',#4187,#4188,#4944,.T.);
#3336=EDGE_CURVE('',#4188,#4185,#4945,.T.);
#3337=EDGE_CURVE('',#4189,#4189,#307,.T.);
#3338=EDGE_CURVE('',#4190,#4190,#308,.T.);
#3339=EDGE_CURVE('',#4191,#4191,#309,.T.);
#3340=EDGE_CURVE('',#4192,#4192,#310,.T.);
#3341=EDGE_CURVE('',#4119,#4193,#4946,.T.);
#3342=EDGE_CURVE('',#4193,#4194,#4947,.T.);
#3343=EDGE_CURVE('',#4194,#4120,#4948,.T.);
#3344=EDGE_CURVE('',#4195,#4196,#4949,.T.);
#3345=EDGE_CURVE('',#4195,#4197,#4950,.T.);
#3346=EDGE_CURVE('',#4197,#4198,#4951,.T.);
#3347=EDGE_CURVE('',#4198,#4199,#4952,.T.);
#3348=EDGE_CURVE('',#4200,#4199,#4953,.T.);
#3349=EDGE_CURVE('',#4200,#4201,#4954,.T.);
#3350=EDGE_CURVE('',#4201,#4202,#311,.F.);
#3351=EDGE_CURVE('',#4202,#4203,#4955,.T.);
#3352=EDGE_CURVE('',#4203,#4196,#4956,.T.);
#3353=EDGE_CURVE('',#4204,#4205,#4957,.T.);
#3354=EDGE_CURVE('',#4205,#4206,#4958,.T.);
#3355=EDGE_CURVE('',#4207,#4206,#4959,.T.);
#3356=EDGE_CURVE('',#4207,#4195,#4960,.F.);
#3357=EDGE_CURVE('',#4196,#4051,#4961,.T.);
#3358=EDGE_CURVE('',#4200,#4050,#4962,.T.);
#3359=EDGE_CURVE('',#4199,#4204,#4963,.T.);
#3360=EDGE_CURVE('',#4049,#4208,#4964,.T.);
#3361=EDGE_CURVE('',#4208,#4201,#133,.T.);
#3362=EDGE_CURVE('',#4209,#4210,#4965,.T.);
#3363=EDGE_CURVE('',#4210,#4211,#4966,.T.);
#3364=EDGE_CURVE('',#4211,#4160,#4967,.T.);
#3365=EDGE_CURVE('',#4159,#4209,#134,.T.);
#3366=EDGE_CURVE('',#4212,#4213,#4968,.T.);
#3367=EDGE_CURVE('',#4212,#4210,#4969,.T.);
#3368=EDGE_CURVE('',#4209,#4214,#312,.F.);
#3369=EDGE_CURVE('',#4214,#4215,#4970,.T.);
#3370=EDGE_CURVE('',#4216,#4215,#4971,.T.);
#3371=EDGE_CURVE('',#4216,#4217,#4972,.T.);
#3372=EDGE_CURVE('',#4217,#4218,#4973,.T.);
#3373=EDGE_CURVE('',#4218,#4219,#313,.T.);
#3374=EDGE_CURVE('',#4219,#4213,#4974,.T.);
#3375=EDGE_CURVE('',#4221,#4221,#314,.T.);
#3376=EDGE_CURVE('',#4223,#4223,#315,.T.);
#3377=EDGE_CURVE('',#4224,#4225,#4975,.T.);
#3378=EDGE_CURVE('',#4224,#4207,#4976,.T.);
#3379=EDGE_CURVE('',#4206,#4225,#4977,.T.);
#3380=EDGE_CURVE('',#4226,#4227,#4978,.T.);
#3381=EDGE_CURVE('',#4226,#4224,#4979,.T.);
#3382=EDGE_CURVE('',#4225,#4227,#4980,.T.);
#3383=EDGE_CURVE('',#4204,#4226,#4981,.T.);
#3384=EDGE_CURVE('',#4227,#4205,#4982,.T.);
#3385=EDGE_CURVE('',#4226,#4198,#4983,.F.);
#3386=EDGE_CURVE('',#4224,#4197,#4984,.T.);
#3387=EDGE_CURVE('',#4037,#4205,#4985,.F.);
#3388=EDGE_CURVE('',#4206,#4040,#4986,.F.);
#3389=EDGE_CURVE('',#4225,#4039,#4987,.T.);
#3390=EDGE_CURVE('',#4038,#4227,#4988,.F.);
#3391=EDGE_CURVE('',#4123,#4073,#135,.F.);
#3392=EDGE_CURVE('',#4139,#4123,#4989,.T.);
#3393=EDGE_CURVE('',#4073,#4139,#4990,.T.);
#3394=EDGE_CURVE('',#4140,#4122,#4991,.F.);
#3395=EDGE_CURVE('',#4074,#4138,#4992,.T.);
#3396=EDGE_CURVE('',#4124,#4072,#136,.T.);
#3397=EDGE_CURVE('',#4140,#4022,#4993,.F.);
#3398=EDGE_CURVE('',#4022,#4122,#137,.F.);
#3399=EDGE_CURVE('',#4145,#4138,#4994,.T.);
#3400=EDGE_CURVE('',#4075,#4145,#4995,.F.);
#3401=EDGE_CURVE('',#4136,#4072,#4996,.F.);
#3402=EDGE_CURVE('',#4124,#4136,#4997,.T.);
#3403=EDGE_CURVE('',#4121,#4135,#4998,.F.);
#3404=EDGE_CURVE('',#4023,#4121,#138,.T.);
#3405=EDGE_CURVE('',#4141,#4021,#4999,.T.);
#3406=EDGE_CURVE('',#4142,#4141,#5000,.F.);
#3407=EDGE_CURVE('',#4076,#4144,#5001,.T.);
#3408=EDGE_CURVE('',#4137,#4071,#5002,.T.);
#3409=EDGE_CURVE('',#4023,#4135,#5003,.T.);
#3410=EDGE_CURVE('',#4142,#4020,#5004,.F.);
#3411=EDGE_CURVE('',#4188,#4144,#5005,.F.);
#3412=EDGE_CURVE('',#4077,#4188,#5006,.F.);
#3413=EDGE_CURVE('',#4132,#4070,#5007,.F.);
#3414=EDGE_CURVE('',#4137,#4132,#5008,.F.);
#3415=EDGE_CURVE('',#4134,#4131,#5009,.T.);
#3416=EDGE_CURVE('',#4024,#4134,#5010,.T.);
#3417=EDGE_CURVE('',#4143,#4018,#5011,.T.);
#3418=EDGE_CURVE('',#4185,#4143,#5012,.T.);
#3419=EDGE_CURVE('',#4078,#4187,#5013,.T.);
#3420=EDGE_CURVE('',#4152,#4064,#5014,.T.);
#3421=EDGE_CURVE('',#4065,#4151,#5015,.F.);
#3422=EDGE_CURVE('',#4147,#4152,#5016,.F.);
#3423=EDGE_CURVE('',#4153,#4150,#5017,.F.);
#3424=EDGE_CURVE('',#4001,#4149,#5018,.T.);
#3425=EDGE_CURVE('',#4150,#3999,#5019,.T.);
#3426=EDGE_CURVE('',#4153,#4000,#5020,.F.);
#3427=EDGE_CURVE('',#4065,#4156,#139,.F.);
#3428=EDGE_CURVE('',#4156,#4151,#5021,.T.);
#3429=EDGE_CURVE('',#4069,#4211,#5022,.F.);
#3430=EDGE_CURVE('',#4160,#4068,#5023,.F.);
#3431=EDGE_CURVE('',#4127,#4069,#5024,.F.);
#3432=EDGE_CURVE('',#4025,#4131,#5025,.F.);
#3433=EDGE_CURVE('',#4185,#4019,#5026,.F.);
#3434=EDGE_CURVE('',#4078,#4084,#140,.F.);
#3435=EDGE_CURVE('',#4084,#4187,#5027,.T.);
#3436=EDGE_CURVE('',#4147,#4063,#5028,.F.);
#3437=EDGE_CURVE('',#4182,#4149,#5029,.F.);
#3438=EDGE_CURVE('',#4002,#4182,#5030,.F.);
#3439=EDGE_CURVE('',#4154,#4017,#5031,.T.);
#3440=EDGE_CURVE('',#4157,#4154,#5032,.F.);
#3441=EDGE_CURVE('',#4066,#4155,#5033,.T.);
#3442=EDGE_CURVE('',#4161,#4067,#5034,.T.);
#3443=EDGE_CURVE('',#4127,#4211,#5035,.T.);
#3444=EDGE_CURVE('',#4026,#4130,#5036,.T.);
#3445=EDGE_CURVE('',#4186,#4029,#5037,.F.);
#3446=EDGE_CURVE('',#4085,#4186,#5038,.F.);
#3447=EDGE_CURVE('',#4046,#4083,#5039,.T.);
#3448=EDGE_CURVE('',#4193,#4046,#141,.T.);
#3449=EDGE_CURVE('',#4148,#4062,#5040,.T.);
#3450=EDGE_CURVE('',#4183,#4148,#5041,.T.);
#3451=EDGE_CURVE('',#4003,#4181,#5042,.F.);
#3452=EDGE_CURVE('',#4157,#4017,#142,.F.);
#3453=EDGE_CURVE('',#4161,#4155,#5043,.F.);
#3454=EDGE_CURVE('',#4128,#4210,#5044,.F.);
#3455=EDGE_CURVE('',#4092,#4130,#5045,.T.);
#3456=EDGE_CURVE('',#4027,#4092,#5046,.F.);
#3457=EDGE_CURVE('',#4085,#4029,#143,.F.);
#3458=EDGE_CURVE('',#4193,#4082,#5047,.F.);
#3459=EDGE_CURVE('',#4183,#4061,#5048,.F.);
#3460=EDGE_CURVE('',#4003,#4180,#144,.F.);
#3461=EDGE_CURVE('',#4180,#4181,#5049,.T.);
#3462=EDGE_CURVE('',#4158,#4016,#5050,.T.);
#3463=EDGE_CURVE('',#4162,#4158,#5051,.T.);
#3464=EDGE_CURVE('',#4129,#4212,#5052,.T.);
#3465=EDGE_CURVE('',#4093,#4129,#5053,.F.);
#3466=EDGE_CURVE('',#4028,#4095,#5054,.T.);
#3467=EDGE_CURVE('',#4086,#4028,#145,.T.);
#3468=EDGE_CURVE('',#4194,#4081,#5055,.F.);
#3469=EDGE_CURVE('',#4120,#4041,#146,.T.);
#3470=EDGE_CURVE('',#4042,#4194,#5056,.T.);
#3471=EDGE_CURVE('',#4184,#4060,#5057,.T.);
#3472=EDGE_CURVE('',#4177,#4184,#5058,.F.);
#3473=EDGE_CURVE('',#4004,#4179,#5059,.T.);
#3474=EDGE_CURVE('',#4162,#4015,#5060,.F.);
#3475=EDGE_CURVE('',#4093,#4213,#5061,.F.);
#3476=EDGE_CURVE('',#4086,#4095,#5062,.T.);
#3477=EDGE_CURVE('',#4042,#4081,#147,.F.);
#3478=EDGE_CURVE('',#4117,#4045,#5063,.T.);
#3479=EDGE_CURVE('',#4177,#4060,#148,.F.);
#3480=EDGE_CURVE('',#4173,#4179,#5064,.F.);
#3481=EDGE_CURVE('',#4005,#4173,#5065,.F.);
#3482=EDGE_CURVE('',#4099,#4014,#149,.T.);
#3483=EDGE_CURVE('',#4214,#4097,#150,.T.);
#3484=EDGE_CURVE('',#4094,#4219,#5066,.F.);
#3485=EDGE_CURVE('',#4087,#4094,#5067,.F.);
#3486=EDGE_CURVE('',#4043,#4091,#151,.T.);
#3487=EDGE_CURVE('',#4044,#4108,#5068,.F.);
#3488=EDGE_CURVE('',#4109,#4043,#5069,.F.);
#3489=EDGE_CURVE('',#4114,#4044,#5070,.T.);
#3490=EDGE_CURVE('',#4208,#4118,#152,.T.);
#3491=EDGE_CURVE('',#4178,#4059,#5071,.T.);
#3492=EDGE_CURVE('',#4174,#4178,#5072,.T.);
#3493=EDGE_CURVE('',#4006,#4172,#5073,.T.);
#3494=EDGE_CURVE('',#4096,#4013,#153,.T.);
#3495=EDGE_CURVE('',#4097,#4102,#5074,.F.);
#3496=EDGE_CURVE('',#4103,#4096,#5075,.F.);
#3497=EDGE_CURVE('',#4214,#4102,#5076,.F.);
#3498=EDGE_CURVE('',#4087,#4219,#154,.F.);
#3499=EDGE_CURVE('',#4109,#4091,#5077,.T.);
#3500=EDGE_CURVE('',#4114,#4108,#5078,.F.);
#3501=EDGE_CURVE('',#4202,#4116,#5079,.T.);
#3502=EDGE_CURVE('',#4174,#4058,#5080,.F.);
#3503=EDGE_CURVE('',#4169,#4172,#5081,.F.);
#3504=EDGE_CURVE('',#4007,#4169,#5082,.F.);
#3505=EDGE_CURVE('',#4103,#4013,#5083,.T.);
#3506=EDGE_CURVE('',#4215,#4101,#5084,.T.);
#3507=EDGE_CURVE('',#4088,#4218,#5085,.T.);
#3508=EDGE_CURVE('',#4110,#4090,#5086,.T.);
#3509=EDGE_CURVE('',#4115,#4107,#5087,.T.);
#3510=EDGE_CURVE('',#4203,#4115,#5088,.T.);
#3511=EDGE_CURVE('',#4175,#4057,#5089,.T.);
#3512=EDGE_CURVE('',#4170,#4175,#5090,.T.);
#3513=EDGE_CURVE('',#4008,#4168,#155,.T.);
#3514=EDGE_CURVE('',#4100,#4012,#5091,.T.);
#3515=EDGE_CURVE('',#4101,#4032,#5092,.F.);
#3516=EDGE_CURVE('',#4033,#4100,#5093,.F.);
#3517=EDGE_CURVE('',#4216,#4032,#5094,.F.);
#3518=EDGE_CURVE('',#4110,#4218,#156,.F.);
#3519=EDGE_CURVE('',#4203,#4107,#5095,.T.);
#3520=EDGE_CURVE('',#4170,#4056,#5096,.F.);
#3521=EDGE_CURVE('',#4008,#4167,#5097,.F.);
#3522=EDGE_CURVE('',#4167,#4168,#5098,.T.);
#3523=EDGE_CURVE('',#4033,#4011,#5099,.F.);
#3524=EDGE_CURVE('',#4217,#4030,#5100,.T.);
#3525=EDGE_CURVE('',#4111,#4217,#5101,.F.);
#3526=EDGE_CURVE('',#4196,#4106,#5102,.F.);
#3527=EDGE_CURVE('',#4171,#4055,#157,.T.);
#3528=EDGE_CURVE('',#4164,#4171,#5103,.F.);
#3529=EDGE_CURVE('',#4009,#4166,#5104,.T.);
#3530=EDGE_CURVE('',#4034,#4010,#5105,.T.);
#3531=EDGE_CURVE('',#4111,#4031,#5106,.F.);
#3532=EDGE_CURVE('',#4051,#4105,#5107,.F.);
#3533=EDGE_CURVE('',#4164,#4055,#5108,.T.);
#3534=EDGE_CURVE('',#4034,#4166,#5109,.F.);
#3535=EDGE_CURVE('',#4104,#4036,#5110,.T.);
#3536=EDGE_CURVE('',#4052,#4104,#5111,.F.);
#3537=EDGE_CURVE('',#4165,#4054,#5112,.T.);
#3538=EDGE_CURVE('',#4035,#4165,#5113,.T.);
#3539=EDGE_CURVE('',#4052,#4036,#5114,.F.);
#3540=EDGE_CURVE('',#4035,#4053,#5115,.F.);
#3541=EDGE_CURVE('',#4228,#4228,#316,.F.);
#3542=EDGE_CURVE('',#4229,#4229,#158,.T.);
#3543=EDGE_CURVE('',#4230,#4230,#317,.T.);
#3544=EDGE_CURVE('',#4231,#4231,#159,.T.);
#3545=EDGE_CURVE('',#4232,#4233,#318,.T.);
#3546=EDGE_CURVE('',#4233,#4234,#160,.F.);
#3547=EDGE_CURVE('',#4234,#4235,#5116,.T.);
#3548=EDGE_CURVE('',#4235,#4236,#161,.F.);
#3549=EDGE_CURVE('',#4236,#4237,#319,.F.);
#3550=EDGE_CURVE('',#4237,#4232,#5117,.F.);
#3551=EDGE_CURVE('',#4238,#4239,#320,.F.);
#3552=EDGE_CURVE('',#4239,#4240,#5118,.T.);
#3553=EDGE_CURVE('',#4240,#4241,#321,.T.);
#3554=EDGE_CURVE('',#4241,#4238,#5119,.F.);
#3555=EDGE_CURVE('',#4242,#4243,#322,.F.);
#3556=EDGE_CURVE('',#4243,#4244,#5120,.F.);
#3557=EDGE_CURVE('',#4244,#4245,#323,.T.);
#3558=EDGE_CURVE('',#4245,#4242,#5121,.T.);
#3559=EDGE_CURVE('',#4246,#4246,#324,.T.);
#3560=EDGE_CURVE('',#4247,#4247,#325,.T.);
#3561=EDGE_CURVE('',#4248,#4248,#326,.T.);
#3562=EDGE_CURVE('',#4249,#4250,#5122,.T.);
#3563=EDGE_CURVE('',#4249,#4251,#327,.T.);
#3564=EDGE_CURVE('',#4251,#4252,#5123,.T.);
#3565=EDGE_CURVE('',#4252,#4250,#5124,.T.);
#3566=EDGE_CURVE('',#4251,#4253,#162,.T.);
#3567=EDGE_CURVE('',#4253,#4254,#5125,.T.);
#3568=EDGE_CURVE('',#4254,#4255,#163,.T.);
#3569=EDGE_CURVE('',#4255,#4256,#5126,.T.);
#3570=EDGE_CURVE('',#4256,#4252,#5127,.T.);
#3571=EDGE_CURVE('',#4257,#4257,#328,.F.);
#3572=EDGE_CURVE('',#4258,#4259,#5128,.T.);
#3573=EDGE_CURVE('',#4259,#4260,#5129,.T.);
#3574=EDGE_CURVE('',#4260,#4261,#5130,.T.);
#3575=EDGE_CURVE('',#4261,#4258,#5131,.T.);
#3576=EDGE_CURVE('',#4262,#4263,#5132,.T.);
#3577=EDGE_CURVE('',#4262,#4264,#164,.T.);
#3578=EDGE_CURVE('',#4264,#4265,#5133,.T.);
#3579=EDGE_CURVE('',#4265,#4249,#165,.T.);
#3580=EDGE_CURVE('',#4250,#4263,#5134,.T.);
#3581=EDGE_CURVE('',#4255,#4262,#329,.F.);
#3582=EDGE_CURVE('',#4263,#4256,#5135,.T.);
#3583=EDGE_CURVE('',#4266,#4266,#330,.T.);
#3584=EDGE_CURVE('',#4242,#4253,#166,.T.);
#3585=EDGE_CURVE('',#4254,#4245,#167,.F.);
#3586=EDGE_CURVE('',#4264,#4244,#168,.F.);
#3587=EDGE_CURVE('',#4243,#4265,#169,.F.);
#3588=EDGE_CURVE('',#4252,#4261,#5136,.T.);
#3589=EDGE_CURVE('',#4258,#4256,#5137,.T.);
#3590=EDGE_CURVE('',#4259,#4263,#5138,.F.);
#3591=EDGE_CURVE('',#4250,#4260,#5139,.T.);
#3592=EDGE_CURVE('',#4267,#4268,#5140,.T.);
#3593=EDGE_CURVE('',#4267,#4269,#331,.T.);
#3594=EDGE_CURVE('',#4269,#4270,#5141,.T.);
#3595=EDGE_CURVE('',#4270,#4268,#5142,.T.);
#3596=EDGE_CURVE('',#4269,#4271,#170,.T.);
#3597=EDGE_CURVE('',#4271,#4272,#5143,.T.);
#3598=EDGE_CURVE('',#4272,#4273,#171,.T.);
#3599=EDGE_CURVE('',#4273,#4274,#5144,.T.);
#3600=EDGE_CURVE('',#4274,#4270,#5145,.T.);
#3601=EDGE_CURVE('',#4275,#4275,#332,.F.);
#3602=EDGE_CURVE('',#4276,#4277,#5146,.T.);
#3603=EDGE_CURVE('',#4277,#4278,#5147,.T.);
#3604=EDGE_CURVE('',#4278,#4279,#5148,.T.);
#3605=EDGE_CURVE('',#4279,#4276,#5149,.T.);
#3606=EDGE_CURVE('',#4280,#4281,#5150,.T.);
#3607=EDGE_CURVE('',#4280,#4282,#172,.T.);
#3608=EDGE_CURVE('',#4282,#4283,#5151,.T.);
#3609=EDGE_CURVE('',#4283,#4267,#173,.T.);
#3610=EDGE_CURVE('',#4268,#4281,#5152,.T.);
#3611=EDGE_CURVE('',#4273,#4280,#333,.F.);
#3612=EDGE_CURVE('',#4281,#4274,#5153,.T.);
#3613=EDGE_CURVE('',#4284,#4284,#334,.T.);
#3614=EDGE_CURVE('',#4238,#4271,#174,.F.);
#3615=EDGE_CURVE('',#4272,#4241,#175,.T.);
#3616=EDGE_CURVE('',#4239,#4283,#176,.F.);
#3617=EDGE_CURVE('',#4282,#4240,#177,.F.);
#3618=EDGE_CURVE('',#4276,#4274,#5154,.T.);
#3619=EDGE_CURVE('',#4270,#4279,#5155,.T.);
#3620=EDGE_CURVE('',#4268,#4278,#5156,.F.);
#3621=EDGE_CURVE('',#4277,#4281,#5157,.T.);
#3622=EDGE_CURVE('',#4285,#4286,#5158,.T.);
#3623=EDGE_CURVE('',#4285,#4287,#335,.T.);
#3624=EDGE_CURVE('',#4287,#4288,#5159,.T.);
#3625=EDGE_CURVE('',#4288,#4286,#5160,.T.);
#3626=EDGE_CURVE('',#4289,#4290,#5161,.T.);
#3627=EDGE_CURVE('',#4290,#4291,#5162,.T.);
#3628=EDGE_CURVE('',#4291,#4292,#5163,.T.);
#3629=EDGE_CURVE('',#4292,#4289,#5164,.T.);
#3630=EDGE_CURVE('',#4293,#4293,#336,.T.);
#3631=EDGE_CURVE('',#4288,#4294,#5165,.T.);
#3632=EDGE_CURVE('',#4294,#4295,#5166,.T.);
#3633=EDGE_CURVE('',#4295,#4286,#5167,.T.);
#3634=EDGE_CURVE('',#4296,#4295,#5168,.T.);
#3635=EDGE_CURVE('',#4296,#4297,#178,.T.);
#3636=EDGE_CURVE('',#4297,#4298,#5169,.T.);
#3637=EDGE_CURVE('',#4298,#4285,#179,.T.);
#3638=EDGE_CURVE('',#4294,#4299,#5170,.T.);
#3639=EDGE_CURVE('',#4299,#4296,#337,.F.);
#3640=EDGE_CURVE('',#4301,#4301,#338,.T.);
#3641=EDGE_CURVE('',#4232,#4297,#180,.T.);
#3642=EDGE_CURVE('',#4298,#4237,#181,.F.);
#3643=EDGE_CURVE('',#4289,#4288,#5171,.T.);
#3644=EDGE_CURVE('',#4294,#4292,#5172,.T.);
#3645=EDGE_CURVE('',#4299,#4291,#182,.T.);
#3646=EDGE_CURVE('',#4233,#4299,#5173,.T.);
#3647=EDGE_CURVE('',#4287,#4236,#5174,.T.);
#3648=EDGE_CURVE('',#4290,#4287,#183,.T.);
#3649=EDGE_CURVE('',#4234,#4291,#5175,.F.);
#3650=EDGE_CURVE('',#4290,#4235,#5176,.F.);
#3651=VERTEX_POINT('',#10791);
#3652=VERTEX_POINT('',#10792);
#3653=VERTEX_POINT('',#10794);
#3654=VERTEX_POINT('',#10796);
#3655=VERTEX_POINT('',#10798);
#3656=VERTEX_POINT('',#10800);
#3657=VERTEX_POINT('',#10802);
#3658=VERTEX_POINT('',#10804);
#3659=VERTEX_POINT('',#10806);
#3660=VERTEX_POINT('',#10808);
#3661=VERTEX_POINT('',#10810);
#3662=VERTEX_POINT('',#10814);
#3663=VERTEX_POINT('',#10816);
#3664=VERTEX_POINT('',#10817);
#3665=VERTEX_POINT('',#10819);
#3666=VERTEX_POINT('',#10821);
#3667=VERTEX_POINT('',#10823);
#3668=VERTEX_POINT('',#10825);
#3669=VERTEX_POINT('',#10827);
#3670=VERTEX_POINT('',#10829);
#3671=VERTEX_POINT('',#10831);
#3672=VERTEX_POINT('',#10833);
#3673=VERTEX_POINT('',#10837);
#3674=VERTEX_POINT('',#10838);
#3675=VERTEX_POINT('',#10840);
#3676=VERTEX_POINT('',#10842);
#3677=VERTEX_POINT('',#10844);
#3678=VERTEX_POINT('',#10846);
#3679=VERTEX_POINT('',#10848);
#3680=VERTEX_POINT('',#10850);
#3681=VERTEX_POINT('',#10852);
#3682=VERTEX_POINT('',#10854);
#3683=VERTEX_POINT('',#10856);
#3684=VERTEX_POINT('',#10858);
#3685=VERTEX_POINT('',#10860);
#3686=VERTEX_POINT('',#10862);
#3687=VERTEX_POINT('',#10864);
#3688=VERTEX_POINT('',#10868);
#3689=VERTEX_POINT('',#10869);
#3690=VERTEX_POINT('',#10871);
#3691=VERTEX_POINT('',#10873);
#3692=VERTEX_POINT('',#10875);
#3693=VERTEX_POINT('',#10877);
#3694=VERTEX_POINT('',#10879);
#3695=VERTEX_POINT('',#10881);
#3696=VERTEX_POINT('',#10883);
#3697=VERTEX_POINT('',#10885);
#3698=VERTEX_POINT('',#10887);
#3699=VERTEX_POINT('',#10889);
#3700=VERTEX_POINT('',#10891);
#3701=VERTEX_POINT('',#10893);
#3702=VERTEX_POINT('',#10895);
#3703=VERTEX_POINT('',#10897);
#3704=VERTEX_POINT('',#10901);
#3705=VERTEX_POINT('',#10902);
#3706=VERTEX_POINT('',#10904);
#3707=VERTEX_POINT('',#10908);
#3708=VERTEX_POINT('',#10910);
#3709=VERTEX_POINT('',#10912);
#3710=VERTEX_POINT('',#10916);
#3711=VERTEX_POINT('',#10917);
#3712=VERTEX_POINT('',#10919);
#3713=VERTEX_POINT('',#10921);
#3714=VERTEX_POINT('',#10925);
#3715=VERTEX_POINT('',#10926);
#3716=VERTEX_POINT('',#10928);
#3717=VERTEX_POINT('',#10930);
#3718=VERTEX_POINT('',#10932);
#3719=VERTEX_POINT('',#10934);
#3720=VERTEX_POINT('',#10936);
#3721=VERTEX_POINT('',#10938);
#3722=VERTEX_POINT('',#10940);
#3723=VERTEX_POINT('',#10942);
#3724=VERTEX_POINT('',#10946);
#3725=VERTEX_POINT('',#10947);
#3726=VERTEX_POINT('',#10950);
#3727=VERTEX_POINT('',#10952);
#3728=VERTEX_POINT('',#10954);
#3729=VERTEX_POINT('',#10958);
#3730=VERTEX_POINT('',#10959);
#3731=VERTEX_POINT('',#10961);
#3732=VERTEX_POINT('',#10963);
#3733=VERTEX_POINT('',#10967);
#3734=VERTEX_POINT('',#10968);
#3735=VERTEX_POINT('',#10970);
#3736=VERTEX_POINT('',#10972);
#3737=VERTEX_POINT('',#10974);
#3738=VERTEX_POINT('',#10976);
#3739=VERTEX_POINT('',#10978);
#3740=VERTEX_POINT('',#10981);
#3741=VERTEX_POINT('',#10984);
#3742=VERTEX_POINT('',#10985);
#3743=VERTEX_POINT('',#10987);
#3744=VERTEX_POINT('',#10989);
#3745=VERTEX_POINT('',#10991);
#3746=VERTEX_POINT('',#10993);
#3747=VERTEX_POINT('',#10995);
#3748=VERTEX_POINT('',#11000);
#3749=VERTEX_POINT('',#11002);
#3750=VERTEX_POINT('',#11004);
#3751=VERTEX_POINT('',#11008);
#3752=VERTEX_POINT('',#11009);
#3753=VERTEX_POINT('',#11011);
#3754=VERTEX_POINT('',#11013);
#3755=VERTEX_POINT('',#11018);
#3756=VERTEX_POINT('',#11020);
#3757=VERTEX_POINT('',#11022);
#3758=VERTEX_POINT('',#11024);
#3759=VERTEX_POINT('',#11026);
#3760=VERTEX_POINT('',#11028);
#3761=VERTEX_POINT('',#11030);
#3762=VERTEX_POINT('',#11032);
#3763=VERTEX_POINT('',#11034);
#3764=VERTEX_POINT('',#11036);
#3765=VERTEX_POINT('',#11038);
#3766=VERTEX_POINT('',#11040);
#3767=VERTEX_POINT('',#11042);
#3768=VERTEX_POINT('',#11044);
#3769=VERTEX_POINT('',#11046);
#3770=VERTEX_POINT('',#11048);
#3771=VERTEX_POINT('',#11050);
#3772=VERTEX_POINT('',#11052);
#3773=VERTEX_POINT('',#11054);
#3774=VERTEX_POINT('',#11058);
#3775=VERTEX_POINT('',#11059);
#3776=VERTEX_POINT('',#11064);
#3777=VERTEX_POINT('',#11065);
#3778=VERTEX_POINT('',#11067);
#3779=VERTEX_POINT('',#11072);
#3780=VERTEX_POINT('',#11074);
#3781=VERTEX_POINT('',#11076);
#3782=VERTEX_POINT('',#11090);
#3783=VERTEX_POINT('',#11092);
#3784=VERTEX_POINT('',#11093);
#3785=VERTEX_POINT('',#11095);
#3786=VERTEX_POINT('',#11097);
#3787=VERTEX_POINT('',#11099);
#3788=VERTEX_POINT('',#11106);
#3789=VERTEX_POINT('',#11107);
#3790=VERTEX_POINT('',#11109);
#3791=VERTEX_POINT('',#11111);
#3792=VERTEX_POINT('',#11113);
#3793=VERTEX_POINT('',#11115);
#3794=VERTEX_POINT('',#11117);
#3795=VERTEX_POINT('',#11126);
#3796=VERTEX_POINT('',#11129);
#3797=VERTEX_POINT('',#11131);
#3798=VERTEX_POINT('',#11133);
#3799=VERTEX_POINT('',#11136);
#3800=VERTEX_POINT('',#11139);
#3801=VERTEX_POINT('',#11140);
#3802=VERTEX_POINT('',#11142);
#3803=VERTEX_POINT('',#11144);
#3804=VERTEX_POINT('',#11146);
#3805=VERTEX_POINT('',#11148);
#3806=VERTEX_POINT('',#11150);
#3807=VERTEX_POINT('',#11152);
#3808=VERTEX_POINT('',#11154);
#3809=VERTEX_POINT('',#11156);
#3810=VERTEX_POINT('',#11158);
#3811=VERTEX_POINT('',#11160);
#3812=VERTEX_POINT('',#11162);
#3813=VERTEX_POINT('',#11164);
#3814=VERTEX_POINT('',#11166);
#3815=VERTEX_POINT('',#11168);
#3816=VERTEX_POINT('',#11172);
#3817=VERTEX_POINT('',#11176);
#3818=VERTEX_POINT('',#11177);
#3819=VERTEX_POINT('',#11179);
#3820=VERTEX_POINT('',#11181);
#3821=VERTEX_POINT('',#11194);
#3822=VERTEX_POINT('',#11197);
#3823=VERTEX_POINT('',#11198);
#3824=VERTEX_POINT('',#11200);
#3825=VERTEX_POINT('',#11202);
#3826=VERTEX_POINT('',#11206);
#3827=VERTEX_POINT('',#11208);
#3828=VERTEX_POINT('',#11211);
#3829=VERTEX_POINT('',#11212);
#3830=VERTEX_POINT('',#11214);
#3831=VERTEX_POINT('',#11216);
#3832=VERTEX_POINT('',#11220);
#3833=VERTEX_POINT('',#11221);
#3834=VERTEX_POINT('',#11223);
#3835=VERTEX_POINT('',#11225);
#3836=VERTEX_POINT('',#11229);
#3837=VERTEX_POINT('',#11230);
#3838=VERTEX_POINT('',#11235);
#3839=VERTEX_POINT('',#11237);
#3840=VERTEX_POINT('',#11239);
#3841=VERTEX_POINT('',#11241);
#3842=VERTEX_POINT('',#11243);
#3843=VERTEX_POINT('',#11245);
#3844=VERTEX_POINT('',#11247);
#3845=VERTEX_POINT('',#11250);
#3846=VERTEX_POINT('',#11253);
#3847=VERTEX_POINT('',#11254);
#3848=VERTEX_POINT('',#11256);
#3849=VERTEX_POINT('',#11258);
#3850=VERTEX_POINT('',#11260);
#3851=VERTEX_POINT('',#11264);
#3852=VERTEX_POINT('',#11266);
#3853=VERTEX_POINT('',#11270);
#3854=VERTEX_POINT('',#11271);
#3855=VERTEX_POINT('',#11273);
#3856=VERTEX_POINT('',#11275);
#3857=VERTEX_POINT('',#11279);
#3858=VERTEX_POINT('',#11280);
#3859=VERTEX_POINT('',#11282);
#3860=VERTEX_POINT('',#11284);
#3861=VERTEX_POINT('',#11288);
#3862=VERTEX_POINT('',#11290);
#3863=VERTEX_POINT('',#11294);
#3864=VERTEX_POINT('',#11296);
#3865=VERTEX_POINT('',#11303);
#3866=VERTEX_POINT('',#11308);
#3867=VERTEX_POINT('',#11309);
#3868=VERTEX_POINT('',#11314);
#3869=VERTEX_POINT('',#11315);
#3870=VERTEX_POINT('',#11317);
#3871=VERTEX_POINT('',#11319);
#3872=VERTEX_POINT('',#11321);
#3873=VERTEX_POINT('',#11323);
#3874=VERTEX_POINT('',#11325);
#3875=VERTEX_POINT('',#11327);
#3876=VERTEX_POINT('',#11329);
#3877=VERTEX_POINT('',#11331);
#3878=VERTEX_POINT('',#11333);
#3879=VERTEX_POINT('',#11335);
#3880=VERTEX_POINT('',#11337);
#3881=VERTEX_POINT('',#11339);
#3882=VERTEX_POINT('',#11341);
#3883=VERTEX_POINT('',#11343);
#3884=VERTEX_POINT('',#11345);
#3885=VERTEX_POINT('',#11348);
#3886=VERTEX_POINT('',#11349);
#3887=VERTEX_POINT('',#11351);
#3888=VERTEX_POINT('',#11353);
#3889=VERTEX_POINT('',#11355);
#3890=VERTEX_POINT('',#11357);
#3891=VERTEX_POINT('',#11359);
#3892=VERTEX_POINT('',#11361);
#3893=VERTEX_POINT('',#11363);
#3894=VERTEX_POINT('',#11368);
#3895=VERTEX_POINT('',#11370);
#3896=VERTEX_POINT('',#11372);
#3897=VERTEX_POINT('',#11376);
#3898=VERTEX_POINT('',#11379);
#3899=VERTEX_POINT('',#11381);
#3900=VERTEX_POINT('',#11386);
#3901=VERTEX_POINT('',#11388);
#3902=VERTEX_POINT('',#11392);
#3903=VERTEX_POINT('',#11393);
#3904=VERTEX_POINT('',#11395);
#3905=VERTEX_POINT('',#11397);
#3906=VERTEX_POINT('',#11400);
#3907=VERTEX_POINT('',#11403);
#3908=VERTEX_POINT('',#11404);
#3909=VERTEX_POINT('',#11410);
#3910=VERTEX_POINT('',#11411);
#3911=VERTEX_POINT('',#11413);
#3912=VERTEX_POINT('',#11415);
#3913=VERTEX_POINT('',#11417);
#3914=VERTEX_POINT('',#11420);
#3915=VERTEX_POINT('',#11424);
#3916=VERTEX_POINT('',#11426);
#3917=VERTEX_POINT('',#11428);
#3918=VERTEX_POINT('',#11442);
#3919=VERTEX_POINT('',#11444);
#3920=VERTEX_POINT('',#11446);
#3921=VERTEX_POINT('',#11453);
#3922=VERTEX_POINT('',#11454);
#3923=VERTEX_POINT('',#11456);
#3924=VERTEX_POINT('',#11458);
#3925=VERTEX_POINT('',#11460);
#3926=VERTEX_POINT('',#11462);
#3927=VERTEX_POINT('',#11464);
#3928=VERTEX_POINT('',#11466);
#3929=VERTEX_POINT('',#11468);
#3930=VERTEX_POINT('',#11470);
#3931=VERTEX_POINT('',#11472);
#3932=VERTEX_POINT('',#11478);
#3933=VERTEX_POINT('',#11480);
#3934=VERTEX_POINT('',#11483);
#3935=VERTEX_POINT('',#11485);
#3936=VERTEX_POINT('',#11497);
#3937=VERTEX_POINT('',#11505);
#3938=VERTEX_POINT('',#11508);
#3939=VERTEX_POINT('',#11515);
#3940=VERTEX_POINT('',#11516);
#3941=VERTEX_POINT('',#11519);
#3942=VERTEX_POINT('',#11524);
#3943=VERTEX_POINT('',#11526);
#3944=VERTEX_POINT('',#11530);
#3945=VERTEX_POINT('',#11532);
#3946=VERTEX_POINT('',#11539);
#3947=VERTEX_POINT('',#11549);
#3948=VERTEX_POINT('',#11550);
#3949=VERTEX_POINT('',#11558);
#3950=VERTEX_POINT('',#11564);
#3951=VERTEX_POINT('',#11566);
#3952=VERTEX_POINT('',#11570);
#3953=VERTEX_POINT('',#11572);
#3954=VERTEX_POINT('',#11579);
#3955=VERTEX_POINT('',#11583);
#3956=VERTEX_POINT('',#11584);
#3957=VERTEX_POINT('',#11586);
#3958=VERTEX_POINT('',#11588);
#3959=VERTEX_POINT('',#11592);
#3960=VERTEX_POINT('',#11593);
#3961=VERTEX_POINT('',#11595);
#3962=VERTEX_POINT('',#11597);
#3963=VERTEX_POINT('',#11601);
#3964=VERTEX_POINT('',#11602);
#3965=VERTEX_POINT('',#11604);
#3966=VERTEX_POINT('',#11606);
#3967=VERTEX_POINT('',#11608);
#3968=VERTEX_POINT('',#11610);
#3969=VERTEX_POINT('',#11612);
#3970=VERTEX_POINT('',#11614);
#3971=VERTEX_POINT('',#11618);
#3972=VERTEX_POINT('',#11619);
#3973=VERTEX_POINT('',#11621);
#3974=VERTEX_POINT('',#11623);
#3975=VERTEX_POINT('',#11627);
#3976=VERTEX_POINT('',#11628);
#3977=VERTEX_POINT('',#11630);
#3978=VERTEX_POINT('',#11632);
#3979=VERTEX_POINT('',#11634);
#3980=VERTEX_POINT('',#11636);
#3981=VERTEX_POINT('',#11638);
#3982=VERTEX_POINT('',#11640);
#3983=VERTEX_POINT('',#11644);
#3984=VERTEX_POINT('',#11645);
#3985=VERTEX_POINT('',#11647);
#3986=VERTEX_POINT('',#11649);
#3987=VERTEX_POINT('',#11653);
#3988=VERTEX_POINT('',#11654);
#3989=VERTEX_POINT('',#11656);
#3990=VERTEX_POINT('',#11658);
#3991=VERTEX_POINT('',#11662);
#3992=VERTEX_POINT('',#11664);
#3993=VERTEX_POINT('',#11665);
#3994=VERTEX_POINT('',#11859);
#3995=VERTEX_POINT('',#11861);
#3996=VERTEX_POINT('',#11863);
#3997=VERTEX_POINT('',#11881);
#3998=VERTEX_POINT('',#11946);
#3999=VERTEX_POINT('',#12184);
#4000=VERTEX_POINT('',#12185);
#4001=VERTEX_POINT('',#12187);
#4002=VERTEX_POINT('',#12189);
#4003=VERTEX_POINT('',#12191);
#4004=VERTEX_POINT('',#12193);
#4005=VERTEX_POINT('',#12195);
#4006=VERTEX_POINT('',#12197);
#4007=VERTEX_POINT('',#12199);
#4008=VERTEX_POINT('',#12201);
#4009=VERTEX_POINT('',#12203);
#4010=VERTEX_POINT('',#12205);
#4011=VERTEX_POINT('',#12207);
#4012=VERTEX_POINT('',#12209);
#4013=VERTEX_POINT('',#12211);
#4014=VERTEX_POINT('',#12213);
#4015=VERTEX_POINT('',#12215);
#4016=VERTEX_POINT('',#12217);
#4017=VERTEX_POINT('',#12219);
#4018=VERTEX_POINT('',#12222);
#4019=VERTEX_POINT('',#12223);
#4020=VERTEX_POINT('',#12225);
#4021=VERTEX_POINT('',#12227);
#4022=VERTEX_POINT('',#12229);
#4023=VERTEX_POINT('',#12231);
#4024=VERTEX_POINT('',#12233);
#4025=VERTEX_POINT('',#12235);
#4026=VERTEX_POINT('',#12237);
#4027=VERTEX_POINT('',#12239);
#4028=VERTEX_POINT('',#12241);
#4029=VERTEX_POINT('',#12243);
#4030=VERTEX_POINT('',#12247);
#4031=VERTEX_POINT('',#12248);
#4032=VERTEX_POINT('',#12250);
#4033=VERTEX_POINT('',#12252);
#4034=VERTEX_POINT('',#12254);
#4035=VERTEX_POINT('',#12256);
#4036=VERTEX_POINT('',#12258);
#4037=VERTEX_POINT('',#12262);
#4038=VERTEX_POINT('',#12263);
#4039=VERTEX_POINT('',#12265);
#4040=VERTEX_POINT('',#12267);
#4041=VERTEX_POINT('',#12270);
#4042=VERTEX_POINT('',#12271);
#4043=VERTEX_POINT('',#12273);
#4044=VERTEX_POINT('',#12275);
#4045=VERTEX_POINT('',#12277);
#4046=VERTEX_POINT('',#12281);
#4047=VERTEX_POINT('',#12282);
#4048=VERTEX_POINT('',#12284);
#4049=VERTEX_POINT('',#12286);
#4050=VERTEX_POINT('',#12288);
#4051=VERTEX_POINT('',#12290);
#4052=VERTEX_POINT('',#12292);
#4053=VERTEX_POINT('',#12294);
#4054=VERTEX_POINT('',#12296);
#4055=VERTEX_POINT('',#12298);
#4056=VERTEX_POINT('',#12300);
#4057=VERTEX_POINT('',#12302);
#4058=VERTEX_POINT('',#12304);
#4059=VERTEX_POINT('',#12306);
#4060=VERTEX_POINT('',#12308);
#4061=VERTEX_POINT('',#12310);
#4062=VERTEX_POINT('',#12312);
#4063=VERTEX_POINT('',#12314);
#4064=VERTEX_POINT('',#12316);
#4065=VERTEX_POINT('',#12318);
#4066=VERTEX_POINT('',#12320);
#4067=VERTEX_POINT('',#12322);
#4068=VERTEX_POINT('',#12324);
#4069=VERTEX_POINT('',#12326);
#4070=VERTEX_POINT('',#12328);
#4071=VERTEX_POINT('',#12330);
#4072=VERTEX_POINT('',#12332);
#4073=VERTEX_POINT('',#12334);
#4074=VERTEX_POINT('',#12336);
#4075=VERTEX_POINT('',#12338);
#4076=VERTEX_POINT('',#12340);
#4077=VERTEX_POINT('',#12342);
#4078=VERTEX_POINT('',#12344);
#4079=VERTEX_POINT('',#12358);
#4080=VERTEX_POINT('',#12370);
#4081=VERTEX_POINT('',#12372);
#4082=VERTEX_POINT('',#12373);
#4083=VERTEX_POINT('',#12378);
#4084=VERTEX_POINT('',#12380);
#4085=VERTEX_POINT('',#12382);
#4086=VERTEX_POINT('',#12384);
#4087=VERTEX_POINT('',#12386);
#4088=VERTEX_POINT('',#12388);
#4089=VERTEX_POINT('',#12393);
#4090=VERTEX_POINT('',#12398);
#4091=VERTEX_POINT('',#12400);
#4092=VERTEX_POINT('',#12404);
#4093=VERTEX_POINT('',#12405);
#4094=VERTEX_POINT('',#12407);
#4095=VERTEX_POINT('',#12409);
#4096=VERTEX_POINT('',#12413);
#4097=VERTEX_POINT('',#12414);
#4098=VERTEX_POINT('',#12416);
#4099=VERTEX_POINT('',#12418);
#4100=VERTEX_POINT('',#12422);
#4101=VERTEX_POINT('',#12423);
#4102=VERTEX_POINT('',#12425);
#4103=VERTEX_POINT('',#12427);
#4104=VERTEX_POINT('',#12431);
#4105=VERTEX_POINT('',#12432);
#4106=VERTEX_POINT('',#12434);
#4107=VERTEX_POINT('',#12436);
#4108=VERTEX_POINT('',#12438);
#4109=VERTEX_POINT('',#12440);
#4110=VERTEX_POINT('',#12442);
#4111=VERTEX_POINT('',#12444);
#4112=VERTEX_POINT('',#12447);
#4113=VERTEX_POINT('',#12449);
#4114=VERTEX_POINT('',#12452);
#4115=VERTEX_POINT('',#12453);
#4116=VERTEX_POINT('',#12455);
#4117=VERTEX_POINT('',#12457);
#4118=VERTEX_POINT('',#12461);
#4119=VERTEX_POINT('',#12464);
#4120=VERTEX_POINT('',#12466);
#4121=VERTEX_POINT('',#12470);
#4122=VERTEX_POINT('',#12471);
#4123=VERTEX_POINT('',#12473);
#4124=VERTEX_POINT('',#12475);
#4125=VERTEX_POINT('',#12488);
#4126=VERTEX_POINT('',#12500);
#4127=VERTEX_POINT('',#12503);
#4128=VERTEX_POINT('',#12504);
#4129=VERTEX_POINT('',#12506);
#4130=VERTEX_POINT('',#12508);
#4131=VERTEX_POINT('',#12510);
#4132=VERTEX_POINT('',#12512);
#4133=VERTEX_POINT('',#12515);
#4134=VERTEX_POINT('',#12518);
#4135=VERTEX_POINT('',#12519);
#4136=VERTEX_POINT('',#12521);
#4137=VERTEX_POINT('',#12523);
#4138=VERTEX_POINT('',#12527);
#4139=VERTEX_POINT('',#12528);
#4140=VERTEX_POINT('',#12530);
#4141=VERTEX_POINT('',#12532);
#4142=VERTEX_POINT('',#12536);
#4143=VERTEX_POINT('',#12537);
#4144=VERTEX_POINT('',#12539);
#4145=VERTEX_POINT('',#12541);
#4146=VERTEX_POINT('',#12544);
#4147=VERTEX_POINT('',#12547);
#4148=VERTEX_POINT('',#12548);
#4149=VERTEX_POINT('',#12550);
#4150=VERTEX_POINT('',#12552);
#4151=VERTEX_POINT('',#12556);
#4152=VERTEX_POINT('',#12557);
#4153=VERTEX_POINT('',#12559);
#4154=VERTEX_POINT('',#12561);
#4155=VERTEX_POINT('',#12565);
#4156=VERTEX_POINT('',#12566);
#4157=VERTEX_POINT('',#12568);
#4158=VERTEX_POINT('',#12570);
#4159=VERTEX_POINT('',#12574);
#4160=VERTEX_POINT('',#12575);
#4161=VERTEX_POINT('',#12577);
#4162=VERTEX_POINT('',#12579);
#4163=VERTEX_POINT('',#12586);
#4164=VERTEX_POINT('',#12589);
#4165=VERTEX_POINT('',#12590);
#4166=VERTEX_POINT('',#12592);
#4167=VERTEX_POINT('',#12594);
#4168=VERTEX_POINT('',#12598);
#4169=VERTEX_POINT('',#12599);
#4170=VERTEX_POINT('',#12601);
#4171=VERTEX_POINT('',#12603);
#4172=VERTEX_POINT('',#12607);
#4173=VERTEX_POINT('',#12608);
#4174=VERTEX_POINT('',#12610);
#4175=VERTEX_POINT('',#12612);
#4176=VERTEX_POINT('',#12615);
#4177=VERTEX_POINT('',#12618);
#4178=VERTEX_POINT('',#12619);
#4179=VERTEX_POINT('',#12621);
#4180=VERTEX_POINT('',#12623);
#4181=VERTEX_POINT('',#12627);
#4182=VERTEX_POINT('',#12628);
#4183=VERTEX_POINT('',#12630);
#4184=VERTEX_POINT('',#12632);
#4185=VERTEX_POINT('',#12636);
#4186=VERTEX_POINT('',#12637);
#4187=VERTEX_POINT('',#12639);
#4188=VERTEX_POINT('',#12641);
#4189=VERTEX_POINT('',#12647);
#4190=VERTEX_POINT('',#12651);
#4191=VERTEX_POINT('',#12655);
#4192=VERTEX_POINT('',#12659);
#4193=VERTEX_POINT('',#12663);
#4194=VERTEX_POINT('',#12665);
#4195=VERTEX_POINT('',#12669);
#4196=VERTEX_POINT('',#12670);
#4197=VERTEX_POINT('',#12672);
#4198=VERTEX_POINT('',#12674);
#4199=VERTEX_POINT('',#12676);
#4200=VERTEX_POINT('',#12678);
#4201=VERTEX_POINT('',#12680);
#4202=VERTEX_POINT('',#12682);
#4203=VERTEX_POINT('',#12684);
#4204=VERTEX_POINT('',#12688);
#4205=VERTEX_POINT('',#12689);
#4206=VERTEX_POINT('',#12691);
#4207=VERTEX_POINT('',#12693);
#4208=VERTEX_POINT('',#12700);
#4209=VERTEX_POINT('',#12707);
#4210=VERTEX_POINT('',#12708);
#4211=VERTEX_POINT('',#12710);
#4212=VERTEX_POINT('',#12718);
#4213=VERTEX_POINT('',#12719);
#4214=VERTEX_POINT('',#12722);
#4215=VERTEX_POINT('',#12724);
#4216=VERTEX_POINT('',#12726);
#4217=VERTEX_POINT('',#12728);
#4218=VERTEX_POINT('',#12730);
#4219=VERTEX_POINT('',#12732);
#4220=VERTEX_POINT('',#12735);
#4221=VERTEX_POINT('',#12737);
#4222=VERTEX_POINT('',#12740);
#4223=VERTEX_POINT('',#12742);
#4224=VERTEX_POINT('',#12746);
#4225=VERTEX_POINT('',#12747);
#4226=VERTEX_POINT('',#12752);
#4227=VERTEX_POINT('',#12753);
#4228=VERTEX_POINT('',#13132);
#4229=VERTEX_POINT('',#13144);
#4230=VERTEX_POINT('',#13146);
#4231=VERTEX_POINT('',#13158);
#4232=VERTEX_POINT('',#13161);
#4233=VERTEX_POINT('',#13162);
#4234=VERTEX_POINT('',#13167);
#4235=VERTEX_POINT('',#13169);
#4236=VERTEX_POINT('',#13174);
#4237=VERTEX_POINT('',#13176);
#4238=VERTEX_POINT('',#13179);
#4239=VERTEX_POINT('',#13180);
#4240=VERTEX_POINT('',#13182);
#4241=VERTEX_POINT('',#13184);
#4242=VERTEX_POINT('',#13187);
#4243=VERTEX_POINT('',#13188);
#4244=VERTEX_POINT('',#13190);
#4245=VERTEX_POINT('',#13192);
#4246=VERTEX_POINT('',#13195);
#4247=VERTEX_POINT('',#13197);
#4248=VERTEX_POINT('',#13201);
#4249=VERTEX_POINT('',#13204);
#4250=VERTEX_POINT('',#13205);
#4251=VERTEX_POINT('',#13207);
#4252=VERTEX_POINT('',#13209);
#4253=VERTEX_POINT('',#13216);
#4254=VERTEX_POINT('',#13218);
#4255=VERTEX_POINT('',#13223);
#4256=VERTEX_POINT('',#13225);
#4257=VERTEX_POINT('',#13229);
#4258=VERTEX_POINT('',#13231);
#4259=VERTEX_POINT('',#13232);
#4260=VERTEX_POINT('',#13234);
#4261=VERTEX_POINT('',#13236);
#4262=VERTEX_POINT('',#13240);
#4263=VERTEX_POINT('',#13241);
#4264=VERTEX_POINT('',#13246);
#4265=VERTEX_POINT('',#13248);
#4266=VERTEX_POINT('',#13259);
#4267=VERTEX_POINT('',#13291);
#4268=VERTEX_POINT('',#13292);
#4269=VERTEX_POINT('',#13294);
#4270=VERTEX_POINT('',#13296);
#4271=VERTEX_POINT('',#13303);
#4272=VERTEX_POINT('',#13305);
#4273=VERTEX_POINT('',#13310);
#4274=VERTEX_POINT('',#13312);
#4275=VERTEX_POINT('',#13316);
#4276=VERTEX_POINT('',#13318);
#4277=VERTEX_POINT('',#13319);
#4278=VERTEX_POINT('',#13321);
#4279=VERTEX_POINT('',#13323);
#4280=VERTEX_POINT('',#13327);
#4281=VERTEX_POINT('',#13328);
#4282=VERTEX_POINT('',#13333);
#4283=VERTEX_POINT('',#13335);
#4284=VERTEX_POINT('',#13346);
#4285=VERTEX_POINT('',#13378);
#4286=VERTEX_POINT('',#13379);
#4287=VERTEX_POINT('',#13381);
#4288=VERTEX_POINT('',#13383);
#4289=VERTEX_POINT('',#13387);
#4290=VERTEX_POINT('',#13388);
#4291=VERTEX_POINT('',#13390);
#4292=VERTEX_POINT('',#13392);
#4293=VERTEX_POINT('',#13396);
#4294=VERTEX_POINT('',#13398);
#4295=VERTEX_POINT('',#13400);
#4296=VERTEX_POINT('',#13404);
#4297=VERTEX_POINT('',#13409);
#4298=VERTEX_POINT('',#13411);
#4299=VERTEX_POINT('',#13418);
#4300=VERTEX_POINT('',#13421);
#4301=VERTEX_POINT('',#13423);
#4302=LINE('',#10790,#5177);
#4303=LINE('',#10793,#5178);
#4304=LINE('',#10795,#5179);
#4305=LINE('',#10797,#5180);
#4306=LINE('',#10799,#5181);
#4307=LINE('',#10801,#5182);
#4308=LINE('',#10803,#5183);
#4309=LINE('',#10805,#5184);
#4310=LINE('',#10807,#5185);
#4311=LINE('',#10809,#5186);
#4312=LINE('',#10811,#5187);
#4313=LINE('',#10815,#5188);
#4314=LINE('',#10818,#5189);
#4315=LINE('',#10820,#5190);
#4316=LINE('',#10822,#5191);
#4317=LINE('',#10824,#5192);
#4318=LINE('',#10826,#5193);
#4319=LINE('',#10828,#5194);
#4320=LINE('',#10830,#5195);
#4321=LINE('',#10832,#5196);
#4322=LINE('',#10834,#5197);
#4323=LINE('',#10836,#5198);
#4324=LINE('',#10839,#5199);
#4325=LINE('',#10841,#5200);
#4326=LINE('',#10843,#5201);
#4327=LINE('',#10845,#5202);
#4328=LINE('',#10847,#5203);
#4329=LINE('',#10849,#5204);
#4330=LINE('',#10851,#5205);
#4331=LINE('',#10853,#5206);
#4332=LINE('',#10855,#5207);
#4333=LINE('',#10857,#5208);
#4334=LINE('',#10859,#5209);
#4335=LINE('',#10861,#5210);
#4336=LINE('',#10863,#5211);
#4337=LINE('',#10865,#5212);
#4338=LINE('',#10870,#5213);
#4339=LINE('',#10872,#5214);
#4340=LINE('',#10874,#5215);
#4341=LINE('',#10876,#5216);
#4342=LINE('',#10878,#5217);
#4343=LINE('',#10880,#5218);
#4344=LINE('',#10882,#5219);
#4345=LINE('',#10884,#5220);
#4346=LINE('',#10886,#5221);
#4347=LINE('',#10888,#5222);
#4348=LINE('',#10890,#5223);
#4349=LINE('',#10892,#5224);
#4350=LINE('',#10894,#5225);
#4351=LINE('',#10896,#5226);
#4352=LINE('',#10898,#5227);
#4353=LINE('',#10900,#5228);
#4354=LINE('',#10907,#5229);
#4355=LINE('',#10911,#5230);
#4356=LINE('',#10915,#5231);
#4357=LINE('',#10918,#5232);
#4358=LINE('',#10920,#5233);
#4359=LINE('',#10922,#5234);
#4360=LINE('',#10924,#5235);
#4361=LINE('',#10927,#5236);
#4362=LINE('',#10929,#5237);
#4363=LINE('',#10931,#5238);
#4364=LINE('',#10933,#5239);
#4365=LINE('',#10935,#5240);
#4366=LINE('',#10937,#5241);
#4367=LINE('',#10939,#5242);
#4368=LINE('',#10941,#5243);
#4369=LINE('',#10943,#5244);
#4370=LINE('',#10945,#5245);
#4371=LINE('',#10948,#5246);
#4372=LINE('',#10949,#5247);
#4373=LINE('',#10951,#5248);
#4374=LINE('',#10953,#5249);
#4375=LINE('',#10955,#5250);
#4376=LINE('',#10960,#5251);
#4377=LINE('',#10964,#5252);
#4378=LINE('',#10966,#5253);
#4379=LINE('',#10969,#5254);
#4380=LINE('',#10971,#5255);
#4381=LINE('',#10973,#5256);
#4382=LINE('',#10975,#5257);
#4383=LINE('',#10977,#5258);
#4384=LINE('',#10979,#5259);
#4385=LINE('',#10983,#5260);
#4386=LINE('',#10986,#5261);
#4387=LINE('',#10988,#5262);
#4388=LINE('',#10990,#5263);
#4389=LINE('',#10994,#5264);
#4390=LINE('',#11001,#5265);
#4391=LINE('',#11005,#5266);
#4392=LINE('',#11007,#5267);
#4393=LINE('',#11012,#5268);
#4394=LINE('',#11021,#5269);
#4395=LINE('',#11023,#5270);
#4396=LINE('',#11025,#5271);
#4397=LINE('',#11029,#5272);
#4398=LINE('',#11031,#5273);
#4399=LINE('',#11033,#5274);
#4400=LINE('',#11035,#5275);
#4401=LINE('',#11037,#5276);
#4402=LINE('',#11039,#5277);
#4403=LINE('',#11041,#5278);
#4404=LINE('',#11045,#5279);
#4405=LINE('',#11047,#5280);
#4406=LINE('',#11049,#5281);
#4407=LINE('',#11053,#5282);
#4408=LINE('',#11055,#5283);
#4409=LINE('',#11057,#5284);
#4410=LINE('',#11060,#5285);
#4411=LINE('',#11061,#5286);
#4412=LINE('',#11063,#5287);
#4413=LINE('',#11066,#5288);
#4414=LINE('',#11073,#5289);
#4415=LINE('',#11075,#5290);
#4416=LINE('',#11077,#5291);
#4417=LINE('',#11096,#5292);
#4418=LINE('',#11100,#5293);
#4419=LINE('',#11103,#5294);
#4420=LINE('',#11105,#5295);
#4421=LINE('',#11108,#5296);
#4422=LINE('',#11110,#5297);
#4423=LINE('',#11112,#5298);
#4424=LINE('',#11114,#5299);
#4425=LINE('',#11116,#5300);
#4426=LINE('',#11127,#5301);
#4427=LINE('',#11130,#5302);
#4428=LINE('',#11132,#5303);
#4429=LINE('',#11134,#5304);
#4430=LINE('',#11138,#5305);
#4431=LINE('',#11141,#5306);
#4432=LINE('',#11143,#5307);
#4433=LINE('',#11145,#5308);
#4434=LINE('',#11147,#5309);
#4435=LINE('',#11149,#5310);
#4436=LINE('',#11151,#5311);
#4437=LINE('',#11153,#5312);
#4438=LINE('',#11155,#5313);
#4439=LINE('',#11157,#5314);
#4440=LINE('',#11159,#5315);
#4441=LINE('',#11161,#5316);
#4442=LINE('',#11163,#5317);
#4443=LINE('',#11165,#5318);
#4444=LINE('',#11167,#5319);
#4445=LINE('',#11169,#5320);
#4446=LINE('',#11171,#5321);
#4447=LINE('',#11173,#5322);
#4448=LINE('',#11175,#5323);
#4449=LINE('',#11180,#5324);
#4450=LINE('',#11196,#5325);
#4451=LINE('',#11201,#5326);
#4452=LINE('',#11210,#5327);
#4453=LINE('',#11215,#5328);
#4454=LINE('',#11219,#5329);
#4455=LINE('',#11222,#5330);
#4456=LINE('',#11224,#5331);
#4457=LINE('',#11226,#5332);
#4458=LINE('',#11228,#5333);
#4459=LINE('',#11236,#5334);
#4460=LINE('',#11238,#5335);
#4461=LINE('',#11240,#5336);
#4462=LINE('',#11242,#5337);
#4463=LINE('',#11244,#5338);
#4464=LINE('',#11246,#5339);
#4465=LINE('',#11248,#5340);
#4466=LINE('',#11252,#5341);
#4467=LINE('',#11257,#5342);
#4468=LINE('',#11261,#5343);
#4469=LINE('',#11263,#5344);
#4470=LINE('',#11265,#5345);
#4471=LINE('',#11267,#5346);
#4472=LINE('',#11269,#5347);
#4473=LINE('',#11272,#5348);
#4474=LINE('',#11274,#5349);
#4475=LINE('',#11276,#5350);
#4476=LINE('',#11278,#5351);
#4477=LINE('',#11281,#5352);
#4478=LINE('',#11283,#5353);
#4479=LINE('',#11285,#5354);
#4480=LINE('',#11287,#5355);
#4481=LINE('',#11289,#5356);
#4482=LINE('',#11291,#5357);
#4483=LINE('',#11293,#5358);
#4484=LINE('',#11295,#5359);
#4485=LINE('',#11297,#5360);
#4486=LINE('',#11299,#5361);
#4487=LINE('',#11300,#5362);
#4488=LINE('',#11302,#5363);
#4489=LINE('',#11304,#5364);
#4490=LINE('',#11305,#5365);
#4491=LINE('',#11307,#5366);
#4492=LINE('',#11310,#5367);
#4493=LINE('',#11311,#5368);
#4494=LINE('',#11313,#5369);
#4495=LINE('',#11318,#5370);
#4496=LINE('',#11320,#5371);
#4497=LINE('',#11322,#5372);
#4498=LINE('',#11326,#5373);
#4499=LINE('',#11328,#5374);
#4500=LINE('',#11330,#5375);
#4501=LINE('',#11334,#5376);
#4502=LINE('',#11336,#5377);
#4503=LINE('',#11338,#5378);
#4504=LINE('',#11340,#5379);
#4505=LINE('',#11344,#5380);
#4506=LINE('',#11346,#5381);
#4507=LINE('',#11347,#5382);
#4508=LINE('',#11350,#5383);
#4509=LINE('',#11354,#5384);
#4510=LINE('',#11356,#5385);
#4511=LINE('',#11358,#5386);
#4512=LINE('',#11362,#5387);
#4513=LINE('',#11364,#5388);
#4514=LINE('',#11367,#5389);
#4515=LINE('',#11369,#5390);
#4516=LINE('',#11371,#5391);
#4517=LINE('',#11373,#5392);
#4518=LINE('',#11374,#5393);
#4519=LINE('',#11378,#5394);
#4520=LINE('',#11380,#5395);
#4521=LINE('',#11382,#5396);
#4522=LINE('',#11385,#5397);
#4523=LINE('',#11387,#5398);
#4524=LINE('',#11389,#5399);
#4525=LINE('',#11391,#5400);
#4526=LINE('',#11394,#5401);
#4527=LINE('',#11396,#5402);
#4528=LINE('',#11398,#5403);
#4529=LINE('',#11402,#5404);
#4530=LINE('',#11405,#5405);
#4531=LINE('',#11406,#5406);
#4532=LINE('',#11409,#5407);
#4533=LINE('',#11412,#5408);
#4534=LINE('',#11414,#5409);
#4535=LINE('',#11416,#5410);
#4536=LINE('',#11418,#5411);
#4537=LINE('',#11419,#5412);
#4538=LINE('',#11421,#5413);
#4539=LINE('',#11423,#5414);
#4540=LINE('',#11425,#5415);
#4541=LINE('',#11427,#5416);
#4542=LINE('',#11429,#5417);
#4543=LINE('',#11445,#5418);
#4544=LINE('',#11452,#5419);
#4545=LINE('',#11455,#5420);
#4546=LINE('',#11457,#5421);
#4547=LINE('',#11459,#5422);
#4548=LINE('',#11463,#5423);
#4549=LINE('',#11465,#5424);
#4550=LINE('',#11467,#5425);
#4551=LINE('',#11469,#5426);
#4552=LINE('',#11471,#5427);
#4553=LINE('',#11492,#5428);
#4554=LINE('',#11494,#5429);
#4555=LINE('',#11498,#5430);
#4556=LINE('',#11504,#5431);
#4557=LINE('',#11506,#5432);
#4558=LINE('',#11507,#5433);
#4559=LINE('',#11509,#5434);
#4560=LINE('',#11517,#5435);
#4561=LINE('',#11518,#5436);
#4562=LINE('',#11525,#5437);
#4563=LINE('',#11527,#5438);
#4564=LINE('',#11529,#5439);
#4565=LINE('',#11531,#5440);
#4566=LINE('',#11551,#5441);
#4567=LINE('',#11557,#5442);
#4568=LINE('',#11559,#5443);
#4569=LINE('',#11560,#5444);
#4570=LINE('',#11562,#5445);
#4571=LINE('',#11563,#5446);
#4572=LINE('',#11565,#5447);
#4573=LINE('',#11567,#5448);
#4574=LINE('',#11569,#5449);
#4575=LINE('',#11571,#5450);
#4576=LINE('',#11573,#5451);
#4577=LINE('',#11575,#5452);
#4578=LINE('',#11576,#5453);
#4579=LINE('',#11578,#5454);
#4580=LINE('',#11580,#5455);
#4581=LINE('',#11582,#5456);
#4582=LINE('',#11585,#5457);
#4583=LINE('',#11587,#5458);
#4584=LINE('',#11589,#5459);
#4585=LINE('',#11591,#5460);
#4586=LINE('',#11594,#5461);
#4587=LINE('',#11596,#5462);
#4588=LINE('',#11598,#5463);
#4589=LINE('',#11600,#5464);
#4590=LINE('',#11603,#5465);
#4591=LINE('',#11605,#5466);
#4592=LINE('',#11607,#5467);
#4593=LINE('',#11609,#5468);
#4594=LINE('',#11611,#5469);
#4595=LINE('',#11613,#5470);
#4596=LINE('',#11615,#5471);
#4597=LINE('',#11617,#5472);
#4598=LINE('',#11620,#5473);
#4599=LINE('',#11622,#5474);
#4600=LINE('',#11624,#5475);
#4601=LINE('',#11626,#5476);
#4602=LINE('',#11629,#5477);
#4603=LINE('',#11631,#5478);
#4604=LINE('',#11633,#5479);
#4605=LINE('',#11635,#5480);
#4606=LINE('',#11637,#5481);
#4607=LINE('',#11639,#5482);
#4608=LINE('',#11641,#5483);
#4609=LINE('',#11643,#5484);
#4610=LINE('',#11646,#5485);
#4611=LINE('',#11648,#5486);
#4612=LINE('',#11650,#5487);
#4613=LINE('',#11652,#5488);
#4614=LINE('',#11655,#5489);
#4615=LINE('',#11657,#5490);
#4616=LINE('',#11659,#5491);
#4617=LINE('',#11663,#5492);
#4618=LINE('',#11666,#5493);
#4619=LINE('',#11667,#5494);
#4620=LINE('',#11670,#5495);
#4621=LINE('',#11671,#5496);
#4622=LINE('',#11693,#5497);
#4623=LINE('',#11695,#5498);
#4624=LINE('',#11697,#5499);
#4625=LINE('',#11698,#5500);
#4626=LINE('',#11705,#5501);
#4627=LINE('',#11707,#5502);
#4628=LINE('',#11709,#5503);
#4629=LINE('',#11716,#5504);
#4630=LINE('',#11718,#5505);
#4631=LINE('',#11720,#5506);
#4632=LINE('',#11722,#5507);
#4633=LINE('',#11724,#5508);
#4634=LINE('',#11727,#5509);
#4635=LINE('',#11728,#5510);
#4636=LINE('',#11730,#5511);
#4637=LINE('',#11732,#5512);
#4638=LINE('',#11733,#5513);
#4639=LINE('',#11735,#5514);
#4640=LINE('',#11736,#5515);
#4641=LINE('',#11738,#5516);
#4642=LINE('',#11740,#5517);
#4643=LINE('',#11741,#5518);
#4644=LINE('',#11743,#5519);
#4645=LINE('',#11745,#5520);
#4646=LINE('',#11747,#5521);
#4647=LINE('',#11749,#5522);
#4648=LINE('',#11751,#5523);
#4649=LINE('',#11753,#5524);
#4650=LINE('',#11755,#5525);
#4651=LINE('',#11756,#5526);
#4652=LINE('',#11758,#5527);
#4653=LINE('',#11759,#5528);
#4654=LINE('',#11761,#5529);
#4655=LINE('',#11763,#5530);
#4656=LINE('',#11765,#5531);
#4657=LINE('',#11767,#5532);
#4658=LINE('',#11769,#5533);
#4659=LINE('',#11771,#5534);
#4660=LINE('',#11773,#5535);
#4661=LINE('',#11774,#5536);
#4662=LINE('',#11776,#5537);
#4663=LINE('',#11778,#5538);
#4664=LINE('',#11780,#5539);
#4665=LINE('',#11781,#5540);
#4666=LINE('',#11783,#5541);
#4667=LINE('',#11785,#5542);
#4668=LINE('',#11786,#5543);
#4669=LINE('',#11788,#5544);
#4670=LINE('',#11790,#5545);
#4671=LINE('',#11792,#5546);
#4672=LINE('',#11794,#5547);
#4673=LINE('',#11796,#5548);
#4674=LINE('',#11798,#5549);
#4675=LINE('',#11800,#5550);
#4676=LINE('',#11802,#5551);
#4677=LINE('',#11809,#5552);
#4678=LINE('',#11811,#5553);
#4679=LINE('',#11813,#5554);
#4680=LINE('',#11815,#5555);
#4681=LINE('',#11817,#5556);
#4682=LINE('',#11819,#5557);
#4683=LINE('',#11820,#5558);
#4684=LINE('',#11822,#5559);
#4685=LINE('',#11823,#5560);
#4686=LINE('',#11825,#5561);
#4687=LINE('',#11827,#5562);
#4688=LINE('',#11829,#5563);
#4689=LINE('',#11831,#5564);
#4690=LINE('',#11833,#5565);
#4691=LINE('',#11835,#5566);
#4692=LINE('',#11837,#5567);
#4693=LINE('',#11838,#5568);
#4694=LINE('',#11845,#5569);
#4695=LINE('',#11847,#5570);
#4696=LINE('',#11849,#5571);
#4697=LINE('',#11851,#5572);
#4698=LINE('',#11858,#5573);
#4699=LINE('',#11860,#5574);
#4700=LINE('',#11862,#5575);
#4701=LINE('',#11864,#5576);
#4702=LINE('',#11871,#5577);
#4703=LINE('',#11872,#5578);
#4704=LINE('',#11874,#5579);
#4705=LINE('',#11880,#5580);
#4706=LINE('',#11887,#5581);
#4707=LINE('',#11889,#5582);
#4708=LINE('',#11891,#5583);
#4709=LINE('',#11898,#5584);
#4710=LINE('',#11900,#5585);
#4711=LINE('',#11921,#5586);
#4712=LINE('',#11923,#5587);
#4713=LINE('',#11925,#5588);
#4714=LINE('',#11926,#5589);
#4715=LINE('',#11928,#5590);
#4716=LINE('',#11930,#5591);
#4717=LINE('',#11932,#5592);
#4718=LINE('',#11939,#5593);
#4719=LINE('',#11941,#5594);
#4720=LINE('',#11943,#5595);
#4721=LINE('',#11945,#5596);
#4722=LINE('',#11947,#5597);
#4723=LINE('',#11948,#5598);
#4724=LINE('',#11950,#5599);
#4725=LINE('',#11952,#5600);
#4726=LINE('',#11954,#5601);
#4727=LINE('',#11956,#5602);
#4728=LINE('',#11958,#5603);
#4729=LINE('',#11960,#5604);
#4730=LINE('',#11967,#5605);
#4731=LINE('',#11968,#5606);
#4732=LINE('',#11970,#5607);
#4733=LINE('',#11972,#5608);
#4734=LINE('',#11974,#5609);
#4735=LINE('',#11976,#5610);
#4736=LINE('',#11978,#5611);
#4737=LINE('',#11980,#5612);
#4738=LINE('',#11982,#5613);
#4739=LINE('',#11983,#5614);
#4740=LINE('',#11985,#5615);
#4741=LINE('',#11987,#5616);
#4742=LINE('',#11989,#5617);
#4743=LINE('',#11991,#5618);
#4744=LINE('',#11998,#5619);
#4745=LINE('',#12000,#5620);
#4746=LINE('',#12002,#5621);
#4747=LINE('',#12004,#5622);
#4748=LINE('',#12006,#5623);
#4749=LINE('',#12012,#5624);
#4750=LINE('',#12014,#5625);
#4751=LINE('',#12016,#5626);
#4752=LINE('',#12017,#5627);
#4753=LINE('',#12029,#5628);
#4754=LINE('',#12031,#5629);
#4755=LINE('',#12033,#5630);
#4756=LINE('',#12040,#5631);
#4757=LINE('',#12042,#5632);
#4758=LINE('',#12057,#5633);
#4759=LINE('',#12058,#5634);
#4760=LINE('',#12060,#5635);
#4761=LINE('',#12062,#5636);
#4762=LINE('',#12064,#5637);
#4763=LINE('',#12066,#5638);
#4764=LINE('',#12068,#5639);
#4765=LINE('',#12075,#5640);
#4766=LINE('',#12077,#5641);
#4767=LINE('',#12079,#5642);
#4768=LINE('',#12081,#5643);
#4769=LINE('',#12083,#5644);
#4770=LINE('',#12085,#5645);
#4771=LINE('',#12090,#5646);
#4772=LINE('',#12097,#5647);
#4773=LINE('',#12098,#5648);
#4774=LINE('',#12100,#5649);
#4775=LINE('',#12102,#5650);
#4776=LINE('',#12104,#5651);
#4777=LINE('',#12116,#5652);
#4778=LINE('',#12118,#5653);
#4779=LINE('',#12120,#5654);
#4780=LINE('',#12122,#5655);
#4781=LINE('',#12124,#5656);
#4782=LINE('',#12128,#5657);
#4783=LINE('',#12130,#5658);
#4784=LINE('',#12132,#5659);
#4785=LINE('',#12134,#5660);
#4786=LINE('',#12136,#5661);
#4787=LINE('',#12138,#5662);
#4788=LINE('',#12140,#5663);
#4789=LINE('',#12142,#5664);
#4790=LINE('',#12144,#5665);
#4791=LINE('',#12147,#5666);
#4792=LINE('',#12150,#5667);
#4793=LINE('',#12152,#5668);
#4794=LINE('',#12164,#5669);
#4795=LINE('',#12166,#5670);
#4796=LINE('',#12168,#5671);
#4797=LINE('',#12178,#5672);
#4798=LINE('',#12183,#5673);
#4799=LINE('',#12186,#5674);
#4800=LINE('',#12188,#5675);
#4801=LINE('',#12190,#5676);
#4802=LINE('',#12194,#5677);
#4803=LINE('',#12196,#5678);
#4804=LINE('',#12198,#5679);
#4805=LINE('',#12202,#5680);
#4806=LINE('',#12204,#5681);
#4807=LINE('',#12206,#5682);
#4808=LINE('',#12208,#5683);
#4809=LINE('',#12210,#5684);
#4810=LINE('',#12214,#5685);
#4811=LINE('',#12216,#5686);
#4812=LINE('',#12220,#5687);
#4813=LINE('',#12221,#5688);
#4814=LINE('',#12224,#5689);
#4815=LINE('',#12226,#5690);
#4816=LINE('',#12228,#5691);
#4817=LINE('',#12232,#5692);
#4818=LINE('',#12234,#5693);
#4819=LINE('',#12236,#5694);
#4820=LINE('',#12238,#5695);
#4821=LINE('',#12240,#5696);
#4822=LINE('',#12244,#5697);
#4823=LINE('',#12246,#5698);
#4824=LINE('',#12249,#5699);
#4825=LINE('',#12251,#5700);
#4826=LINE('',#12253,#5701);
#4827=LINE('',#12255,#5702);
#4828=LINE('',#12257,#5703);
#4829=LINE('',#12259,#5704);
#4830=LINE('',#12261,#5705);
#4831=LINE('',#12264,#5706);
#4832=LINE('',#12266,#5707);
#4833=LINE('',#12268,#5708);
#4834=LINE('',#12269,#5709);
#4835=LINE('',#12274,#5710);
#4836=LINE('',#12276,#5711);
#4837=LINE('',#12280,#5712);
#4838=LINE('',#12285,#5713);
#4839=LINE('',#12287,#5714);
#4840=LINE('',#12289,#5715);
#4841=LINE('',#12291,#5716);
#4842=LINE('',#12293,#5717);
#4843=LINE('',#12295,#5718);
#4844=LINE('',#12297,#5719);
#4845=LINE('',#12301,#5720);
#4846=LINE('',#12303,#5721);
#4847=LINE('',#12305,#5722);
#4848=LINE('',#12309,#5723);
#4849=LINE('',#12311,#5724);
#4850=LINE('',#12313,#5725);
#4851=LINE('',#12315,#5726);
#4852=LINE('',#12317,#5727);
#4853=LINE('',#12321,#5728);
#4854=LINE('',#12323,#5729);
#4855=LINE('',#12325,#5730);
#4856=LINE('',#12327,#5731);
#4857=LINE('',#12329,#5732);
#4858=LINE('',#12331,#5733);
#4859=LINE('',#12335,#5734);
#4860=LINE('',#12337,#5735);
#4861=LINE('',#12339,#5736);
#4862=LINE('',#12341,#5737);
#4863=LINE('',#12343,#5738);
#4864=LINE('',#12371,#5739);
#4865=LINE('',#12381,#5740);
#4866=LINE('',#12385,#5741);
#4867=LINE('',#12399,#5742);
#4868=LINE('',#12403,#5743);
#4869=LINE('',#12406,#5744);
#4870=LINE('',#12408,#5745);
#4871=LINE('',#12410,#5746);
#4872=LINE('',#12412,#5747);
#4873=LINE('',#12417,#5748);
#4874=LINE('',#12421,#5749);
#4875=LINE('',#12424,#5750);
#4876=LINE('',#12426,#5751);
#4877=LINE('',#12428,#5752);
#4878=LINE('',#12430,#5753);
#4879=LINE('',#12433,#5754);
#4880=LINE('',#12435,#5755);
#4881=LINE('',#12437,#5756);
#4882=LINE('',#12439,#5757);
#4883=LINE('',#12441,#5758);
#4884=LINE('',#12443,#5759);
#4885=LINE('',#12445,#5760);
#4886=LINE('',#12451,#5761);
#4887=LINE('',#12454,#5762);
#4888=LINE('',#12456,#5763);
#4889=LINE('',#12458,#5764);
#4890=LINE('',#12462,#5765);
#4891=LINE('',#12465,#5766);
#4892=LINE('',#12472,#5767);
#4893=LINE('',#12476,#5768);
#4894=LINE('',#12502,#5769);
#4895=LINE('',#12505,#5770);
#4896=LINE('',#12507,#5771);
#4897=LINE('',#12509,#5772);
#4898=LINE('',#12511,#5773);
#4899=LINE('',#12513,#5774);
#4900=LINE('',#12517,#5775);
#4901=LINE('',#12520,#5776);
#4902=LINE('',#12522,#5777);
#4903=LINE('',#12524,#5778);
#4904=LINE('',#12526,#5779);
#4905=LINE('',#12529,#5780);
#4906=LINE('',#12531,#5781);
#4907=LINE('',#12533,#5782);
#4908=LINE('',#12535,#5783);
#4909=LINE('',#12538,#5784);
#4910=LINE('',#12540,#5785);
#4911=LINE('',#12542,#5786);
#4912=LINE('',#12546,#5787);
#4913=LINE('',#12549,#5788);
#4914=LINE('',#12551,#5789);
#4915=LINE('',#12553,#5790);
#4916=LINE('',#12555,#5791);
#4917=LINE('',#12558,#5792);
#4918=LINE('',#12560,#5793);
#4919=LINE('',#12562,#5794);
#4920=LINE('',#12567,#5795);
#4921=LINE('',#12571,#5796);
#4922=LINE('',#12573,#5797);
#4923=LINE('',#12576,#5798);
#4924=LINE('',#12578,#5799);
#4925=LINE('',#12580,#5800);
#4926=LINE('',#12588,#5801);
#4927=LINE('',#12591,#5802);
#4928=LINE('',#12593,#5803);
#4929=LINE('',#12595,#5804);
#4930=LINE('',#12600,#5805);
#4931=LINE('',#12604,#5806);
#4932=LINE('',#12606,#5807);
#4933=LINE('',#12609,#5808);
#4934=LINE('',#12611,#5809);
#4935=LINE('',#12613,#5810);
#4936=LINE('',#12620,#5811);
#4937=LINE('',#12624,#5812);
#4938=LINE('',#12626,#5813);
#4939=LINE('',#12629,#5814);
#4940=LINE('',#12631,#5815);
#4941=LINE('',#12633,#5816);
#4942=LINE('',#12635,#5817);
#4943=LINE('',#12638,#5818);
#4944=LINE('',#12640,#5819);
#4945=LINE('',#12642,#5820);
#4946=LINE('',#12662,#5821);
#4947=LINE('',#12664,#5822);
#4948=LINE('',#12666,#5823);
#4949=LINE('',#12668,#5824);
#4950=LINE('',#12671,#5825);
#4951=LINE('',#12673,#5826);
#4952=LINE('',#12675,#5827);
#4953=LINE('',#12677,#5828);
#4954=LINE('',#12679,#5829);
#4955=LINE('',#12683,#5830);
#4956=LINE('',#12685,#5831);
#4957=LINE('',#12687,#5832);
#4958=LINE('',#12690,#5833);
#4959=LINE('',#12692,#5834);
#4960=LINE('',#12694,#5835);
#4961=LINE('',#12695,#5836);
#4962=LINE('',#12696,#5837);
#4963=LINE('',#12697,#5838);
#4964=LINE('',#12699,#5839);
#4965=LINE('',#12706,#5840);
#4966=LINE('',#12709,#5841);
#4967=LINE('',#12711,#5842);
#4968=LINE('',#12717,#5843);
#4969=LINE('',#12720,#5844);
#4970=LINE('',#12723,#5845);
#4971=LINE('',#12725,#5846);
#4972=LINE('',#12727,#5847);
#4973=LINE('',#12729,#5848);
#4974=LINE('',#12733,#5849);
#4975=LINE('',#12745,#5850);
#4976=LINE('',#12748,#5851);
#4977=LINE('',#12749,#5852);
#4978=LINE('',#12751,#5853);
#4979=LINE('',#12754,#5854);
#4980=LINE('',#12755,#5855);
#4981=LINE('',#12757,#5856);
#4982=LINE('',#12758,#5857);
#4983=LINE('',#12760,#5858);
#4984=LINE('',#12762,#5859);
#4985=LINE('',#12765,#5860);
#4986=LINE('',#12766,#5861);
#4987=LINE('',#12768,#5862);
#4988=LINE('',#12770,#5863);
#4989=LINE('',#12777,#5864);
#4990=LINE('',#12778,#5865);
#4991=LINE('',#12780,#5866);
#4992=LINE('',#12782,#5867);
#4993=LINE('',#12789,#5868);
#4994=LINE('',#12795,#5869);
#4995=LINE('',#12796,#5870);
#4996=LINE('',#12798,#5871);
#4997=LINE('',#12799,#5872);
#4998=LINE('',#12801,#5873);
#4999=LINE('',#12808,#5874);
#5000=LINE('',#12810,#5875);
#5001=LINE('',#12812,#5876);
#5002=LINE('',#12814,#5877);
#5003=LINE('',#12816,#5878);
#5004=LINE('',#12818,#5879);
#5005=LINE('',#12820,#5880);
#5006=LINE('',#12821,#5881);
#5007=LINE('',#12823,#5882);
#5008=LINE('',#12824,#5883);
#5009=LINE('',#12826,#5884);
#5010=LINE('',#12828,#5885);
#5011=LINE('',#12830,#5886);
#5012=LINE('',#12832,#5887);
#5013=LINE('',#12834,#5888);
#5014=LINE('',#12836,#5889);
#5015=LINE('',#12837,#5890);
#5016=LINE('',#12839,#5891);
#5017=LINE('',#12840,#5892);
#5018=LINE('',#12842,#5893);
#5019=LINE('',#12843,#5894);
#5020=LINE('',#12845,#5895);
#5021=LINE('',#12851,#5896);
#5022=LINE('',#12853,#5897);
#5023=LINE('',#12854,#5898);
#5024=LINE('',#12856,#5899);
#5025=LINE('',#12858,#5900);
#5026=LINE('',#12860,#5901);
#5027=LINE('',#12866,#5902);
#5028=LINE('',#12868,#5903);
#5029=LINE('',#12870,#5904);
#5030=LINE('',#12871,#5905);
#5031=LINE('',#12873,#5906);
#5032=LINE('',#12875,#5907);
#5033=LINE('',#12877,#5908);
#5034=LINE('',#12879,#5909);
#5035=LINE('',#12881,#5910);
#5036=LINE('',#12883,#5911);
#5037=LINE('',#12885,#5912);
#5038=LINE('',#12887,#5913);
#5039=LINE('',#12889,#5914);
#5040=LINE('',#12896,#5915);
#5041=LINE('',#12898,#5916);
#5042=LINE('',#12900,#5917);
#5043=LINE('',#12907,#5918);
#5044=LINE('',#12909,#5919);
#5045=LINE('',#12911,#5920);
#5046=LINE('',#12912,#5921);
#5047=LINE('',#12924,#5922);
#5048=LINE('',#12926,#5923);
#5049=LINE('',#12932,#5924);
#5050=LINE('',#12934,#5925);
#5051=LINE('',#12936,#5926);
#5052=LINE('',#12938,#5927);
#5053=LINE('',#12940,#5928);
#5054=LINE('',#12942,#5929);
#5055=LINE('',#12949,#5930);
#5056=LINE('',#12955,#5931);
#5057=LINE('',#12957,#5932);
#5058=LINE('',#12959,#5933);
#5059=LINE('',#12961,#5934);
#5060=LINE('',#12963,#5935);
#5061=LINE('',#12965,#5936);
#5062=LINE('',#12967,#5937);
#5063=LINE('',#12974,#5938);
#5064=LINE('',#12981,#5939);
#5065=LINE('',#12982,#5940);
#5066=LINE('',#12994,#5941);
#5067=LINE('',#12996,#5942);
#5068=LINE('',#13003,#5943);
#5069=LINE('',#13004,#5944);
#5070=LINE('',#13006,#5945);
#5071=LINE('',#13013,#5946);
#5072=LINE('',#13015,#5947);
#5073=LINE('',#13017,#5948);
#5074=LINE('',#13024,#5949);
#5075=LINE('',#13025,#5950);
#5076=LINE('',#13027,#5951);
#5077=LINE('',#13034,#5952);
#5078=LINE('',#13036,#5953);
#5079=LINE('',#13038,#5954);
#5080=LINE('',#13040,#5955);
#5081=LINE('',#13042,#5956);
#5082=LINE('',#13043,#5957);
#5083=LINE('',#13045,#5958);
#5084=LINE('',#13047,#5959);
#5085=LINE('',#13049,#5960);
#5086=LINE('',#13051,#5961);
#5087=LINE('',#13053,#5962);
#5088=LINE('',#13055,#5963);
#5089=LINE('',#13057,#5964);
#5090=LINE('',#13059,#5965);
#5091=LINE('',#13066,#5966);
#5092=LINE('',#13068,#5967);
#5093=LINE('',#13069,#5968);
#5094=LINE('',#13071,#5969);
#5095=LINE('',#13083,#5970);
#5096=LINE('',#13085,#5971);
#5097=LINE('',#13087,#5972);
#5098=LINE('',#13088,#5973);
#5099=LINE('',#13090,#5974);
#5100=LINE('',#13092,#5975);
#5101=LINE('',#13094,#5976);
#5102=LINE('',#13096,#5977);
#5103=LINE('',#13103,#5978);
#5104=LINE('',#13105,#5979);
#5105=LINE('',#13107,#5980);
#5106=LINE('',#13109,#5981);
#5107=LINE('',#13111,#5982);
#5108=LINE('',#13113,#5983);
#5109=LINE('',#13115,#5984);
#5110=LINE('',#13117,#5985);
#5111=LINE('',#13119,#5986);
#5112=LINE('',#13121,#5987);
#5113=LINE('',#13123,#5988);
#5114=LINE('',#13125,#5989);
#5115=LINE('',#13127,#5990);
#5116=LINE('',#13168,#5991);
#5117=LINE('',#13177,#5992);
#5118=LINE('',#13181,#5993);
#5119=LINE('',#13185,#5994);
#5120=LINE('',#13189,#5995);
#5121=LINE('',#13193,#5996);
#5122=LINE('',#13203,#5997);
#5123=LINE('',#13208,#5998);
#5124=LINE('',#13210,#5999);
#5125=LINE('',#13217,#6000);
#5126=LINE('',#13224,#6001);
#5127=LINE('',#13226,#6002);
#5128=LINE('',#13230,#6003);
#5129=LINE('',#13233,#6004);
#5130=LINE('',#13235,#6005);
#5131=LINE('',#13237,#6006);
#5132=LINE('',#13239,#6007);
#5133=LINE('',#13247,#6008);
#5134=LINE('',#13253,#6009);
#5135=LINE('',#13256,#6010);
#5136=LINE('',#13282,#6011);
#5137=LINE('',#13283,#6012);
#5138=LINE('',#13285,#6013);
#5139=LINE('',#13287,#6014);
#5140=LINE('',#13290,#6015);
#5141=LINE('',#13295,#6016);
#5142=LINE('',#13297,#6017);
#5143=LINE('',#13304,#6018);
#5144=LINE('',#13311,#6019);
#5145=LINE('',#13313,#6020);
#5146=LINE('',#13317,#6021);
#5147=LINE('',#13320,#6022);
#5148=LINE('',#13322,#6023);
#5149=LINE('',#13324,#6024);
#5150=LINE('',#13326,#6025);
#5151=LINE('',#13334,#6026);
#5152=LINE('',#13340,#6027);
#5153=LINE('',#13343,#6028);
#5154=LINE('',#13369,#6029);
#5155=LINE('',#13370,#6030);
#5156=LINE('',#13372,#6031);
#5157=LINE('',#13374,#6032);
#5158=LINE('',#13377,#6033);
#5159=LINE('',#13382,#6034);
#5160=LINE('',#13384,#6035);
#5161=LINE('',#13386,#6036);
#5162=LINE('',#13389,#6037);
#5163=LINE('',#13391,#6038);
#5164=LINE('',#13393,#6039);
#5165=LINE('',#13397,#6040);
#5166=LINE('',#13399,#6041);
#5167=LINE('',#13401,#6042);
#5168=LINE('',#13403,#6043);
#5169=LINE('',#13410,#6044);
#5170=LINE('',#13417,#6045);
#5171=LINE('',#13435,#6046);
#5172=LINE('',#13436,#6047);
#5173=LINE('',#13443,#6048);
#5174=LINE('',#13445,#6049);
#5175=LINE('',#13455,#6050);
#5176=LINE('',#13460,#6051);
#5177=VECTOR('',#8703,1000.);
#5178=VECTOR('',#8704,1000.);
#5179=VECTOR('',#8705,1000.);
#5180=VECTOR('',#8706,1000.);
#5181=VECTOR('',#8707,1000.);
#5182=VECTOR('',#8708,1000.);
#5183=VECTOR('',#8709,1000.);
#5184=VECTOR('',#8710,1000.);
#5185=VECTOR('',#8711,1000.);
#5186=VECTOR('',#8712,1000.);
#5187=VECTOR('',#8713,1000.);
#5188=VECTOR('',#8718,1000.);
#5189=VECTOR('',#8719,1000.);
#5190=VECTOR('',#8720,1000.);
#5191=VECTOR('',#8721,1000.);
#5192=VECTOR('',#8722,1000.);
#5193=VECTOR('',#8723,1000.);
#5194=VECTOR('',#8724,1000.);
#5195=VECTOR('',#8725,1000.);
#5196=VECTOR('',#8726,1000.);
#5197=VECTOR('',#8727,1000.);
#5198=VECTOR('',#8730,1000.);
#5199=VECTOR('',#8731,1000.);
#5200=VECTOR('',#8732,1000.);
#5201=VECTOR('',#8733,1000.);
#5202=VECTOR('',#8734,1000.);
#5203=VECTOR('',#8735,1000.);
#5204=VECTOR('',#8736,1000.);
#5205=VECTOR('',#8737,1000.);
#5206=VECTOR('',#8738,1000.);
#5207=VECTOR('',#8739,1000.);
#5208=VECTOR('',#8740,1000.);
#5209=VECTOR('',#8741,1000.);
#5210=VECTOR('',#8742,1000.);
#5211=VECTOR('',#8743,1000.);
#5212=VECTOR('',#8744,1000.);
#5213=VECTOR('',#8749,1000.);
#5214=VECTOR('',#8750,1000.);
#5215=VECTOR('',#8751,1000.);
#5216=VECTOR('',#8752,1000.);
#5217=VECTOR('',#8753,1000.);
#5218=VECTOR('',#8754,1000.);
#5219=VECTOR('',#8755,1000.);
#5220=VECTOR('',#8756,1000.);
#5221=VECTOR('',#8757,1000.);
#5222=VECTOR('',#8758,1000.);
#5223=VECTOR('',#8759,1000.);
#5224=VECTOR('',#8760,1000.);
#5225=VECTOR('',#8761,1000.);
#5226=VECTOR('',#8762,1000.);
#5227=VECTOR('',#8763,1000.);
#5228=VECTOR('',#8766,1000.);
#5229=VECTOR('',#8773,1000.);
#5230=VECTOR('',#8776,1000.);
#5231=VECTOR('',#8781,1000.);
#5232=VECTOR('',#8782,1000.);
#5233=VECTOR('',#8783,1000.);
#5234=VECTOR('',#8784,1000.);
#5235=VECTOR('',#8787,1000.);
#5236=VECTOR('',#8788,1000.);
#5237=VECTOR('',#8789,1000.);
#5238=VECTOR('',#8790,1000.);
#5239=VECTOR('',#8791,1000.);
#5240=VECTOR('',#8792,1000.);
#5241=VECTOR('',#8793,1000.);
#5242=VECTOR('',#8794,1000.);
#5243=VECTOR('',#8795,1000.);
#5244=VECTOR('',#8796,1000.);
#5245=VECTOR('',#8799,1000.);
#5246=VECTOR('',#8800,1000.);
#5247=VECTOR('',#8801,1000.);
#5248=VECTOR('',#8802,1000.);
#5249=VECTOR('',#8803,1000.);
#5250=VECTOR('',#8804,1000.);
#5251=VECTOR('',#8809,1000.);
#5252=VECTOR('',#8812,1000.);
#5253=VECTOR('',#8815,1000.);
#5254=VECTOR('',#8816,1000.);
#5255=VECTOR('',#8817,1000.);
#5256=VECTOR('',#8818,1000.);
#5257=VECTOR('',#8819,1000.);
#5258=VECTOR('',#8820,1000.);
#5259=VECTOR('',#8821,1000.);
#5260=VECTOR('',#8826,1000.);
#5261=VECTOR('',#8827,1000.);
#5262=VECTOR('',#8828,1000.);
#5263=VECTOR('',#8829,1000.);
#5264=VECTOR('',#8832,1000.);
#5265=VECTOR('',#8833,1000.);
#5266=VECTOR('',#8836,1000.);
#5267=VECTOR('',#8839,1000.);
#5268=VECTOR('',#8842,1000.);
#5269=VECTOR('',#8845,1000.);
#5270=VECTOR('',#8846,1000.);
#5271=VECTOR('',#8847,1000.);
#5272=VECTOR('',#8850,1000.);
#5273=VECTOR('',#8851,1000.);
#5274=VECTOR('',#8852,1000.);
#5275=VECTOR('',#8853,1000.);
#5276=VECTOR('',#8854,1000.);
#5277=VECTOR('',#8855,1000.);
#5278=VECTOR('',#8856,1000.);
#5279=VECTOR('',#8859,1000.);
#5280=VECTOR('',#8860,1000.);
#5281=VECTOR('',#8861,1000.);
#5282=VECTOR('',#8864,1000.);
#5283=VECTOR('',#8865,1000.);
#5284=VECTOR('',#8868,1000.);
#5285=VECTOR('',#8869,1000.);
#5286=VECTOR('',#8870,1000.);
#5287=VECTOR('',#8873,1000.);
#5288=VECTOR('',#8874,1000.);
#5289=VECTOR('',#8875,1000.);
#5290=VECTOR('',#8876,1000.);
#5291=VECTOR('',#8877,1000.);
#5292=VECTOR('',#8884,1000.);
#5293=VECTOR('',#8887,1000.);
#5294=VECTOR('',#8892,1000.);
#5295=VECTOR('',#8895,1000.);
#5296=VECTOR('',#8896,1000.);
#5297=VECTOR('',#8897,1000.);
#5298=VECTOR('',#8898,1000.);
#5299=VECTOR('',#8899,1000.);
#5300=VECTOR('',#8900,1000.);
#5301=VECTOR('',#8901,1000.);
#5302=VECTOR('',#8904,1000.);
#5303=VECTOR('',#8905,1000.);
#5304=VECTOR('',#8906,1000.);
#5305=VECTOR('',#8911,1000.);
#5306=VECTOR('',#8912,1000.);
#5307=VECTOR('',#8913,1000.);
#5308=VECTOR('',#8914,1000.);
#5309=VECTOR('',#8915,1000.);
#5310=VECTOR('',#8916,1000.);
#5311=VECTOR('',#8917,1000.);
#5312=VECTOR('',#8918,1000.);
#5313=VECTOR('',#8919,1000.);
#5314=VECTOR('',#8920,1000.);
#5315=VECTOR('',#8921,1000.);
#5316=VECTOR('',#8922,1000.);
#5317=VECTOR('',#8923,1000.);
#5318=VECTOR('',#8924,1000.);
#5319=VECTOR('',#8925,1000.);
#5320=VECTOR('',#8926,1000.);
#5321=VECTOR('',#8929,1000.);
#5322=VECTOR('',#8930,1000.);
#5323=VECTOR('',#8933,1000.);
#5324=VECTOR('',#8936,1000.);
#5325=VECTOR('',#8941,1000.);
#5326=VECTOR('',#8944,1000.);
#5327=VECTOR('',#8955,1000.);
#5328=VECTOR('',#8958,1000.);
#5329=VECTOR('',#8963,1000.);
#5330=VECTOR('',#8964,1000.);
#5331=VECTOR('',#8965,1000.);
#5332=VECTOR('',#8966,1000.);
#5333=VECTOR('',#8969,1000.);
#5334=VECTOR('',#8970,1000.);
#5335=VECTOR('',#8971,1000.);
#5336=VECTOR('',#8972,1000.);
#5337=VECTOR('',#8973,1000.);
#5338=VECTOR('',#8974,1000.);
#5339=VECTOR('',#8975,1000.);
#5340=VECTOR('',#8976,1000.);
#5341=VECTOR('',#8981,1000.);
#5342=VECTOR('',#8984,1000.);
#5343=VECTOR('',#8987,1000.);
#5344=VECTOR('',#8990,1000.);
#5345=VECTOR('',#8991,1000.);
#5346=VECTOR('',#8992,1000.);
#5347=VECTOR('',#8995,1000.);
#5348=VECTOR('',#8996,1000.);
#5349=VECTOR('',#8997,1000.);
#5350=VECTOR('',#8998,1000.);
#5351=VECTOR('',#9001,1000.);
#5352=VECTOR('',#9002,1000.);
#5353=VECTOR('',#9003,1000.);
#5354=VECTOR('',#9004,1000.);
#5355=VECTOR('',#9007,1000.);
#5356=VECTOR('',#9008,1000.);
#5357=VECTOR('',#9009,1000.);
#5358=VECTOR('',#9012,1000.);
#5359=VECTOR('',#9013,1000.);
#5360=VECTOR('',#9014,1000.);
#5361=VECTOR('',#9017,1000.);
#5362=VECTOR('',#9018,1000.);
#5363=VECTOR('',#9021,1000.);
#5364=VECTOR('',#9022,1000.);
#5365=VECTOR('',#9023,1000.);
#5366=VECTOR('',#9026,1000.);
#5367=VECTOR('',#9027,1000.);
#5368=VECTOR('',#9028,1000.);
#5369=VECTOR('',#9031,1000.);
#5370=VECTOR('',#9034,1000.);
#5371=VECTOR('',#9035,1000.);
#5372=VECTOR('',#9036,1000.);
#5373=VECTOR('',#9039,1000.);
#5374=VECTOR('',#9040,1000.);
#5375=VECTOR('',#9041,1000.);
#5376=VECTOR('',#9044,1000.);
#5377=VECTOR('',#9045,1000.);
#5378=VECTOR('',#9046,1000.);
#5379=VECTOR('',#9047,1000.);
#5380=VECTOR('',#9050,1000.);
#5381=VECTOR('',#9051,1000.);
#5382=VECTOR('',#9052,1000.);
#5383=VECTOR('',#9053,1000.);
#5384=VECTOR('',#9056,1000.);
#5385=VECTOR('',#9057,1000.);
#5386=VECTOR('',#9058,1000.);
#5387=VECTOR('',#9061,1000.);
#5388=VECTOR('',#9062,1000.);
#5389=VECTOR('',#9067,1000.);
#5390=VECTOR('',#9068,1000.);
#5391=VECTOR('',#9069,1000.);
#5392=VECTOR('',#9070,1000.);
#5393=VECTOR('',#9071,1000.);
#5394=VECTOR('',#9076,1000.);
#5395=VECTOR('',#9077,1000.);
#5396=VECTOR('',#9078,1000.);
#5397=VECTOR('',#9083,1000.);
#5398=VECTOR('',#9084,1000.);
#5399=VECTOR('',#9085,1000.);
#5400=VECTOR('',#9088,1000.);
#5401=VECTOR('',#9089,1000.);
#5402=VECTOR('',#9090,1000.);
#5403=VECTOR('',#9091,1000.);
#5404=VECTOR('',#9096,1000.);
#5405=VECTOR('',#9097,1000.);
#5406=VECTOR('',#9098,1000.);
#5407=VECTOR('',#9103,1000.);
#5408=VECTOR('',#9104,1000.);
#5409=VECTOR('',#9105,1000.);
#5410=VECTOR('',#9106,1000.);
#5411=VECTOR('',#9107,1000.);
#5412=VECTOR('',#9108,1000.);
#5413=VECTOR('',#9109,1000.);
#5414=VECTOR('',#9112,1000.);
#5415=VECTOR('',#9113,1000.);
#5416=VECTOR('',#9114,1000.);
#5417=VECTOR('',#9115,1000.);
#5418=VECTOR('',#9118,1000.);
#5419=VECTOR('',#9121,1000.);
#5420=VECTOR('',#9122,1000.);
#5421=VECTOR('',#9123,1000.);
#5422=VECTOR('',#9124,1000.);
#5423=VECTOR('',#9127,1000.);
#5424=VECTOR('',#9128,1000.);
#5425=VECTOR('',#9129,1000.);
#5426=VECTOR('',#9130,1000.);
#5427=VECTOR('',#9131,1000.);
#5428=VECTOR('',#9146,1000.);
#5429=VECTOR('',#9149,1000.);
#5430=VECTOR('',#9154,1000.);
#5431=VECTOR('',#9157,1000.);
#5432=VECTOR('',#9158,1000.);
#5433=VECTOR('',#9159,1000.);
#5434=VECTOR('',#9160,1000.);
#5435=VECTOR('',#9163,1000.);
#5436=VECTOR('',#9164,1000.);
#5437=VECTOR('',#9165,1000.);
#5438=VECTOR('',#9166,1000.);
#5439=VECTOR('',#9169,1000.);
#5440=VECTOR('',#9170,1000.);
#5441=VECTOR('',#9177,1000.);
#5442=VECTOR('',#9180,1000.);
#5443=VECTOR('',#9181,1000.);
#5444=VECTOR('',#9182,1000.);
#5445=VECTOR('',#9185,1000.);
#5446=VECTOR('',#9186,1000.);
#5447=VECTOR('',#9187,1000.);
#5448=VECTOR('',#9188,1000.);
#5449=VECTOR('',#9191,1000.);
#5450=VECTOR('',#9192,1000.);
#5451=VECTOR('',#9193,1000.);
#5452=VECTOR('',#9196,1000.);
#5453=VECTOR('',#9197,1000.);
#5454=VECTOR('',#9200,1000.);
#5455=VECTOR('',#9201,1000.);
#5456=VECTOR('',#9204,1000.);
#5457=VECTOR('',#9205,1000.);
#5458=VECTOR('',#9206,1000.);
#5459=VECTOR('',#9207,1000.);
#5460=VECTOR('',#9210,1000.);
#5461=VECTOR('',#9211,1000.);
#5462=VECTOR('',#9212,1000.);
#5463=VECTOR('',#9213,1000.);
#5464=VECTOR('',#9216,1000.);
#5465=VECTOR('',#9217,1000.);
#5466=VECTOR('',#9218,1000.);
#5467=VECTOR('',#9219,1000.);
#5468=VECTOR('',#9220,1000.);
#5469=VECTOR('',#9221,1000.);
#5470=VECTOR('',#9222,1000.);
#5471=VECTOR('',#9223,1000.);
#5472=VECTOR('',#9226,1000.);
#5473=VECTOR('',#9227,1000.);
#5474=VECTOR('',#9228,1000.);
#5475=VECTOR('',#9229,1000.);
#5476=VECTOR('',#9232,1000.);
#5477=VECTOR('',#9233,1000.);
#5478=VECTOR('',#9234,1000.);
#5479=VECTOR('',#9235,1000.);
#5480=VECTOR('',#9236,1000.);
#5481=VECTOR('',#9237,1000.);
#5482=VECTOR('',#9238,1000.);
#5483=VECTOR('',#9239,1000.);
#5484=VECTOR('',#9242,1000.);
#5485=VECTOR('',#9243,1000.);
#5486=VECTOR('',#9244,1000.);
#5487=VECTOR('',#9245,1000.);
#5488=VECTOR('',#9248,1000.);
#5489=VECTOR('',#9249,1000.);
#5490=VECTOR('',#9250,1000.);
#5491=VECTOR('',#9251,1000.);
#5492=VECTOR('',#9256,1000.);
#5493=VECTOR('',#9257,1000.);
#5494=VECTOR('',#9258,1000.);
#5495=VECTOR('',#9263,1000.);
#5496=VECTOR('',#9264,1000.);
#5497=VECTOR('',#9275,1000.);
#5498=VECTOR('',#9278,1000.);
#5499=VECTOR('',#9281,1000.);
#5500=VECTOR('',#9282,1000.);
#5501=VECTOR('',#9287,1000.);
#5502=VECTOR('',#9290,1000.);
#5503=VECTOR('',#9293,1000.);
#5504=VECTOR('',#9298,1000.);
#5505=VECTOR('',#9301,1000.);
#5506=VECTOR('',#9304,1000.);
#5507=VECTOR('',#9307,1000.);
#5508=VECTOR('',#9310,1000.);
#5509=VECTOR('',#9315,1000.);
#5510=VECTOR('',#9316,1000.);
#5511=VECTOR('',#9319,1000.);
#5512=VECTOR('',#9322,1000.);
#5513=VECTOR('',#9323,1000.);
#5514=VECTOR('',#9326,1000.);
#5515=VECTOR('',#9327,1000.);
#5516=VECTOR('',#9330,1000.);
#5517=VECTOR('',#9333,1000.);
#5518=VECTOR('',#9334,1000.);
#5519=VECTOR('',#9337,1000.);
#5520=VECTOR('',#9340,1000.);
#5521=VECTOR('',#9343,1000.);
#5522=VECTOR('',#9346,1000.);
#5523=VECTOR('',#9349,1000.);
#5524=VECTOR('',#9352,1000.);
#5525=VECTOR('',#9355,1000.);
#5526=VECTOR('',#9356,1000.);
#5527=VECTOR('',#9359,1000.);
#5528=VECTOR('',#9360,1000.);
#5529=VECTOR('',#9363,1000.);
#5530=VECTOR('',#9366,1000.);
#5531=VECTOR('',#9369,1000.);
#5532=VECTOR('',#9372,1000.);
#5533=VECTOR('',#9375,1000.);
#5534=VECTOR('',#9378,1000.);
#5535=VECTOR('',#9381,1000.);
#5536=VECTOR('',#9382,1000.);
#5537=VECTOR('',#9385,1000.);
#5538=VECTOR('',#9388,1000.);
#5539=VECTOR('',#9391,1000.);
#5540=VECTOR('',#9392,1000.);
#5541=VECTOR('',#9395,1000.);
#5542=VECTOR('',#9398,1000.);
#5543=VECTOR('',#9399,1000.);
#5544=VECTOR('',#9402,1000.);
#5545=VECTOR('',#9405,1000.);
#5546=VECTOR('',#9408,1000.);
#5547=VECTOR('',#9411,1000.);
#5548=VECTOR('',#9414,1000.);
#5549=VECTOR('',#9417,1000.);
#5550=VECTOR('',#9420,1000.);
#5551=VECTOR('',#9423,1000.);
#5552=VECTOR('',#9428,1000.);
#5553=VECTOR('',#9431,1000.);
#5554=VECTOR('',#9434,1000.);
#5555=VECTOR('',#9437,1000.);
#5556=VECTOR('',#9440,1000.);
#5557=VECTOR('',#9443,1000.);
#5558=VECTOR('',#9444,1000.);
#5559=VECTOR('',#9447,1000.);
#5560=VECTOR('',#9448,1000.);
#5561=VECTOR('',#9451,1000.);
#5562=VECTOR('',#9454,1000.);
#5563=VECTOR('',#9457,1000.);
#5564=VECTOR('',#9460,1000.);
#5565=VECTOR('',#9463,1000.);
#5566=VECTOR('',#9466,1000.);
#5567=VECTOR('',#9469,1000.);
#5568=VECTOR('',#9470,1000.);
#5569=VECTOR('',#9475,1000.);
#5570=VECTOR('',#9478,1000.);
#5571=VECTOR('',#9481,1000.);
#5572=VECTOR('',#9484,1000.);
#5573=VECTOR('',#9489,1000.);
#5574=VECTOR('',#9490,1000.);
#5575=VECTOR('',#9491,1000.);
#5576=VECTOR('',#9492,1000.);
#5577=VECTOR('',#9497,1000.);
#5578=VECTOR('',#9498,1000.);
#5579=VECTOR('',#9501,1000.);
#5580=VECTOR('',#9504,1000.);
#5581=VECTOR('',#9507,1000.);
#5582=VECTOR('',#9510,1000.);
#5583=VECTOR('',#9513,1000.);
#5584=VECTOR('',#9518,1000.);
#5585=VECTOR('',#9521,1000.);
#5586=VECTOR('',#9526,1000.);
#5587=VECTOR('',#9529,1000.);
#5588=VECTOR('',#9532,1000.);
#5589=VECTOR('',#9533,1000.);
#5590=VECTOR('',#9536,1000.);
#5591=VECTOR('',#9539,1000.);
#5592=VECTOR('',#9542,1000.);
#5593=VECTOR('',#9547,1000.);
#5594=VECTOR('',#9550,1000.);
#5595=VECTOR('',#9553,1000.);
#5596=VECTOR('',#9556,1000.);
#5597=VECTOR('',#9557,1000.);
#5598=VECTOR('',#9558,1000.);
#5599=VECTOR('',#9561,1000.);
#5600=VECTOR('',#9564,1000.);
#5601=VECTOR('',#9567,1000.);
#5602=VECTOR('',#9570,1000.);
#5603=VECTOR('',#9573,1000.);
#5604=VECTOR('',#9576,1000.);
#5605=VECTOR('',#9581,1000.);
#5606=VECTOR('',#9582,1000.);
#5607=VECTOR('',#9585,1000.);
#5608=VECTOR('',#9588,1000.);
#5609=VECTOR('',#9591,1000.);
#5610=VECTOR('',#9594,1000.);
#5611=VECTOR('',#9597,1000.);
#5612=VECTOR('',#9600,1000.);
#5613=VECTOR('',#9603,1000.);
#5614=VECTOR('',#9604,1000.);
#5615=VECTOR('',#9607,1000.);
#5616=VECTOR('',#9610,1000.);
#5617=VECTOR('',#9613,1000.);
#5618=VECTOR('',#9616,1000.);
#5619=VECTOR('',#9621,1000.);
#5620=VECTOR('',#9624,1000.);
#5621=VECTOR('',#9627,1000.);
#5622=VECTOR('',#9630,1000.);
#5623=VECTOR('',#9633,1000.);
#5624=VECTOR('',#9636,1000.);
#5625=VECTOR('',#9639,1000.);
#5626=VECTOR('',#9642,1000.);
#5627=VECTOR('',#9643,1000.);
#5628=VECTOR('',#9650,1000.);
#5629=VECTOR('',#9653,1000.);
#5630=VECTOR('',#9656,1000.);
#5631=VECTOR('',#9661,1000.);
#5632=VECTOR('',#9664,1000.);
#5633=VECTOR('',#9669,1000.);
#5634=VECTOR('',#9670,1000.);
#5635=VECTOR('',#9673,1000.);
#5636=VECTOR('',#9676,1000.);
#5637=VECTOR('',#9679,1000.);
#5638=VECTOR('',#9682,1000.);
#5639=VECTOR('',#9685,1000.);
#5640=VECTOR('',#9690,1000.);
#5641=VECTOR('',#9693,1000.);
#5642=VECTOR('',#9696,1000.);
#5643=VECTOR('',#9699,1000.);
#5644=VECTOR('',#9702,1000.);
#5645=VECTOR('',#9705,1000.);
#5646=VECTOR('',#9706,1000.);
#5647=VECTOR('',#9711,1000.);
#5648=VECTOR('',#9712,1000.);
#5649=VECTOR('',#9715,1000.);
#5650=VECTOR('',#9718,1000.);
#5651=VECTOR('',#9721,1000.);
#5652=VECTOR('',#9728,1000.);
#5653=VECTOR('',#9731,1000.);
#5654=VECTOR('',#9734,1000.);
#5655=VECTOR('',#9737,1000.);
#5656=VECTOR('',#9740,1000.);
#5657=VECTOR('',#9747,1000.);
#5658=VECTOR('',#9750,1000.);
#5659=VECTOR('',#9753,1000.);
#5660=VECTOR('',#9756,1000.);
#5661=VECTOR('',#9759,1000.);
#5662=VECTOR('',#9762,1000.);
#5663=VECTOR('',#9765,1000.);
#5664=VECTOR('',#9768,1000.);
#5665=VECTOR('',#9771,1000.);
#5666=VECTOR('',#9776,1000.);
#5667=VECTOR('',#9781,1000.);
#5668=VECTOR('',#9784,1000.);
#5669=VECTOR('',#9791,1000.);
#5670=VECTOR('',#9794,1000.);
#5671=VECTOR('',#9797,1000.);
#5672=VECTOR('',#9800,1000.);
#5673=VECTOR('',#9809,1000.);
#5674=VECTOR('',#9810,1000.);
#5675=VECTOR('',#9811,1000.);
#5676=VECTOR('',#9812,1000.);
#5677=VECTOR('',#9815,1000.);
#5678=VECTOR('',#9816,1000.);
#5679=VECTOR('',#9817,1000.);
#5680=VECTOR('',#9820,1000.);
#5681=VECTOR('',#9821,1000.);
#5682=VECTOR('',#9822,1000.);
#5683=VECTOR('',#9823,1000.);
#5684=VECTOR('',#9824,1000.);
#5685=VECTOR('',#9827,1000.);
#5686=VECTOR('',#9828,1000.);
#5687=VECTOR('',#9831,1000.);
#5688=VECTOR('',#9832,1000.);
#5689=VECTOR('',#9833,1000.);
#5690=VECTOR('',#9834,1000.);
#5691=VECTOR('',#9835,1000.);
#5692=VECTOR('',#9838,1000.);
#5693=VECTOR('',#9839,1000.);
#5694=VECTOR('',#9840,1000.);
#5695=VECTOR('',#9841,1000.);
#5696=VECTOR('',#9842,1000.);
#5697=VECTOR('',#9845,1000.);
#5698=VECTOR('',#9848,1000.);
#5699=VECTOR('',#9849,1000.);
#5700=VECTOR('',#9850,1000.);
#5701=VECTOR('',#9851,1000.);
#5702=VECTOR('',#9852,1000.);
#5703=VECTOR('',#9853,1000.);
#5704=VECTOR('',#9854,1000.);
#5705=VECTOR('',#9857,1000.);
#5706=VECTOR('',#9858,1000.);
#5707=VECTOR('',#9859,1000.);
#5708=VECTOR('',#9860,1000.);
#5709=VECTOR('',#9861,1000.);
#5710=VECTOR('',#9864,1000.);
#5711=VECTOR('',#9865,1000.);
#5712=VECTOR('',#9870,1000.);
#5713=VECTOR('',#9873,1000.);
#5714=VECTOR('',#9874,1000.);
#5715=VECTOR('',#9875,1000.);
#5716=VECTOR('',#9876,1000.);
#5717=VECTOR('',#9877,1000.);
#5718=VECTOR('',#9878,1000.);
#5719=VECTOR('',#9879,1000.);
#5720=VECTOR('',#9882,1000.);
#5721=VECTOR('',#9883,1000.);
#5722=VECTOR('',#9884,1000.);
#5723=VECTOR('',#9887,1000.);
#5724=VECTOR('',#9888,1000.);
#5725=VECTOR('',#9889,1000.);
#5726=VECTOR('',#9890,1000.);
#5727=VECTOR('',#9891,1000.);
#5728=VECTOR('',#9894,1000.);
#5729=VECTOR('',#9895,1000.);
#5730=VECTOR('',#9896,1000.);
#5731=VECTOR('',#9897,1000.);
#5732=VECTOR('',#9898,1000.);
#5733=VECTOR('',#9899,1000.);
#5734=VECTOR('',#9902,1000.);
#5735=VECTOR('',#9903,1000.);
#5736=VECTOR('',#9904,1000.);
#5737=VECTOR('',#9905,1000.);
#5738=VECTOR('',#9906,1000.);
#5739=VECTOR('',#9911,1000.);
#5740=VECTOR('',#9914,1000.);
#5741=VECTOR('',#9917,1000.);
#5742=VECTOR('',#9920,1000.);
#5743=VECTOR('',#9925,1000.);
#5744=VECTOR('',#9926,1000.);
#5745=VECTOR('',#9927,1000.);
#5746=VECTOR('',#9928,1000.);
#5747=VECTOR('',#9931,1000.);
#5748=VECTOR('',#9934,1000.);
#5749=VECTOR('',#9939,1000.);
#5750=VECTOR('',#9940,1000.);
#5751=VECTOR('',#9941,1000.);
#5752=VECTOR('',#9942,1000.);
#5753=VECTOR('',#9945,1000.);
#5754=VECTOR('',#9946,1000.);
#5755=VECTOR('',#9947,1000.);
#5756=VECTOR('',#9948,1000.);
#5757=VECTOR('',#9949,1000.);
#5758=VECTOR('',#9950,1000.);
#5759=VECTOR('',#9951,1000.);
#5760=VECTOR('',#9952,1000.);
#5761=VECTOR('',#9959,1000.);
#5762=VECTOR('',#9960,1000.);
#5763=VECTOR('',#9961,1000.);
#5764=VECTOR('',#9962,1000.);
#5765=VECTOR('',#9967,1000.);
#5766=VECTOR('',#9970,1000.);
#5767=VECTOR('',#9977,1000.);
#5768=VECTOR('',#9980,1000.);
#5769=VECTOR('',#9983,1000.);
#5770=VECTOR('',#9984,1000.);
#5771=VECTOR('',#9985,1000.);
#5772=VECTOR('',#9986,1000.);
#5773=VECTOR('',#9987,1000.);
#5774=VECTOR('',#9988,1000.);
#5775=VECTOR('',#9993,1000.);
#5776=VECTOR('',#9994,1000.);
#5777=VECTOR('',#9995,1000.);
#5778=VECTOR('',#9996,1000.);
#5779=VECTOR('',#9999,1000.);
#5780=VECTOR('',#10000,1000.);
#5781=VECTOR('',#10001,1000.);
#5782=VECTOR('',#10002,1000.);
#5783=VECTOR('',#10005,1000.);
#5784=VECTOR('',#10006,1000.);
#5785=VECTOR('',#10007,1000.);
#5786=VECTOR('',#10008,1000.);
#5787=VECTOR('',#10013,1000.);
#5788=VECTOR('',#10014,1000.);
#5789=VECTOR('',#10015,1000.);
#5790=VECTOR('',#10016,1000.);
#5791=VECTOR('',#10019,1000.);
#5792=VECTOR('',#10020,1000.);
#5793=VECTOR('',#10021,1000.);
#5794=VECTOR('',#10022,1000.);
#5795=VECTOR('',#10027,1000.);
#5796=VECTOR('',#10030,1000.);
#5797=VECTOR('',#10033,1000.);
#5798=VECTOR('',#10034,1000.);
#5799=VECTOR('',#10035,1000.);
#5800=VECTOR('',#10036,1000.);
#5801=VECTOR('',#10041,1000.);
#5802=VECTOR('',#10042,1000.);
#5803=VECTOR('',#10043,1000.);
#5804=VECTOR('',#10044,1000.);
#5805=VECTOR('',#10049,1000.);
#5806=VECTOR('',#10052,1000.);
#5807=VECTOR('',#10055,1000.);
#5808=VECTOR('',#10056,1000.);
#5809=VECTOR('',#10057,1000.);
#5810=VECTOR('',#10058,1000.);
#5811=VECTOR('',#10065,1000.);
#5812=VECTOR('',#10068,1000.);
#5813=VECTOR('',#10071,1000.);
#5814=VECTOR('',#10072,1000.);
#5815=VECTOR('',#10073,1000.);
#5816=VECTOR('',#10074,1000.);
#5817=VECTOR('',#10077,1000.);
#5818=VECTOR('',#10078,1000.);
#5819=VECTOR('',#10079,1000.);
#5820=VECTOR('',#10080,1000.);
#5821=VECTOR('',#10111,1000.);
#5822=VECTOR('',#10112,1000.);
#5823=VECTOR('',#10113,1000.);
#5824=VECTOR('',#10116,1000.);
#5825=VECTOR('',#10117,1000.);
#5826=VECTOR('',#10118,1000.);
#5827=VECTOR('',#10119,1000.);
#5828=VECTOR('',#10120,1000.);
#5829=VECTOR('',#10121,1000.);
#5830=VECTOR('',#10124,1000.);
#5831=VECTOR('',#10125,1000.);
#5832=VECTOR('',#10128,1000.);
#5833=VECTOR('',#10129,1000.);
#5834=VECTOR('',#10130,1000.);
#5835=VECTOR('',#10131,1000.);
#5836=VECTOR('',#10132,1000.);
#5837=VECTOR('',#10133,1000.);
#5838=VECTOR('',#10134,1000.);
#5839=VECTOR('',#10137,1000.);
#5840=VECTOR('',#10140,1000.);
#5841=VECTOR('',#10141,1000.);
#5842=VECTOR('',#10142,1000.);
#5843=VECTOR('',#10145,1000.);
#5844=VECTOR('',#10146,1000.);
#5845=VECTOR('',#10149,1000.);
#5846=VECTOR('',#10150,1000.);
#5847=VECTOR('',#10151,1000.);
#5848=VECTOR('',#10152,1000.);
#5849=VECTOR('',#10155,1000.);
#5850=VECTOR('',#10170,1000.);
#5851=VECTOR('',#10171,1000.);
#5852=VECTOR('',#10172,1000.);
#5853=VECTOR('',#10175,1000.);
#5854=VECTOR('',#10176,1000.);
#5855=VECTOR('',#10177,1000.);
#5856=VECTOR('',#10180,1000.);
#5857=VECTOR('',#10181,1000.);
#5858=VECTOR('',#10184,1000.);
#5859=VECTOR('',#10187,1000.);
#5860=VECTOR('',#10192,1000.);
#5861=VECTOR('',#10193,1000.);
#5862=VECTOR('',#10196,1000.);
#5863=VECTOR('',#10199,1000.);
#5864=VECTOR('',#10204,1000.);
#5865=VECTOR('',#10205,1000.);
#5866=VECTOR('',#10208,1000.);
#5867=VECTOR('',#10211,1000.);
#5868=VECTOR('',#10216,1000.);
#5869=VECTOR('',#10219,1000.);
#5870=VECTOR('',#10220,1000.);
#5871=VECTOR('',#10223,1000.);
#5872=VECTOR('',#10224,1000.);
#5873=VECTOR('',#10227,1000.);
#5874=VECTOR('',#10232,1000.);
#5875=VECTOR('',#10235,1000.);
#5876=VECTOR('',#10238,1000.);
#5877=VECTOR('',#10241,1000.);
#5878=VECTOR('',#10244,1000.);
#5879=VECTOR('',#10247,1000.);
#5880=VECTOR('',#10250,1000.);
#5881=VECTOR('',#10251,1000.);
#5882=VECTOR('',#10254,1000.);
#5883=VECTOR('',#10255,1000.);
#5884=VECTOR('',#10258,1000.);
#5885=VECTOR('',#10261,1000.);
#5886=VECTOR('',#10264,1000.);
#5887=VECTOR('',#10267,1000.);
#5888=VECTOR('',#10270,1000.);
#5889=VECTOR('',#10273,1000.);
#5890=VECTOR('',#10274,1000.);
#5891=VECTOR('',#10277,1000.);
#5892=VECTOR('',#10278,1000.);
#5893=VECTOR('',#10281,1000.);
#5894=VECTOR('',#10282,1000.);
#5895=VECTOR('',#10285,1000.);
#5896=VECTOR('',#10288,1000.);
#5897=VECTOR('',#10291,1000.);
#5898=VECTOR('',#10292,1000.);
#5899=VECTOR('',#10295,1000.);
#5900=VECTOR('',#10298,1000.);
#5901=VECTOR('',#10301,1000.);
#5902=VECTOR('',#10304,1000.);
#5903=VECTOR('',#10307,1000.);
#5904=VECTOR('',#10310,1000.);
#5905=VECTOR('',#10311,1000.);
#5906=VECTOR('',#10314,1000.);
#5907=VECTOR('',#10317,1000.);
#5908=VECTOR('',#10320,1000.);
#5909=VECTOR('',#10323,1000.);
#5910=VECTOR('',#10326,1000.);
#5911=VECTOR('',#10329,1000.);
#5912=VECTOR('',#10332,1000.);
#5913=VECTOR('',#10335,1000.);
#5914=VECTOR('',#10338,1000.);
#5915=VECTOR('',#10343,1000.);
#5916=VECTOR('',#10346,1000.);
#5917=VECTOR('',#10349,1000.);
#5918=VECTOR('',#10354,1000.);
#5919=VECTOR('',#10357,1000.);
#5920=VECTOR('',#10360,1000.);
#5921=VECTOR('',#10361,1000.);
#5922=VECTOR('',#10364,1000.);
#5923=VECTOR('',#10367,1000.);
#5924=VECTOR('',#10370,1000.);
#5925=VECTOR('',#10373,1000.);
#5926=VECTOR('',#10376,1000.);
#5927=VECTOR('',#10379,1000.);
#5928=VECTOR('',#10382,1000.);
#5929=VECTOR('',#10385,1000.);
#5930=VECTOR('',#10390,1000.);
#5931=VECTOR('',#10393,1000.);
#5932=VECTOR('',#10396,1000.);
#5933=VECTOR('',#10399,1000.);
#5934=VECTOR('',#10402,1000.);
#5935=VECTOR('',#10405,1000.);
#5936=VECTOR('',#10408,1000.);
#5937=VECTOR('',#10411,1000.);
#5938=VECTOR('',#10416,1000.);
#5939=VECTOR('',#10421,1000.);
#5940=VECTOR('',#10422,1000.);
#5941=VECTOR('',#10429,1000.);
#5942=VECTOR('',#10432,1000.);
#5943=VECTOR('',#10437,1000.);
#5944=VECTOR('',#10438,1000.);
#5945=VECTOR('',#10441,1000.);
#5946=VECTOR('',#10446,1000.);
#5947=VECTOR('',#10449,1000.);
#5948=VECTOR('',#10452,1000.);
#5949=VECTOR('',#10457,1000.);
#5950=VECTOR('',#10458,1000.);
#5951=VECTOR('',#10461,1000.);
#5952=VECTOR('',#10466,1000.);
#5953=VECTOR('',#10469,1000.);
#5954=VECTOR('',#10472,1000.);
#5955=VECTOR('',#10475,1000.);
#5956=VECTOR('',#10478,1000.);
#5957=VECTOR('',#10479,1000.);
#5958=VECTOR('',#10482,1000.);
#5959=VECTOR('',#10485,1000.);
#5960=VECTOR('',#10488,1000.);
#5961=VECTOR('',#10491,1000.);
#5962=VECTOR('',#10494,1000.);
#5963=VECTOR('',#10497,1000.);
#5964=VECTOR('',#10500,1000.);
#5965=VECTOR('',#10503,1000.);
#5966=VECTOR('',#10508,1000.);
#5967=VECTOR('',#10511,1000.);
#5968=VECTOR('',#10512,1000.);
#5969=VECTOR('',#10515,1000.);
#5970=VECTOR('',#10518,1000.);
#5971=VECTOR('',#10521,1000.);
#5972=VECTOR('',#10524,1000.);
#5973=VECTOR('',#10525,1000.);
#5974=VECTOR('',#10528,1000.);
#5975=VECTOR('',#10531,1000.);
#5976=VECTOR('',#10534,1000.);
#5977=VECTOR('',#10537,1000.);
#5978=VECTOR('',#10542,1000.);
#5979=VECTOR('',#10545,1000.);
#5980=VECTOR('',#10548,1000.);
#5981=VECTOR('',#10551,1000.);
#5982=VECTOR('',#10554,1000.);
#5983=VECTOR('',#10557,1000.);
#5984=VECTOR('',#10560,1000.);
#5985=VECTOR('',#10563,1000.);
#5986=VECTOR('',#10566,1000.);
#5987=VECTOR('',#10569,1000.);
#5988=VECTOR('',#10572,1000.);
#5989=VECTOR('',#10575,1000.);
#5990=VECTOR('',#10578,1000.);
#5991=VECTOR('',#10593,1000.);
#5992=VECTOR('',#10596,1000.);
#5993=VECTOR('',#10599,1000.);
#5994=VECTOR('',#10602,1000.);
#5995=VECTOR('',#10605,1000.);
#5996=VECTOR('',#10608,1000.);
#5997=VECTOR('',#10621,1000.);
#5998=VECTOR('',#10624,1000.);
#5999=VECTOR('',#10625,1000.);
#6000=VECTOR('',#10628,1000.);
#6001=VECTOR('',#10629,1000.);
#6002=VECTOR('',#10630,1000.);
#6003=VECTOR('',#10635,1000.);
#6004=VECTOR('',#10636,1000.);
#6005=VECTOR('',#10637,1000.);
#6006=VECTOR('',#10638,1000.);
#6007=VECTOR('',#10641,1000.);
#6008=VECTOR('',#10642,1000.);
#6009=VECTOR('',#10643,1000.);
#6010=VECTOR('',#10648,1000.);
#6011=VECTOR('',#10665,1000.);
#6012=VECTOR('',#10666,1000.);
#6013=VECTOR('',#10669,1000.);
#6014=VECTOR('',#10672,1000.);
#6015=VECTOR('',#10677,1000.);
#6016=VECTOR('',#10680,1000.);
#6017=VECTOR('',#10681,1000.);
#6018=VECTOR('',#10684,1000.);
#6019=VECTOR('',#10685,1000.);
#6020=VECTOR('',#10686,1000.);
#6021=VECTOR('',#10691,1000.);
#6022=VECTOR('',#10692,1000.);
#6023=VECTOR('',#10693,1000.);
#6024=VECTOR('',#10694,1000.);
#6025=VECTOR('',#10697,1000.);
#6026=VECTOR('',#10698,1000.);
#6027=VECTOR('',#10699,1000.);
#6028=VECTOR('',#10704,1000.);
#6029=VECTOR('',#10721,1000.);
#6030=VECTOR('',#10722,1000.);
#6031=VECTOR('',#10725,1000.);
#6032=VECTOR('',#10728,1000.);
#6033=VECTOR('',#10733,1000.);
#6034=VECTOR('',#10736,1000.);
#6035=VECTOR('',#10737,1000.);
#6036=VECTOR('',#10740,1000.);
#6037=VECTOR('',#10741,1000.);
#6038=VECTOR('',#10742,1000.);
#6039=VECTOR('',#10743,1000.);
#6040=VECTOR('',#10748,1000.);
#6041=VECTOR('',#10749,1000.);
#6042=VECTOR('',#10750,1000.);
#6043=VECTOR('',#10753,1000.);
#6044=VECTOR('',#10754,1000.);
#6045=VECTOR('',#10757,1000.);
#6046=VECTOR('',#10770,1000.);
#6047=VECTOR('',#10771,1000.);
#6048=VECTOR('',#10776,1000.);
#6049=VECTOR('',#10779,1000.);
#6050=VECTOR('',#10782,1000.);
#6051=VECTOR('',#10783,1000.);
#6052=EDGE_LOOP('',(#339,#340,#341,#342,#343,#344,#345,#346,#347,#348,#349));
#6053=EDGE_LOOP('',(#350));
#6054=EDGE_LOOP('',(#351,#352,#353,#354,#355,#356,#357,#358,#359,#360));
#6055=EDGE_LOOP('',(#361,#362,#363,#364,#365,#366,#367,#368,#369,#370,#371,
#372,#373,#374,#375));
#6056=EDGE_LOOP('',(#376,#377,#378,#379,#380,#381,#382,#383,#384,#385,#386,
#387,#388,#389,#390,#391));
#6057=EDGE_LOOP('',(#392,#393,#394,#395,#396,#397,#398,#399,#400,#401));
#6058=EDGE_LOOP('',(#402,#403,#404,#405));
#6059=EDGE_LOOP('',(#406,#407,#408,#409,#410,#411,#412,#413,#414,#415));
#6060=EDGE_LOOP('',(#416,#417,#418,#419,#420,#421,#422));
#6061=EDGE_LOOP('',(#423,#424,#425,#426));
#6062=EDGE_LOOP('',(#427,#428,#429,#430,#431,#432,#433));
#6063=EDGE_LOOP('',(#434));
#6064=EDGE_LOOP('',(#435,#436,#437,#438,#439,#440,#441,#442,#443,#444));
#6065=EDGE_LOOP('',(#445,#446,#447,#448,#449,#450,#451,#452,#453,#454,#455,
#456,#457,#458,#459,#460,#461,#462,#463,#464,#465,#466,#467));
#6066=EDGE_LOOP('',(#468,#469,#470,#471));
#6067=EDGE_LOOP('',(#472,#473,#474,#475,#476,#477));
#6068=EDGE_LOOP('',(#478));
#6069=EDGE_LOOP('',(#479,#480,#481,#482,#483,#484,#485,#486,#487,#488,#489));
#6070=EDGE_LOOP('',(#490,#491,#492,#493,#494,#495,#496,#497,#498,#499));
#6071=EDGE_LOOP('',(#500));
#6072=EDGE_LOOP('',(#501,#502,#503,#504));
#6073=EDGE_LOOP('',(#505));
#6074=EDGE_LOOP('',(#506,#507,#508,#509,#510,#511,#512,#513,#514,#515,#516,
#517,#518,#519,#520,#521));
#6075=EDGE_LOOP('',(#522,#523,#524,#525));
#6076=EDGE_LOOP('',(#526,#527,#528,#529));
#6077=EDGE_LOOP('',(#530));
#6078=EDGE_LOOP('',(#531,#532,#533,#534));
#6079=EDGE_LOOP('',(#535));
#6080=EDGE_LOOP('',(#536));
#6081=EDGE_LOOP('',(#537,#538,#539,#540));
#6082=EDGE_LOOP('',(#541,#542,#543,#544));
#6083=EDGE_LOOP('',(#545,#546,#547,#548,#549,#550,#551,#552,#553));
#6084=EDGE_LOOP('',(#554));
#6085=EDGE_LOOP('',(#555,#556,#557,#558,#559));
#6086=EDGE_LOOP('',(#560,#561,#562,#563));
#6087=EDGE_LOOP('',(#564,#565,#566,#567));
#6088=EDGE_LOOP('',(#568));
#6089=EDGE_LOOP('',(#569,#570,#571,#572));
#6090=EDGE_LOOP('',(#573,#574,#575,#576));
#6091=EDGE_LOOP('',(#577));
#6092=EDGE_LOOP('',(#578,#579,#580,#581));
#6093=EDGE_LOOP('',(#582,#583,#584,#585,#586));
#6094=EDGE_LOOP('',(#587,#588,#589,#590,#591));
#6095=EDGE_LOOP('',(#592,#593,#594,#595));
#6096=EDGE_LOOP('',(#596,#597,#598,#599,#600,#601,#602,#603,#604,#605,#606,
#607,#608,#609,#610,#611,#612));
#6097=EDGE_LOOP('',(#613,#614,#615,#616,#617,#618,#619,#620,#621));
#6098=EDGE_LOOP('',(#622));
#6099=EDGE_LOOP('',(#623));
#6100=EDGE_LOOP('',(#624,#625,#626,#627,#628,#629,#630));
#6101=EDGE_LOOP('',(#631));
#6102=EDGE_LOOP('',(#632,#633,#634,#635));
#6103=EDGE_LOOP('',(#636));
#6104=EDGE_LOOP('',(#637));
#6105=EDGE_LOOP('',(#638,#639,#640,#641));
#6106=EDGE_LOOP('',(#642,#643,#644,#645));
#6107=EDGE_LOOP('',(#646));
#6108=EDGE_LOOP('',(#647,#648,#649,#650));
#6109=EDGE_LOOP('',(#651));
#6110=EDGE_LOOP('',(#652));
#6111=EDGE_LOOP('',(#653,#654,#655,#656,#657,#658,#659,#660));
#6112=EDGE_LOOP('',(#661,#662,#663,#664,#665));
#6113=EDGE_LOOP('',(#666,#667,#668,#669,#670));
#6114=EDGE_LOOP('',(#671,#672,#673,#674,#675,#676,#677,#678,#679,#680,#681));
#6115=EDGE_LOOP('',(#682));
#6116=EDGE_LOOP('',(#683));
#6117=EDGE_LOOP('',(#684));
#6118=EDGE_LOOP('',(#685));
#6119=EDGE_LOOP('',(#686));
#6120=EDGE_LOOP('',(#687));
#6121=EDGE_LOOP('',(#688,#689,#690,#691));
#6122=EDGE_LOOP('',(#692,#693,#694,#695,#696));
#6123=EDGE_LOOP('',(#697,#698,#699,#700,#701));
#6124=EDGE_LOOP('',(#702,#703,#704,#705,#706,#707));
#6125=EDGE_LOOP('',(#708,#709,#710,#711,#712,#713,#714,#715));
#6126=EDGE_LOOP('',(#716,#717,#718,#719));
#6127=EDGE_LOOP('',(#720,#721,#722,#723));
#6128=EDGE_LOOP('',(#724,#725,#726,#727,#728));
#6129=EDGE_LOOP('',(#729,#730,#731,#732,#733));
#6130=EDGE_LOOP('',(#734,#735,#736,#737,#738,#739));
#6131=EDGE_LOOP('',(#740,#741,#742,#743));
#6132=EDGE_LOOP('',(#744,#745,#746,#747));
#6133=EDGE_LOOP('',(#748,#749,#750));
#6134=EDGE_LOOP('',(#751,#752,#753,#754));
#6135=EDGE_LOOP('',(#755,#756,#757,#758));
#6136=EDGE_LOOP('',(#759,#760,#761,#762,#763,#764,#765,#766));
#6137=EDGE_LOOP('',(#767,#768,#769,#770));
#6138=EDGE_LOOP('',(#771,#772,#773,#774,#775,#776,#777,#778));
#6139=EDGE_LOOP('',(#779,#780,#781,#782));
#6140=EDGE_LOOP('',(#783,#784,#785,#786));
#6141=EDGE_LOOP('',(#787));
#6142=EDGE_LOOP('',(#788,#789,#790,#791));
#6143=EDGE_LOOP('',(#792));
#6144=EDGE_LOOP('',(#793));
#6145=EDGE_LOOP('',(#794,#795,#796,#797));
#6146=EDGE_LOOP('',(#798,#799,#800,#801));
#6147=EDGE_LOOP('',(#802,#803,#804,#805));
#6148=EDGE_LOOP('',(#806,#807,#808,#809));
#6149=EDGE_LOOP('',(#810,#811,#812,#813));
#6150=EDGE_LOOP('',(#814,#815,#816,#817));
#6151=EDGE_LOOP('',(#818,#819,#820,#821));
#6152=EDGE_LOOP('',(#822,#823,#824));
#6153=EDGE_LOOP('',(#825,#826,#827,#828));
#6154=EDGE_LOOP('',(#829,#830,#831,#832));
#6155=EDGE_LOOP('',(#833,#834,#835,#836));
#6156=EDGE_LOOP('',(#837,#838,#839,#840));
#6157=EDGE_LOOP('',(#841,#842,#843,#844));
#6158=EDGE_LOOP('',(#845,#846,#847,#848));
#6159=EDGE_LOOP('',(#849,#850,#851));
#6160=EDGE_LOOP('',(#852,#853,#854,#855));
#6161=EDGE_LOOP('',(#856,#857,#858,#859));
#6162=EDGE_LOOP('',(#860,#861,#862,#863));
#6163=EDGE_LOOP('',(#864,#865,#866,#867));
#6164=EDGE_LOOP('',(#868,#869,#870,#871));
#6165=EDGE_LOOP('',(#872,#873,#874,#875));
#6166=EDGE_LOOP('',(#876,#877,#878,#879,#880));
#6167=EDGE_LOOP('',(#881,#882,#883));
#6168=EDGE_LOOP('',(#884,#885,#886,#887));
#6169=EDGE_LOOP('',(#888,#889,#890,#891));
#6170=EDGE_LOOP('',(#892,#893,#894,#895));
#6171=EDGE_LOOP('',(#896,#897,#898,#899));
#6172=EDGE_LOOP('',(#900,#901,#902,#903));
#6173=EDGE_LOOP('',(#904,#905,#906,#907));
#6174=EDGE_LOOP('',(#908,#909,#910));
#6175=EDGE_LOOP('',(#911,#912,#913,#914,#915));
#6176=EDGE_LOOP('',(#916,#917,#918));
#6177=EDGE_LOOP('',(#919,#920,#921));
#6178=EDGE_LOOP('',(#922,#923,#924,#925));
#6179=EDGE_LOOP('',(#926,#927,#928,#929));
#6180=EDGE_LOOP('',(#930,#931,#932,#933));
#6181=EDGE_LOOP('',(#934,#935,#936,#937));
#6182=EDGE_LOOP('',(#938,#939,#940,#941));
#6183=EDGE_LOOP('',(#942,#943,#944,#945));
#6184=EDGE_LOOP('',(#946,#947,#948,#949));
#6185=EDGE_LOOP('',(#950,#951,#952));
#6186=EDGE_LOOP('',(#953,#954,#955));
#6187=EDGE_LOOP('',(#956,#957,#958,#959));
#6188=EDGE_LOOP('',(#960,#961,#962,#963));
#6189=EDGE_LOOP('',(#964,#965,#966,#967,#968));
#6190=EDGE_LOOP('',(#969,#970,#971,#972));
#6191=EDGE_LOOP('',(#973,#974,#975,#976));
#6192=EDGE_LOOP('',(#977,#978,#979,#980));
#6193=EDGE_LOOP('',(#981,#982,#983,#984));
#6194=EDGE_LOOP('',(#985,#986,#987,#988));
#6195=EDGE_LOOP('',(#989,#990,#991,#992));
#6196=EDGE_LOOP('',(#993,#994,#995,#996));
#6197=EDGE_LOOP('',(#997,#998,#999,#1000));
#6198=EDGE_LOOP('',(#1001,#1002,#1003,#1004,#1005));
#6199=EDGE_LOOP('',(#1006,#1007,#1008));
#6200=EDGE_LOOP('',(#1009,#1010,#1011,#1012));
#6201=EDGE_LOOP('',(#1013,#1014,#1015,#1016));
#6202=EDGE_LOOP('',(#1017,#1018,#1019,#1020,#1021));
#6203=EDGE_LOOP('',(#1022,#1023,#1024,#1025));
#6204=EDGE_LOOP('',(#1026,#1027,#1028,#1029));
#6205=EDGE_LOOP('',(#1030,#1031,#1032,#1033));
#6206=EDGE_LOOP('',(#1034,#1035,#1036));
#6207=EDGE_LOOP('',(#1037,#1038,#1039,#1040));
#6208=EDGE_LOOP('',(#1041,#1042,#1043,#1044));
#6209=EDGE_LOOP('',(#1045,#1046,#1047,#1048));
#6210=EDGE_LOOP('',(#1049,#1050,#1051,#1052));
#6211=EDGE_LOOP('',(#1053,#1054,#1055));
#6212=EDGE_LOOP('',(#1056,#1057,#1058));
#6213=EDGE_LOOP('',(#1059,#1060,#1061,#1062));
#6214=EDGE_LOOP('',(#1063,#1064,#1065));
#6215=EDGE_LOOP('',(#1066,#1067,#1068,#1069,#1070));
#6216=EDGE_LOOP('',(#1071,#1072,#1073,#1074));
#6217=EDGE_LOOP('',(#1075,#1076,#1077,#1078));
#6218=EDGE_LOOP('',(#1079,#1080,#1081,#1082));
#6219=EDGE_LOOP('',(#1083,#1084,#1085,#1086,#1087));
#6220=EDGE_LOOP('',(#1088,#1089,#1090,#1091));
#6221=EDGE_LOOP('',(#1092,#1093,#1094,#1095));
#6222=EDGE_LOOP('',(#1096,#1097,#1098,#1099,#1100));
#6223=EDGE_LOOP('',(#1101,#1102,#1103,#1104,#1105,#1106));
#6224=EDGE_LOOP('',(#1107,#1108,#1109,#1110));
#6225=EDGE_LOOP('',(#1111,#1112,#1113,#1114));
#6226=EDGE_LOOP('',(#1115,#1116,#1117));
#6227=EDGE_LOOP('',(#1118,#1119,#1120,#1121));
#6228=EDGE_LOOP('',(#1122,#1123,#1124,#1125));
#6229=EDGE_LOOP('',(#1126,#1127,#1128,#1129));
#6230=EDGE_LOOP('',(#1130,#1131,#1132,#1133,#1134,#1135,#1136,#1137));
#6231=EDGE_LOOP('',(#1138,#1139,#1140,#1141,#1142));
#6232=EDGE_LOOP('',(#1143,#1144,#1145,#1146,#1147));
#6233=EDGE_LOOP('',(#1148,#1149,#1150,#1151));
#6234=EDGE_LOOP('',(#1152,#1153,#1154,#1155));
#6235=EDGE_LOOP('',(#1156,#1157,#1158));
#6236=EDGE_LOOP('',(#1159,#1160,#1161,#1162,#1163));
#6237=EDGE_LOOP('',(#1164,#1165,#1166,#1167));
#6238=EDGE_LOOP('',(#1168,#1169,#1170,#1171));
#6239=EDGE_LOOP('',(#1172,#1173,#1174));
#6240=EDGE_LOOP('',(#1175,#1176,#1177,#1178));
#6241=EDGE_LOOP('',(#1179,#1180,#1181,#1182,#1183));
#6242=EDGE_LOOP('',(#1184,#1185,#1186,#1187));
#6243=EDGE_LOOP('',(#1188,#1189,#1190,#1191));
#6244=EDGE_LOOP('',(#1192,#1193,#1194,#1195));
#6245=EDGE_LOOP('',(#1196,#1197,#1198,#1199));
#6246=EDGE_LOOP('',(#1200,#1201,#1202,#1203));
#6247=EDGE_LOOP('',(#1204,#1205,#1206,#1207));
#6248=EDGE_LOOP('',(#1208,#1209,#1210,#1211));
#6249=EDGE_LOOP('',(#1212,#1213,#1214));
#6250=EDGE_LOOP('',(#1215,#1216,#1217,#1218));
#6251=EDGE_LOOP('',(#1219,#1220,#1221,#1222));
#6252=EDGE_LOOP('',(#1223,#1224,#1225,#1226));
#6253=EDGE_LOOP('',(#1227,#1228,#1229,#1230,#1231));
#6254=EDGE_LOOP('',(#1232,#1233,#1234,#1235,#1236));
#6255=EDGE_LOOP('',(#1237,#1238,#1239));
#6256=EDGE_LOOP('',(#1240,#1241,#1242));
#6257=EDGE_LOOP('',(#1243,#1244,#1245,#1246));
#6258=EDGE_LOOP('',(#1247,#1248,#1249,#1250));
#6259=EDGE_LOOP('',(#1251,#1252,#1253,#1254));
#6260=EDGE_LOOP('',(#1255,#1256,#1257));
#6261=EDGE_LOOP('',(#1258,#1259,#1260,#1261));
#6262=EDGE_LOOP('',(#1262,#1263,#1264,#1265));
#6263=EDGE_LOOP('',(#1266,#1267,#1268,#1269));
#6264=EDGE_LOOP('',(#1270,#1271,#1272,#1273));
#6265=EDGE_LOOP('',(#1274,#1275,#1276,#1277));
#6266=EDGE_LOOP('',(#1278,#1279,#1280,#1281));
#6267=EDGE_LOOP('',(#1282,#1283,#1284,#1285));
#6268=EDGE_LOOP('',(#1286,#1287,#1288));
#6269=EDGE_LOOP('',(#1289,#1290,#1291));
#6270=EDGE_LOOP('',(#1292,#1293,#1294,#1295));
#6271=EDGE_LOOP('',(#1296,#1297,#1298,#1299));
#6272=EDGE_LOOP('',(#1300,#1301,#1302));
#6273=EDGE_LOOP('',(#1303,#1304,#1305));
#6274=EDGE_LOOP('',(#1306,#1307,#1308));
#6275=EDGE_LOOP('',(#1309,#1310,#1311,#1312));
#6276=EDGE_LOOP('',(#1313,#1314,#1315,#1316));
#6277=EDGE_LOOP('',(#1317,#1318,#1319,#1320));
#6278=EDGE_LOOP('',(#1321,#1322,#1323,#1324));
#6279=EDGE_LOOP('',(#1325,#1326,#1327,#1328));
#6280=EDGE_LOOP('',(#1329,#1330,#1331,#1332));
#6281=EDGE_LOOP('',(#1333,#1334,#1335,#1336));
#6282=EDGE_LOOP('',(#1337,#1338,#1339,#1340));
#6283=EDGE_LOOP('',(#1341,#1342,#1343,#1344));
#6284=EDGE_LOOP('',(#1345,#1346,#1347,#1348));
#6285=EDGE_LOOP('',(#1349,#1350,#1351,#1352));
#6286=EDGE_LOOP('',(#1353,#1354,#1355,#1356));
#6287=EDGE_LOOP('',(#1357,#1358,#1359));
#6288=EDGE_LOOP('',(#1360,#1361,#1362,#1363));
#6289=EDGE_LOOP('',(#1364,#1365,#1366,#1367));
#6290=EDGE_LOOP('',(#1368,#1369,#1370,#1371));
#6291=EDGE_LOOP('',(#1372,#1373,#1374));
#6292=EDGE_LOOP('',(#1375,#1376,#1377));
#6293=EDGE_LOOP('',(#1378,#1379,#1380,#1381));
#6294=EDGE_LOOP('',(#1382,#1383,#1384,#1385));
#6295=EDGE_LOOP('',(#1386,#1387,#1388,#1389));
#6296=EDGE_LOOP('',(#1390,#1391,#1392));
#6297=EDGE_LOOP('',(#1393,#1394,#1395,#1396));
#6298=EDGE_LOOP('',(#1397,#1398,#1399,#1400));
#6299=EDGE_LOOP('',(#1401,#1402,#1403,#1404));
#6300=EDGE_LOOP('',(#1405,#1406,#1407,#1408,#1409));
#6301=EDGE_LOOP('',(#1410,#1411,#1412,#1413));
#6302=EDGE_LOOP('',(#1414,#1415,#1416,#1417));
#6303=EDGE_LOOP('',(#1418,#1419,#1420,#1421));
#6304=EDGE_LOOP('',(#1422,#1423,#1424,#1425));
#6305=EDGE_LOOP('',(#1426,#1427,#1428));
#6306=EDGE_LOOP('',(#1429,#1430,#1431,#1432,#1433,#1434));
#6307=EDGE_LOOP('',(#1435,#1436,#1437,#1438));
#6308=EDGE_LOOP('',(#1439,#1440,#1441));
#6309=EDGE_LOOP('',(#1442,#1443,#1444,#1445));
#6310=EDGE_LOOP('',(#1446,#1447,#1448,#1449,#1450,#1451));
#6311=EDGE_LOOP('',(#1452,#1453,#1454,#1455));
#6312=EDGE_LOOP('',(#1456,#1457,#1458,#1459));
#6313=EDGE_LOOP('',(#1460,#1461,#1462));
#6314=EDGE_LOOP('',(#1463,#1464,#1465));
#6315=EDGE_LOOP('',(#1466,#1467,#1468,#1469));
#6316=EDGE_LOOP('',(#1470,#1471,#1472,#1473));
#6317=EDGE_LOOP('',(#1474,#1475,#1476,#1477));
#6318=EDGE_LOOP('',(#1478,#1479,#1480,#1481));
#6319=EDGE_LOOP('',(#1482,#1483,#1484,#1485));
#6320=EDGE_LOOP('',(#1486,#1487,#1488,#1489));
#6321=EDGE_LOOP('',(#1490,#1491,#1492,#1493));
#6322=EDGE_LOOP('',(#1494,#1495,#1496,#1497));
#6323=EDGE_LOOP('',(#1498,#1499,#1500,#1501));
#6324=EDGE_LOOP('',(#1502,#1503,#1504,#1505));
#6325=EDGE_LOOP('',(#1506,#1507,#1508,#1509,#1510,#1511));
#6326=EDGE_LOOP('',(#1512,#1513,#1514,#1515,#1516));
#6327=EDGE_LOOP('',(#1517,#1518,#1519,#1520));
#6328=EDGE_LOOP('',(#1521,#1522,#1523,#1524));
#6329=EDGE_LOOP('',(#1525,#1526,#1527,#1528));
#6330=EDGE_LOOP('',(#1529,#1530,#1531,#1532));
#6331=EDGE_LOOP('',(#1533,#1534,#1535,#1536,#1537,#1538,#1539,#1540,#1541,
#1542,#1543,#1544,#1545,#1546,#1547,#1548,#1549,#1550,#1551));
#6332=EDGE_LOOP('',(#1552,#1553,#1554,#1555,#1556,#1557,#1558,#1559,#1560,
#1561,#1562,#1563));
#6333=EDGE_LOOP('',(#1564,#1565,#1566,#1567,#1568,#1569,#1570));
#6334=EDGE_LOOP('',(#1571,#1572,#1573,#1574));
#6335=EDGE_LOOP('',(#1575,#1576,#1577,#1578,#1579));
#6336=EDGE_LOOP('',(#1580,#1581,#1582,#1583,#1584,#1585,#1586,#1587,#1588,
#1589,#1590,#1591,#1592,#1593,#1594,#1595,#1596,#1597,#1598,#1599,#1600,
#1601,#1602,#1603,#1604,#1605,#1606,#1607,#1608,#1609,#1610,#1611,#1612));
#6337=EDGE_LOOP('',(#1613));
#6338=EDGE_LOOP('',(#1614));
#6339=EDGE_LOOP('',(#1615,#1616,#1617,#1618,#1619,#1620,#1621,#1622,#1623,
#1624,#1625));
#6340=EDGE_LOOP('',(#1626,#1627,#1628,#1629));
#6341=EDGE_LOOP('',(#1630,#1631,#1632,#1633));
#6342=EDGE_LOOP('',(#1634,#1635,#1636,#1637));
#6343=EDGE_LOOP('',(#1638,#1639,#1640,#1641,#1642,#1643,#1644,#1645));
#6344=EDGE_LOOP('',(#1646));
#6345=EDGE_LOOP('',(#1647));
#6346=EDGE_LOOP('',(#1648,#1649,#1650,#1651));
#6347=EDGE_LOOP('',(#1652,#1653,#1654,#1655,#1656,#1657,#1658));
#6348=EDGE_LOOP('',(#1659,#1660,#1661,#1662));
#6349=EDGE_LOOP('',(#1663));
#6350=EDGE_LOOP('',(#1664));
#6351=EDGE_LOOP('',(#1665,#1666,#1667,#1668,#1669,#1670));
#6352=EDGE_LOOP('',(#1671));
#6353=EDGE_LOOP('',(#1672,#1673,#1674,#1675));
#6354=EDGE_LOOP('',(#1676,#1677,#1678,#1679));
#6355=EDGE_LOOP('',(#1680,#1681,#1682,#1683));
#6356=EDGE_LOOP('',(#1684));
#6357=EDGE_LOOP('',(#1685,#1686,#1687,#1688));
#6358=EDGE_LOOP('',(#1689,#1690,#1691,#1692));
#6359=EDGE_LOOP('',(#1693,#1694,#1695,#1696));
#6360=EDGE_LOOP('',(#1697,#1698,#1699,#1700,#1701,#1702));
#6361=EDGE_LOOP('',(#1703));
#6362=EDGE_LOOP('',(#1704,#1705,#1706,#1707));
#6363=EDGE_LOOP('',(#1708,#1709,#1710,#1711));
#6364=EDGE_LOOP('',(#1712,#1713,#1714,#1715));
#6365=EDGE_LOOP('',(#1716));
#6366=EDGE_LOOP('',(#1717,#1718,#1719,#1720));
#6367=EDGE_LOOP('',(#1721,#1722,#1723,#1724));
#6368=EDGE_LOOP('',(#1725,#1726,#1727,#1728));
#6369=EDGE_LOOP('',(#1729));
#6370=EDGE_LOOP('',(#1730));
#6371=EDGE_LOOP('',(#1731));
#6372=EDGE_LOOP('',(#1732));
#6373=EDGE_LOOP('',(#1733));
#6374=EDGE_LOOP('',(#1734));
#6375=EDGE_LOOP('',(#1735));
#6376=EDGE_LOOP('',(#1736));
#6377=EDGE_LOOP('',(#1737));
#6378=EDGE_LOOP('',(#1738));
#6379=EDGE_LOOP('',(#1739));
#6380=EDGE_LOOP('',(#1740));
#6381=EDGE_LOOP('',(#1741));
#6382=EDGE_LOOP('',(#1742));
#6383=EDGE_LOOP('',(#1743));
#6384=EDGE_LOOP('',(#1744));
#6385=EDGE_LOOP('',(#1745,#1746,#1747,#1748));
#6386=EDGE_LOOP('',(#1749,#1750,#1751,#1752,#1753,#1754,#1755,#1756,#1757));
#6387=EDGE_LOOP('',(#1758,#1759,#1760,#1761,#1762,#1763,#1764,#1765,#1766,
#1767));
#6388=EDGE_LOOP('',(#1768,#1769,#1770,#1771,#1772));
#6389=EDGE_LOOP('',(#1773,#1774,#1775,#1776,#1777));
#6390=EDGE_LOOP('',(#1778,#1779,#1780,#1781,#1782,#1783,#1784,#1785,#1786,
#1787));
#6391=EDGE_LOOP('',(#1788));
#6392=EDGE_LOOP('',(#1789));
#6393=EDGE_LOOP('',(#1790));
#6394=EDGE_LOOP('',(#1791));
#6395=EDGE_LOOP('',(#1792));
#6396=EDGE_LOOP('',(#1793));
#6397=EDGE_LOOP('',(#1794,#1795,#1796,#1797));
#6398=EDGE_LOOP('',(#1798,#1799,#1800,#1801));
#6399=EDGE_LOOP('',(#1802,#1803,#1804,#1805));
#6400=EDGE_LOOP('',(#1806,#1807,#1808,#1809));
#6401=EDGE_LOOP('',(#1810,#1811,#1812,#1813));
#6402=EDGE_LOOP('',(#1814,#1815,#1816,#1817));
#6403=EDGE_LOOP('',(#1818,#1819,#1820,#1821));
#6404=EDGE_LOOP('',(#1822,#1823,#1824,#1825));
#6405=EDGE_LOOP('',(#1826,#1827,#1828,#1829));
#6406=EDGE_LOOP('',(#1830,#1831,#1832,#1833));
#6407=EDGE_LOOP('',(#1834,#1835,#1836));
#6408=EDGE_LOOP('',(#1837,#1838,#1839,#1840));
#6409=EDGE_LOOP('',(#1841,#1842,#1843,#1844));
#6410=EDGE_LOOP('',(#1845,#1846,#1847,#1848));
#6411=EDGE_LOOP('',(#1849,#1850,#1851));
#6412=EDGE_LOOP('',(#1852,#1853,#1854,#1855));
#6413=EDGE_LOOP('',(#1856,#1857,#1858));
#6414=EDGE_LOOP('',(#1859,#1860,#1861,#1862));
#6415=EDGE_LOOP('',(#1863,#1864,#1865,#1866));
#6416=EDGE_LOOP('',(#1867,#1868,#1869,#1870));
#6417=EDGE_LOOP('',(#1871,#1872,#1873,#1874));
#6418=EDGE_LOOP('',(#1875,#1876,#1877,#1878));
#6419=EDGE_LOOP('',(#1879,#1880,#1881,#1882));
#6420=EDGE_LOOP('',(#1883,#1884,#1885));
#6421=EDGE_LOOP('',(#1886,#1887,#1888,#1889));
#6422=EDGE_LOOP('',(#1890,#1891,#1892,#1893));
#6423=EDGE_LOOP('',(#1894,#1895,#1896,#1897));
#6424=EDGE_LOOP('',(#1898,#1899,#1900,#1901));
#6425=EDGE_LOOP('',(#1902,#1903,#1904,#1905));
#6426=EDGE_LOOP('',(#1906,#1907,#1908,#1909));
#6427=EDGE_LOOP('',(#1910,#1911,#1912,#1913));
#6428=EDGE_LOOP('',(#1914,#1915,#1916,#1917));
#6429=EDGE_LOOP('',(#1918,#1919,#1920,#1921));
#6430=EDGE_LOOP('',(#1922,#1923,#1924,#1925));
#6431=EDGE_LOOP('',(#1926,#1927,#1928,#1929));
#6432=EDGE_LOOP('',(#1930,#1931,#1932,#1933));
#6433=EDGE_LOOP('',(#1934,#1935,#1936));
#6434=EDGE_LOOP('',(#1937,#1938,#1939,#1940));
#6435=EDGE_LOOP('',(#1941,#1942,#1943,#1944));
#6436=EDGE_LOOP('',(#1945,#1946,#1947,#1948));
#6437=EDGE_LOOP('',(#1949,#1950,#1951,#1952));
#6438=EDGE_LOOP('',(#1953,#1954,#1955));
#6439=EDGE_LOOP('',(#1956,#1957,#1958,#1959));
#6440=EDGE_LOOP('',(#1960,#1961,#1962,#1963));
#6441=EDGE_LOOP('',(#1964,#1965,#1966,#1967));
#6442=EDGE_LOOP('',(#1968,#1969,#1970,#1971));
#6443=EDGE_LOOP('',(#1972,#1973,#1974,#1975));
#6444=EDGE_LOOP('',(#1976,#1977,#1978,#1979));
#6445=EDGE_LOOP('',(#1980,#1981,#1982));
#6446=EDGE_LOOP('',(#1983,#1984,#1985,#1986));
#6447=EDGE_LOOP('',(#1987,#1988,#1989,#1990));
#6448=EDGE_LOOP('',(#1991,#1992,#1993,#1994));
#6449=EDGE_LOOP('',(#1995,#1996,#1997,#1998));
#6450=EDGE_LOOP('',(#1999,#2000,#2001,#2002));
#6451=EDGE_LOOP('',(#2003,#2004,#2005,#2006));
#6452=EDGE_LOOP('',(#2007,#2008,#2009,#2010));
#6453=EDGE_LOOP('',(#2011,#2012,#2013,#2014));
#6454=EDGE_LOOP('',(#2015,#2016,#2017));
#6455=EDGE_LOOP('',(#2018,#2019,#2020,#2021));
#6456=EDGE_LOOP('',(#2022,#2023,#2024,#2025));
#6457=EDGE_LOOP('',(#2026,#2027,#2028,#2029));
#6458=EDGE_LOOP('',(#2030,#2031,#2032));
#6459=EDGE_LOOP('',(#2033,#2034,#2035,#2036));
#6460=EDGE_LOOP('',(#2037,#2038,#2039,#2040));
#6461=EDGE_LOOP('',(#2041,#2042,#2043));
#6462=EDGE_LOOP('',(#2044,#2045,#2046,#2047));
#6463=EDGE_LOOP('',(#2048,#2049,#2050,#2051));
#6464=EDGE_LOOP('',(#2052,#2053,#2054,#2055));
#6465=EDGE_LOOP('',(#2056,#2057,#2058,#2059));
#6466=EDGE_LOOP('',(#2060,#2061,#2062,#2063));
#6467=EDGE_LOOP('',(#2064,#2065,#2066,#2067));
#6468=EDGE_LOOP('',(#2068,#2069,#2070,#2071));
#6469=EDGE_LOOP('',(#2072,#2073,#2074,#2075));
#6470=EDGE_LOOP('',(#2076,#2077,#2078,#2079));
#6471=EDGE_LOOP('',(#2080,#2081,#2082,#2083));
#6472=EDGE_LOOP('',(#2084,#2085,#2086,#2087));
#6473=EDGE_LOOP('',(#2088,#2089,#2090,#2091));
#6474=EDGE_LOOP('',(#2092,#2093,#2094,#2095));
#6475=EDGE_LOOP('',(#2096,#2097,#2098));
#6476=EDGE_LOOP('',(#2099,#2100,#2101));
#6477=EDGE_LOOP('',(#2102,#2103,#2104,#2105));
#6478=EDGE_LOOP('',(#2106,#2107,#2108));
#6479=EDGE_LOOP('',(#2109,#2110,#2111,#2112));
#6480=EDGE_LOOP('',(#2113,#2114,#2115,#2116));
#6481=EDGE_LOOP('',(#2117,#2118,#2119,#2120,#2121));
#6482=EDGE_LOOP('',(#2122,#2123,#2124,#2125));
#6483=EDGE_LOOP('',(#2126,#2127,#2128,#2129));
#6484=EDGE_LOOP('',(#2130,#2131,#2132,#2133));
#6485=EDGE_LOOP('',(#2134,#2135,#2136,#2137));
#6486=EDGE_LOOP('',(#2138,#2139,#2140,#2141));
#6487=EDGE_LOOP('',(#2142,#2143,#2144,#2145));
#6488=EDGE_LOOP('',(#2146,#2147,#2148,#2149));
#6489=EDGE_LOOP('',(#2150,#2151,#2152,#2153));
#6490=EDGE_LOOP('',(#2154,#2155,#2156,#2157));
#6491=EDGE_LOOP('',(#2158,#2159,#2160,#2161));
#6492=EDGE_LOOP('',(#2162,#2163,#2164,#2165));
#6493=EDGE_LOOP('',(#2166,#2167,#2168));
#6494=EDGE_LOOP('',(#2169,#2170,#2171));
#6495=EDGE_LOOP('',(#2172,#2173,#2174));
#6496=EDGE_LOOP('',(#2175,#2176,#2177));
#6497=EDGE_LOOP('',(#2178,#2179,#2180,#2181,#2182));
#6498=EDGE_LOOP('',(#2183,#2184,#2185,#2186));
#6499=EDGE_LOOP('',(#2187,#2188,#2189,#2190));
#6500=EDGE_LOOP('',(#2191,#2192,#2193));
#6501=EDGE_LOOP('',(#2194,#2195,#2196,#2197));
#6502=EDGE_LOOP('',(#2198,#2199,#2200,#2201));
#6503=EDGE_LOOP('',(#2202,#2203,#2204,#2205));
#6504=EDGE_LOOP('',(#2206,#2207,#2208,#2209));
#6505=EDGE_LOOP('',(#2210,#2211,#2212,#2213));
#6506=EDGE_LOOP('',(#2214,#2215,#2216,#2217));
#6507=EDGE_LOOP('',(#2218,#2219,#2220,#2221));
#6508=EDGE_LOOP('',(#2222,#2223,#2224,#2225));
#6509=EDGE_LOOP('',(#2226,#2227,#2228,#2229));
#6510=EDGE_LOOP('',(#2230,#2231,#2232,#2233));
#6511=EDGE_LOOP('',(#2234,#2235,#2236,#2237));
#6512=EDGE_LOOP('',(#2238,#2239,#2240,#2241,#2242));
#6513=EDGE_LOOP('',(#2243,#2244,#2245));
#6514=EDGE_LOOP('',(#2246,#2247,#2248,#2249));
#6515=EDGE_LOOP('',(#2250,#2251,#2252));
#6516=EDGE_LOOP('',(#2253,#2254,#2255,#2256));
#6517=EDGE_LOOP('',(#2257,#2258,#2259,#2260));
#6518=EDGE_LOOP('',(#2261,#2262,#2263,#2264));
#6519=EDGE_LOOP('',(#2265,#2266,#2267,#2268));
#6520=EDGE_LOOP('',(#2269,#2270,#2271,#2272));
#6521=EDGE_LOOP('',(#2273,#2274,#2275,#2276));
#6522=EDGE_LOOP('',(#2277,#2278,#2279,#2280));
#6523=EDGE_LOOP('',(#2281,#2282,#2283,#2284));
#6524=EDGE_LOOP('',(#2285,#2286,#2287,#2288));
#6525=EDGE_LOOP('',(#2289,#2290,#2291,#2292));
#6526=EDGE_LOOP('',(#2293,#2294,#2295));
#6527=EDGE_LOOP('',(#2296,#2297,#2298,#2299));
#6528=EDGE_LOOP('',(#2300,#2301,#2302,#2303));
#6529=EDGE_LOOP('',(#2304,#2305,#2306,#2307));
#6530=EDGE_LOOP('',(#2308,#2309,#2310,#2311));
#6531=EDGE_LOOP('',(#2312,#2313,#2314,#2315));
#6532=EDGE_LOOP('',(#2316,#2317,#2318));
#6533=EDGE_LOOP('',(#2319,#2320,#2321,#2322));
#6534=EDGE_LOOP('',(#2323,#2324,#2325,#2326));
#6535=EDGE_LOOP('',(#2327));
#6536=EDGE_LOOP('',(#2328));
#6537=EDGE_LOOP('',(#2329));
#6538=EDGE_LOOP('',(#2330));
#6539=EDGE_LOOP('',(#2331,#2332,#2333,#2334,#2335,#2336));
#6540=EDGE_LOOP('',(#2337,#2338,#2339,#2340));
#6541=EDGE_LOOP('',(#2341,#2342,#2343,#2344));
#6542=EDGE_LOOP('',(#2345));
#6543=EDGE_LOOP('',(#2346));
#6544=EDGE_LOOP('',(#2347));
#6545=EDGE_LOOP('',(#2348));
#6546=EDGE_LOOP('',(#2349));
#6547=EDGE_LOOP('',(#2350));
#6548=EDGE_LOOP('',(#2351,#2352,#2353,#2354));
#6549=EDGE_LOOP('',(#2355,#2356,#2357,#2358,#2359,#2360));
#6550=EDGE_LOOP('',(#2361));
#6551=EDGE_LOOP('',(#2362,#2363,#2364,#2365));
#6552=EDGE_LOOP('',(#2366,#2367,#2368,#2369,#2370,#2371));
#6553=EDGE_LOOP('',(#2372,#2373,#2374,#2375));
#6554=EDGE_LOOP('',(#2376));
#6555=EDGE_LOOP('',(#2377));
#6556=EDGE_LOOP('',(#2378));
#6557=EDGE_LOOP('',(#2379));
#6558=EDGE_LOOP('',(#2380,#2381,#2382,#2383));
#6559=EDGE_LOOP('',(#2384,#2385,#2386,#2387,#2388,#2389));
#6560=EDGE_LOOP('',(#2390,#2391,#2392,#2393,#2394,#2395));
#6561=EDGE_LOOP('',(#2396,#2397,#2398,#2399));
#6562=EDGE_LOOP('',(#2400,#2401,#2402,#2403));
#6563=EDGE_LOOP('',(#2404,#2405,#2406,#2407));
#6564=EDGE_LOOP('',(#2408,#2409,#2410,#2411));
#6565=EDGE_LOOP('',(#2412,#2413,#2414,#2415));
#6566=EDGE_LOOP('',(#2416,#2417,#2418,#2419));
#6567=EDGE_LOOP('',(#2420,#2421,#2422,#2423,#2424,#2425));
#6568=EDGE_LOOP('',(#2426));
#6569=EDGE_LOOP('',(#2427,#2428,#2429,#2430));
#6570=EDGE_LOOP('',(#2431,#2432,#2433,#2434,#2435,#2436));
#6571=EDGE_LOOP('',(#2437,#2438,#2439,#2440));
#6572=EDGE_LOOP('',(#2441));
#6573=EDGE_LOOP('',(#2442));
#6574=EDGE_LOOP('',(#2443));
#6575=EDGE_LOOP('',(#2444));
#6576=EDGE_LOOP('',(#2445,#2446,#2447,#2448));
#6577=EDGE_LOOP('',(#2449,#2450,#2451,#2452,#2453,#2454));
#6578=EDGE_LOOP('',(#2455,#2456,#2457,#2458,#2459,#2460));
#6579=EDGE_LOOP('',(#2461,#2462,#2463,#2464));
#6580=EDGE_LOOP('',(#2465,#2466,#2467,#2468));
#6581=EDGE_LOOP('',(#2469,#2470,#2471,#2472));
#6582=EDGE_LOOP('',(#2473,#2474,#2475,#2476));
#6583=EDGE_LOOP('',(#2477,#2478,#2479,#2480));
#6584=EDGE_LOOP('',(#2481,#2482,#2483,#2484));
#6585=EDGE_LOOP('',(#2485,#2486,#2487,#2488));
#6586=EDGE_LOOP('',(#2489));
#6587=EDGE_LOOP('',(#2490,#2491,#2492,#2493));
#6588=EDGE_LOOP('',(#2494,#2495,#2496,#2497,#2498,#2499));
#6589=EDGE_LOOP('',(#2500,#2501,#2502,#2503));
#6590=EDGE_LOOP('',(#2504));
#6591=EDGE_LOOP('',(#2505));
#6592=EDGE_LOOP('',(#2506));
#6593=EDGE_LOOP('',(#2507,#2508,#2509,#2510));
#6594=EDGE_LOOP('',(#2511,#2512,#2513,#2514));
#6595=EDGE_LOOP('',(#2515,#2516,#2517,#2518));
#6596=EDGE_LOOP('',(#2519,#2520,#2521,#2522,#2523));
#6597=EDGE_LOOP('',(#2524,#2525,#2526,#2527,#2528));
#6598=EDGE_LOOP('',(#2529,#2530,#2531,#2532));
#6599=EDGE_LOOP('',(#2533,#2534,#2535,#2536));
#6600=EDGE_LOOP('',(#2537,#2538,#2539,#2540));
#6601=EDGE_LOOP('',(#2541,#2542,#2543,#2544));
#6602=EDGE_LOOP('',(#2545));
#6603=EDGE_LOOP('',(#2546));
#6604=FACE_BOUND('',#6052,.T.);
#6605=FACE_BOUND('',#6053,.T.);
#6606=FACE_BOUND('',#6054,.T.);
#6607=FACE_BOUND('',#6055,.T.);
#6608=FACE_BOUND('',#6056,.T.);
#6609=FACE_BOUND('',#6057,.T.);
#6610=FACE_BOUND('',#6058,.T.);
#6611=FACE_BOUND('',#6059,.T.);
#6612=FACE_BOUND('',#6060,.T.);
#6613=FACE_BOUND('',#6061,.T.);
#6614=FACE_BOUND('',#6062,.T.);
#6615=FACE_BOUND('',#6063,.T.);
#6616=FACE_BOUND('',#6064,.T.);
#6617=FACE_BOUND('',#6065,.T.);
#6618=FACE_BOUND('',#6066,.T.);
#6619=FACE_BOUND('',#6067,.T.);
#6620=FACE_BOUND('',#6068,.T.);
#6621=FACE_BOUND('',#6069,.T.);
#6622=FACE_BOUND('',#6070,.T.);
#6623=FACE_BOUND('',#6071,.T.);
#6624=FACE_BOUND('',#6072,.T.);
#6625=FACE_BOUND('',#6073,.T.);
#6626=FACE_BOUND('',#6074,.T.);
#6627=FACE_BOUND('',#6075,.T.);
#6628=FACE_BOUND('',#6076,.T.);
#6629=FACE_BOUND('',#6077,.T.);
#6630=FACE_BOUND('',#6078,.T.);
#6631=FACE_BOUND('',#6079,.T.);
#6632=FACE_BOUND('',#6080,.T.);
#6633=FACE_BOUND('',#6081,.T.);
#6634=FACE_BOUND('',#6082,.T.);
#6635=FACE_BOUND('',#6083,.T.);
#6636=FACE_BOUND('',#6084,.T.);
#6637=FACE_BOUND('',#6085,.T.);
#6638=FACE_BOUND('',#6086,.T.);
#6639=FACE_BOUND('',#6087,.T.);
#6640=FACE_BOUND('',#6088,.T.);
#6641=FACE_BOUND('',#6089,.T.);
#6642=FACE_BOUND('',#6090,.T.);
#6643=FACE_BOUND('',#6091,.T.);
#6644=FACE_BOUND('',#6092,.T.);
#6645=FACE_BOUND('',#6093,.T.);
#6646=FACE_BOUND('',#6094,.T.);
#6647=FACE_BOUND('',#6095,.T.);
#6648=FACE_BOUND('',#6096,.T.);
#6649=FACE_BOUND('',#6097,.T.);
#6650=FACE_BOUND('',#6098,.T.);
#6651=FACE_BOUND('',#6099,.T.);
#6652=FACE_BOUND('',#6100,.T.);
#6653=FACE_BOUND('',#6101,.T.);
#6654=FACE_BOUND('',#6102,.T.);
#6655=FACE_BOUND('',#6103,.T.);
#6656=FACE_BOUND('',#6104,.T.);
#6657=FACE_BOUND('',#6105,.T.);
#6658=FACE_BOUND('',#6106,.T.);
#6659=FACE_BOUND('',#6107,.T.);
#6660=FACE_BOUND('',#6108,.T.);
#6661=FACE_BOUND('',#6109,.T.);
#6662=FACE_BOUND('',#6110,.T.);
#6663=FACE_BOUND('',#6111,.T.);
#6664=FACE_BOUND('',#6112,.T.);
#6665=FACE_BOUND('',#6113,.T.);
#6666=FACE_BOUND('',#6114,.T.);
#6667=FACE_BOUND('',#25,.T.);
#6668=FACE_BOUND('',#6115,.T.);
#6669=FACE_BOUND('',#6116,.T.);
#6670=FACE_BOUND('',#6117,.T.);
#6671=FACE_BOUND('',#26,.T.);
#6672=FACE_BOUND('',#6118,.T.);
#6673=FACE_BOUND('',#6119,.T.);
#6674=FACE_BOUND('',#6120,.T.);
#6675=FACE_BOUND('',#6121,.T.);
#6676=FACE_BOUND('',#6122,.T.);
#6677=FACE_BOUND('',#6123,.T.);
#6678=FACE_BOUND('',#6124,.T.);
#6679=FACE_BOUND('',#6125,.T.);
#6680=FACE_BOUND('',#6126,.T.);
#6681=FACE_BOUND('',#6127,.T.);
#6682=FACE_BOUND('',#6128,.T.);
#6683=FACE_BOUND('',#6129,.T.);
#6684=FACE_BOUND('',#6130,.T.);
#6685=FACE_BOUND('',#6131,.T.);
#6686=FACE_BOUND('',#6132,.T.);
#6687=FACE_BOUND('',#6133,.T.);
#6688=FACE_BOUND('',#6134,.T.);
#6689=FACE_BOUND('',#6135,.T.);
#6690=FACE_BOUND('',#6136,.T.);
#6691=FACE_BOUND('',#6137,.T.);
#6692=FACE_BOUND('',#6138,.T.);
#6693=FACE_BOUND('',#6139,.T.);
#6694=FACE_BOUND('',#6140,.T.);
#6695=FACE_BOUND('',#6141,.T.);
#6696=FACE_BOUND('',#6142,.T.);
#6697=FACE_BOUND('',#6143,.T.);
#6698=FACE_BOUND('',#6144,.T.);
#6699=FACE_BOUND('',#6145,.T.);
#6700=FACE_BOUND('',#6146,.T.);
#6701=FACE_BOUND('',#6147,.T.);
#6702=FACE_BOUND('',#6148,.T.);
#6703=FACE_BOUND('',#6149,.T.);
#6704=FACE_BOUND('',#6150,.T.);
#6705=FACE_BOUND('',#6151,.T.);
#6706=FACE_BOUND('',#6152,.T.);
#6707=FACE_BOUND('',#6153,.T.);
#6708=FACE_BOUND('',#6154,.T.);
#6709=FACE_BOUND('',#6155,.T.);
#6710=FACE_BOUND('',#6156,.T.);
#6711=FACE_BOUND('',#6157,.T.);
#6712=FACE_BOUND('',#6158,.T.);
#6713=FACE_BOUND('',#6159,.T.);
#6714=FACE_BOUND('',#6160,.T.);
#6715=FACE_BOUND('',#6161,.T.);
#6716=FACE_BOUND('',#6162,.T.);
#6717=FACE_BOUND('',#6163,.T.);
#6718=FACE_BOUND('',#6164,.T.);
#6719=FACE_BOUND('',#6165,.T.);
#6720=FACE_BOUND('',#6166,.T.);
#6721=FACE_BOUND('',#6167,.T.);
#6722=FACE_BOUND('',#6168,.T.);
#6723=FACE_BOUND('',#6169,.T.);
#6724=FACE_BOUND('',#6170,.T.);
#6725=FACE_BOUND('',#6171,.T.);
#6726=FACE_BOUND('',#6172,.T.);
#6727=FACE_BOUND('',#6173,.T.);
#6728=FACE_BOUND('',#6174,.T.);
#6729=FACE_BOUND('',#6175,.T.);
#6730=FACE_BOUND('',#6176,.T.);
#6731=FACE_BOUND('',#6177,.T.);
#6732=FACE_BOUND('',#6178,.T.);
#6733=FACE_BOUND('',#6179,.T.);
#6734=FACE_BOUND('',#6180,.T.);
#6735=FACE_BOUND('',#6181,.T.);
#6736=FACE_BOUND('',#6182,.T.);
#6737=FACE_BOUND('',#6183,.T.);
#6738=FACE_BOUND('',#6184,.T.);
#6739=FACE_BOUND('',#6185,.T.);
#6740=FACE_BOUND('',#6186,.T.);
#6741=FACE_BOUND('',#6187,.T.);
#6742=FACE_BOUND('',#6188,.T.);
#6743=FACE_BOUND('',#6189,.T.);
#6744=FACE_BOUND('',#6190,.T.);
#6745=FACE_BOUND('',#6191,.T.);
#6746=FACE_BOUND('',#6192,.T.);
#6747=FACE_BOUND('',#6193,.T.);
#6748=FACE_BOUND('',#6194,.T.);
#6749=FACE_BOUND('',#6195,.T.);
#6750=FACE_BOUND('',#6196,.T.);
#6751=FACE_BOUND('',#6197,.T.);
#6752=FACE_BOUND('',#6198,.T.);
#6753=FACE_BOUND('',#6199,.T.);
#6754=FACE_BOUND('',#6200,.T.);
#6755=FACE_BOUND('',#6201,.T.);
#6756=FACE_BOUND('',#6202,.T.);
#6757=FACE_BOUND('',#6203,.T.);
#6758=FACE_BOUND('',#6204,.T.);
#6759=FACE_BOUND('',#6205,.T.);
#6760=FACE_BOUND('',#6206,.T.);
#6761=FACE_BOUND('',#6207,.T.);
#6762=FACE_BOUND('',#6208,.T.);
#6763=FACE_BOUND('',#6209,.T.);
#6764=FACE_BOUND('',#6210,.T.);
#6765=FACE_BOUND('',#6211,.T.);
#6766=FACE_BOUND('',#6212,.T.);
#6767=FACE_BOUND('',#6213,.T.);
#6768=FACE_BOUND('',#6214,.T.);
#6769=FACE_BOUND('',#6215,.T.);
#6770=FACE_BOUND('',#6216,.T.);
#6771=FACE_BOUND('',#6217,.T.);
#6772=FACE_BOUND('',#6218,.T.);
#6773=FACE_BOUND('',#6219,.T.);
#6774=FACE_BOUND('',#6220,.T.);
#6775=FACE_BOUND('',#6221,.T.);
#6776=FACE_BOUND('',#6222,.T.);
#6777=FACE_BOUND('',#6223,.T.);
#6778=FACE_BOUND('',#6224,.T.);
#6779=FACE_BOUND('',#6225,.T.);
#6780=FACE_BOUND('',#6226,.T.);
#6781=FACE_BOUND('',#6227,.T.);
#6782=FACE_BOUND('',#6228,.T.);
#6783=FACE_BOUND('',#6229,.T.);
#6784=FACE_BOUND('',#6230,.T.);
#6785=FACE_BOUND('',#6231,.T.);
#6786=FACE_BOUND('',#6232,.T.);
#6787=FACE_BOUND('',#6233,.T.);
#6788=FACE_BOUND('',#6234,.T.);
#6789=FACE_BOUND('',#6235,.T.);
#6790=FACE_BOUND('',#6236,.T.);
#6791=FACE_BOUND('',#6237,.T.);
#6792=FACE_BOUND('',#6238,.T.);
#6793=FACE_BOUND('',#6239,.T.);
#6794=FACE_BOUND('',#6240,.T.);
#6795=FACE_BOUND('',#6241,.T.);
#6796=FACE_BOUND('',#6242,.T.);
#6797=FACE_BOUND('',#6243,.T.);
#6798=FACE_BOUND('',#6244,.T.);
#6799=FACE_BOUND('',#6245,.T.);
#6800=FACE_BOUND('',#6246,.T.);
#6801=FACE_BOUND('',#6247,.T.);
#6802=FACE_BOUND('',#6248,.T.);
#6803=FACE_BOUND('',#6249,.T.);
#6804=FACE_BOUND('',#6250,.T.);
#6805=FACE_BOUND('',#6251,.T.);
#6806=FACE_BOUND('',#6252,.T.);
#6807=FACE_BOUND('',#6253,.T.);
#6808=FACE_BOUND('',#6254,.T.);
#6809=FACE_BOUND('',#6255,.T.);
#6810=FACE_BOUND('',#6256,.T.);
#6811=FACE_BOUND('',#6257,.T.);
#6812=FACE_BOUND('',#6258,.T.);
#6813=FACE_BOUND('',#6259,.T.);
#6814=FACE_BOUND('',#6260,.T.);
#6815=FACE_BOUND('',#6261,.T.);
#6816=FACE_BOUND('',#6262,.T.);
#6817=FACE_BOUND('',#6263,.T.);
#6818=FACE_BOUND('',#6264,.T.);
#6819=FACE_BOUND('',#6265,.T.);
#6820=FACE_BOUND('',#6266,.T.);
#6821=FACE_BOUND('',#6267,.T.);
#6822=FACE_BOUND('',#6268,.T.);
#6823=FACE_BOUND('',#6269,.T.);
#6824=FACE_BOUND('',#6270,.T.);
#6825=FACE_BOUND('',#6271,.T.);
#6826=FACE_BOUND('',#6272,.T.);
#6827=FACE_BOUND('',#6273,.T.);
#6828=FACE_BOUND('',#6274,.T.);
#6829=FACE_BOUND('',#6275,.T.);
#6830=FACE_BOUND('',#6276,.T.);
#6831=FACE_BOUND('',#6277,.T.);
#6832=FACE_BOUND('',#6278,.T.);
#6833=FACE_BOUND('',#6279,.T.);
#6834=FACE_BOUND('',#6280,.T.);
#6835=FACE_BOUND('',#6281,.T.);
#6836=FACE_BOUND('',#6282,.T.);
#6837=FACE_BOUND('',#6283,.T.);
#6838=FACE_BOUND('',#6284,.T.);
#6839=FACE_BOUND('',#6285,.T.);
#6840=FACE_BOUND('',#6286,.T.);
#6841=FACE_BOUND('',#6287,.T.);
#6842=FACE_BOUND('',#6288,.T.);
#6843=FACE_BOUND('',#6289,.T.);
#6844=FACE_BOUND('',#6290,.T.);
#6845=FACE_BOUND('',#6291,.T.);
#6846=FACE_BOUND('',#6292,.T.);
#6847=FACE_BOUND('',#6293,.T.);
#6848=FACE_BOUND('',#6294,.T.);
#6849=FACE_BOUND('',#6295,.T.);
#6850=FACE_BOUND('',#6296,.T.);
#6851=FACE_BOUND('',#6297,.T.);
#6852=FACE_BOUND('',#6298,.T.);
#6853=FACE_BOUND('',#6299,.T.);
#6854=FACE_BOUND('',#6300,.T.);
#6855=FACE_BOUND('',#6301,.T.);
#6856=FACE_BOUND('',#6302,.T.);
#6857=FACE_BOUND('',#6303,.T.);
#6858=FACE_BOUND('',#6304,.T.);
#6859=FACE_BOUND('',#6305,.T.);
#6860=FACE_BOUND('',#6306,.T.);
#6861=FACE_BOUND('',#6307,.T.);
#6862=FACE_BOUND('',#6308,.T.);
#6863=FACE_BOUND('',#6309,.T.);
#6864=FACE_BOUND('',#6310,.T.);
#6865=FACE_BOUND('',#6311,.T.);
#6866=FACE_BOUND('',#6312,.T.);
#6867=FACE_BOUND('',#6313,.T.);
#6868=FACE_BOUND('',#6314,.T.);
#6869=FACE_BOUND('',#6315,.T.);
#6870=FACE_BOUND('',#6316,.T.);
#6871=FACE_BOUND('',#6317,.T.);
#6872=FACE_BOUND('',#6318,.T.);
#6873=FACE_BOUND('',#6319,.T.);
#6874=FACE_BOUND('',#6320,.T.);
#6875=FACE_BOUND('',#6321,.T.);
#6876=FACE_BOUND('',#6322,.T.);
#6877=FACE_BOUND('',#6323,.T.);
#6878=FACE_BOUND('',#6324,.T.);
#6879=FACE_BOUND('',#6325,.T.);
#6880=FACE_BOUND('',#6326,.T.);
#6881=FACE_BOUND('',#6327,.T.);
#6882=FACE_BOUND('',#6328,.T.);
#6883=FACE_BOUND('',#6329,.T.);
#6884=FACE_BOUND('',#6330,.T.);
#6885=FACE_BOUND('',#6331,.T.);
#6886=FACE_BOUND('',#6332,.T.);
#6887=FACE_BOUND('',#6333,.T.);
#6888=FACE_BOUND('',#6334,.T.);
#6889=FACE_BOUND('',#6335,.T.);
#6890=FACE_BOUND('',#6336,.T.);
#6891=FACE_BOUND('',#6337,.T.);
#6892=FACE_BOUND('',#6338,.T.);
#6893=FACE_BOUND('',#6339,.T.);
#6894=FACE_BOUND('',#6340,.T.);
#6895=FACE_BOUND('',#6341,.T.);
#6896=FACE_BOUND('',#6342,.T.);
#6897=FACE_BOUND('',#6343,.T.);
#6898=FACE_BOUND('',#6344,.T.);
#6899=FACE_BOUND('',#6345,.T.);
#6900=FACE_BOUND('',#6346,.T.);
#6901=FACE_BOUND('',#6347,.T.);
#6902=FACE_BOUND('',#6348,.T.);
#6903=FACE_BOUND('',#6349,.T.);
#6904=FACE_BOUND('',#6350,.T.);
#6905=FACE_BOUND('',#6351,.T.);
#6906=FACE_BOUND('',#6352,.T.);
#6907=FACE_BOUND('',#6353,.T.);
#6908=FACE_BOUND('',#6354,.T.);
#6909=FACE_BOUND('',#6355,.T.);
#6910=FACE_BOUND('',#6356,.T.);
#6911=FACE_BOUND('',#6357,.T.);
#6912=FACE_BOUND('',#6358,.T.);
#6913=FACE_BOUND('',#6359,.T.);
#6914=FACE_BOUND('',#6360,.T.);
#6915=FACE_BOUND('',#6361,.T.);
#6916=FACE_BOUND('',#6362,.T.);
#6917=FACE_BOUND('',#6363,.T.);
#6918=FACE_BOUND('',#6364,.T.);
#6919=FACE_BOUND('',#6365,.T.);
#6920=FACE_BOUND('',#6366,.T.);
#6921=FACE_BOUND('',#6367,.T.);
#6922=FACE_BOUND('',#6368,.T.);
#6923=FACE_BOUND('',#6369,.T.);
#6924=FACE_BOUND('',#6370,.T.);
#6925=FACE_BOUND('',#6371,.T.);
#6926=FACE_BOUND('',#6372,.T.);
#6927=FACE_BOUND('',#6373,.T.);
#6928=FACE_BOUND('',#6374,.T.);
#6929=FACE_BOUND('',#6375,.T.);
#6930=FACE_BOUND('',#6376,.T.);
#6931=FACE_BOUND('',#6377,.T.);
#6932=FACE_BOUND('',#6378,.T.);
#6933=FACE_BOUND('',#6379,.T.);
#6934=FACE_BOUND('',#6380,.T.);
#6935=FACE_BOUND('',#6381,.T.);
#6936=FACE_BOUND('',#6382,.T.);
#6937=FACE_BOUND('',#6383,.T.);
#6938=FACE_BOUND('',#6384,.T.);
#6939=FACE_BOUND('',#6385,.T.);
#6940=FACE_BOUND('',#6386,.T.);
#6941=FACE_BOUND('',#6387,.T.);
#6942=FACE_BOUND('',#6388,.T.);
#6943=FACE_BOUND('',#6389,.T.);
#6944=FACE_BOUND('',#6390,.T.);
#6945=FACE_BOUND('',#27,.T.);
#6946=FACE_BOUND('',#6391,.T.);
#6947=FACE_BOUND('',#6392,.T.);
#6948=FACE_BOUND('',#6393,.T.);
#6949=FACE_BOUND('',#28,.T.);
#6950=FACE_BOUND('',#6394,.T.);
#6951=FACE_BOUND('',#6395,.T.);
#6952=FACE_BOUND('',#6396,.T.);
#6953=FACE_BOUND('',#6397,.T.);
#6954=FACE_BOUND('',#6398,.T.);
#6955=FACE_BOUND('',#6399,.T.);
#6956=FACE_BOUND('',#6400,.T.);
#6957=FACE_BOUND('',#6401,.T.);
#6958=FACE_BOUND('',#6402,.T.);
#6959=FACE_BOUND('',#6403,.T.);
#6960=FACE_BOUND('',#6404,.T.);
#6961=FACE_BOUND('',#6405,.T.);
#6962=FACE_BOUND('',#6406,.T.);
#6963=FACE_BOUND('',#6407,.T.);
#6964=FACE_BOUND('',#6408,.T.);
#6965=FACE_BOUND('',#6409,.T.);
#6966=FACE_BOUND('',#6410,.T.);
#6967=FACE_BOUND('',#6411,.T.);
#6968=FACE_BOUND('',#6412,.T.);
#6969=FACE_BOUND('',#6413,.T.);
#6970=FACE_BOUND('',#6414,.T.);
#6971=FACE_BOUND('',#6415,.T.);
#6972=FACE_BOUND('',#6416,.T.);
#6973=FACE_BOUND('',#6417,.T.);
#6974=FACE_BOUND('',#6418,.T.);
#6975=FACE_BOUND('',#6419,.T.);
#6976=FACE_BOUND('',#6420,.T.);
#6977=FACE_BOUND('',#6421,.T.);
#6978=FACE_BOUND('',#6422,.T.);
#6979=FACE_BOUND('',#6423,.T.);
#6980=FACE_BOUND('',#6424,.T.);
#6981=FACE_BOUND('',#6425,.T.);
#6982=FACE_BOUND('',#6426,.T.);
#6983=FACE_BOUND('',#6427,.T.);
#6984=FACE_BOUND('',#6428,.T.);
#6985=FACE_BOUND('',#6429,.T.);
#6986=FACE_BOUND('',#6430,.T.);
#6987=FACE_BOUND('',#6431,.T.);
#6988=FACE_BOUND('',#6432,.T.);
#6989=FACE_BOUND('',#6433,.T.);
#6990=FACE_BOUND('',#6434,.T.);
#6991=FACE_BOUND('',#6435,.T.);
#6992=FACE_BOUND('',#6436,.T.);
#6993=FACE_BOUND('',#6437,.T.);
#6994=FACE_BOUND('',#6438,.T.);
#6995=FACE_BOUND('',#6439,.T.);
#6996=FACE_BOUND('',#6440,.T.);
#6997=FACE_BOUND('',#6441,.T.);
#6998=FACE_BOUND('',#6442,.T.);
#6999=FACE_BOUND('',#6443,.T.);
#7000=FACE_BOUND('',#6444,.T.);
#7001=FACE_BOUND('',#6445,.T.);
#7002=FACE_BOUND('',#6446,.T.);
#7003=FACE_BOUND('',#6447,.T.);
#7004=FACE_BOUND('',#6448,.T.);
#7005=FACE_BOUND('',#6449,.T.);
#7006=FACE_BOUND('',#6450,.T.);
#7007=FACE_BOUND('',#6451,.T.);
#7008=FACE_BOUND('',#6452,.T.);
#7009=FACE_BOUND('',#6453,.T.);
#7010=FACE_BOUND('',#6454,.T.);
#7011=FACE_BOUND('',#6455,.T.);
#7012=FACE_BOUND('',#6456,.T.);
#7013=FACE_BOUND('',#6457,.T.);
#7014=FACE_BOUND('',#6458,.T.);
#7015=FACE_BOUND('',#6459,.T.);
#7016=FACE_BOUND('',#6460,.T.);
#7017=FACE_BOUND('',#6461,.T.);
#7018=FACE_BOUND('',#6462,.T.);
#7019=FACE_BOUND('',#6463,.T.);
#7020=FACE_BOUND('',#6464,.T.);
#7021=FACE_BOUND('',#6465,.T.);
#7022=FACE_BOUND('',#6466,.T.);
#7023=FACE_BOUND('',#6467,.T.);
#7024=FACE_BOUND('',#6468,.T.);
#7025=FACE_BOUND('',#6469,.T.);
#7026=FACE_BOUND('',#6470,.T.);
#7027=FACE_BOUND('',#6471,.T.);
#7028=FACE_BOUND('',#6472,.T.);
#7029=FACE_BOUND('',#6473,.T.);
#7030=FACE_BOUND('',#6474,.T.);
#7031=FACE_BOUND('',#6475,.T.);
#7032=FACE_BOUND('',#6476,.T.);
#7033=FACE_BOUND('',#6477,.T.);
#7034=FACE_BOUND('',#6478,.T.);
#7035=FACE_BOUND('',#6479,.T.);
#7036=FACE_BOUND('',#6480,.T.);
#7037=FACE_BOUND('',#6481,.T.);
#7038=FACE_BOUND('',#6482,.T.);
#7039=FACE_BOUND('',#6483,.T.);
#7040=FACE_BOUND('',#6484,.T.);
#7041=FACE_BOUND('',#6485,.T.);
#7042=FACE_BOUND('',#6486,.T.);
#7043=FACE_BOUND('',#6487,.T.);
#7044=FACE_BOUND('',#6488,.T.);
#7045=FACE_BOUND('',#6489,.T.);
#7046=FACE_BOUND('',#6490,.T.);
#7047=FACE_BOUND('',#6491,.T.);
#7048=FACE_BOUND('',#6492,.T.);
#7049=FACE_BOUND('',#6493,.T.);
#7050=FACE_BOUND('',#6494,.T.);
#7051=FACE_BOUND('',#6495,.T.);
#7052=FACE_BOUND('',#6496,.T.);
#7053=FACE_BOUND('',#6497,.T.);
#7054=FACE_BOUND('',#6498,.T.);
#7055=FACE_BOUND('',#6499,.T.);
#7056=FACE_BOUND('',#6500,.T.);
#7057=FACE_BOUND('',#6501,.T.);
#7058=FACE_BOUND('',#6502,.T.);
#7059=FACE_BOUND('',#6503,.T.);
#7060=FACE_BOUND('',#6504,.T.);
#7061=FACE_BOUND('',#6505,.T.);
#7062=FACE_BOUND('',#6506,.T.);
#7063=FACE_BOUND('',#6507,.T.);
#7064=FACE_BOUND('',#6508,.T.);
#7065=FACE_BOUND('',#6509,.T.);
#7066=FACE_BOUND('',#6510,.T.);
#7067=FACE_BOUND('',#6511,.T.);
#7068=FACE_BOUND('',#6512,.T.);
#7069=FACE_BOUND('',#6513,.T.);
#7070=FACE_BOUND('',#6514,.T.);
#7071=FACE_BOUND('',#6515,.T.);
#7072=FACE_BOUND('',#6516,.T.);
#7073=FACE_BOUND('',#6517,.T.);
#7074=FACE_BOUND('',#6518,.T.);
#7075=FACE_BOUND('',#6519,.T.);
#7076=FACE_BOUND('',#6520,.T.);
#7077=FACE_BOUND('',#6521,.T.);
#7078=FACE_BOUND('',#6522,.T.);
#7079=FACE_BOUND('',#6523,.T.);
#7080=FACE_BOUND('',#6524,.T.);
#7081=FACE_BOUND('',#6525,.T.);
#7082=FACE_BOUND('',#6526,.T.);
#7083=FACE_BOUND('',#6527,.T.);
#7084=FACE_BOUND('',#6528,.T.);
#7085=FACE_BOUND('',#6529,.T.);
#7086=FACE_BOUND('',#6530,.T.);
#7087=FACE_BOUND('',#6531,.T.);
#7088=FACE_BOUND('',#6532,.T.);
#7089=FACE_BOUND('',#6533,.T.);
#7090=FACE_BOUND('',#6534,.T.);
#7091=FACE_BOUND('',#6535,.T.);
#7092=FACE_BOUND('',#6536,.T.);
#7093=FACE_BOUND('',#6537,.T.);
#7094=FACE_BOUND('',#6538,.T.);
#7095=FACE_BOUND('',#6539,.T.);
#7096=FACE_BOUND('',#6540,.T.);
#7097=FACE_BOUND('',#6541,.T.);
#7098=FACE_BOUND('',#6542,.T.);
#7099=FACE_BOUND('',#6543,.T.);
#7100=FACE_BOUND('',#6544,.T.);
#7101=FACE_BOUND('',#6545,.T.);
#7102=FACE_BOUND('',#6546,.T.);
#7103=FACE_BOUND('',#6547,.T.);
#7104=FACE_BOUND('',#6548,.T.);
#7105=FACE_BOUND('',#6549,.T.);
#7106=FACE_BOUND('',#6550,.T.);
#7107=FACE_BOUND('',#6551,.T.);
#7108=FACE_BOUND('',#6552,.T.);
#7109=FACE_BOUND('',#6553,.T.);
#7110=FACE_BOUND('',#6554,.T.);
#7111=FACE_BOUND('',#6555,.T.);
#7112=FACE_BOUND('',#6556,.T.);
#7113=FACE_BOUND('',#6557,.T.);
#7114=FACE_BOUND('',#6558,.T.);
#7115=FACE_BOUND('',#6559,.T.);
#7116=FACE_BOUND('',#6560,.T.);
#7117=FACE_BOUND('',#6561,.T.);
#7118=FACE_BOUND('',#6562,.T.);
#7119=FACE_BOUND('',#6563,.T.);
#7120=FACE_BOUND('',#6564,.T.);
#7121=FACE_BOUND('',#6565,.T.);
#7122=FACE_BOUND('',#6566,.T.);
#7123=FACE_BOUND('',#6567,.T.);
#7124=FACE_BOUND('',#6568,.T.);
#7125=FACE_BOUND('',#6569,.T.);
#7126=FACE_BOUND('',#6570,.T.);
#7127=FACE_BOUND('',#6571,.T.);
#7128=FACE_BOUND('',#6572,.T.);
#7129=FACE_BOUND('',#6573,.T.);
#7130=FACE_BOUND('',#6574,.T.);
#7131=FACE_BOUND('',#6575,.T.);
#7132=FACE_BOUND('',#6576,.T.);
#7133=FACE_BOUND('',#6577,.T.);
#7134=FACE_BOUND('',#6578,.T.);
#7135=FACE_BOUND('',#6579,.T.);
#7136=FACE_BOUND('',#6580,.T.);
#7137=FACE_BOUND('',#6581,.T.);
#7138=FACE_BOUND('',#6582,.T.);
#7139=FACE_BOUND('',#6583,.T.);
#7140=FACE_BOUND('',#6584,.T.);
#7141=FACE_BOUND('',#6585,.T.);
#7142=FACE_BOUND('',#6586,.T.);
#7143=FACE_BOUND('',#6587,.T.);
#7144=FACE_BOUND('',#6588,.T.);
#7145=FACE_BOUND('',#6589,.T.);
#7146=FACE_BOUND('',#29,.T.);
#7147=FACE_BOUND('',#6590,.T.);
#7148=FACE_BOUND('',#6591,.T.);
#7149=FACE_BOUND('',#6592,.T.);
#7150=FACE_BOUND('',#6593,.T.);
#7151=FACE_BOUND('',#6594,.T.);
#7152=FACE_BOUND('',#6595,.T.);
#7153=FACE_BOUND('',#6596,.T.);
#7154=FACE_BOUND('',#6597,.T.);
#7155=FACE_BOUND('',#6598,.T.);
#7156=FACE_BOUND('',#6599,.T.);
#7157=FACE_BOUND('',#6600,.T.);
#7158=FACE_BOUND('',#6601,.T.);
#7159=FACE_BOUND('',#6602,.T.);
#7160=FACE_BOUND('',#6603,.T.);
#7161=PLANE('',#8093);
#7162=PLANE('',#8094);
#7163=PLANE('',#8096);
#7164=PLANE('',#8097);
#7165=PLANE('',#8105);
#7166=PLANE('',#8106);
#7167=PLANE('',#8107);
#7168=PLANE('',#8108);
#7169=PLANE('',#8111);
#7170=PLANE('',#8113);
#7171=PLANE('',#8116);
#7172=PLANE('',#8122);
#7173=PLANE('',#8123);
#7174=PLANE('',#8130);
#7175=PLANE('',#8133);
#7176=PLANE('',#8134);
#7177=PLANE('',#8147);
#7178=PLANE('',#8148);
#7179=PLANE('',#8153);
#7180=PLANE('',#8154);
#7181=PLANE('',#8155);
#7182=PLANE('',#8156);
#7183=PLANE('',#8157);
#7184=PLANE('',#8158);
#7185=PLANE('',#8159);
#7186=PLANE('',#8160);
#7187=PLANE('',#8161);
#7188=PLANE('',#8169);
#7189=PLANE('',#8171);
#7190=PLANE('',#8173);
#7191=PLANE('',#8174);
#7192=PLANE('',#8176);
#7193=PLANE('',#8178);
#7194=PLANE('',#8179);
#7195=PLANE('',#8181);
#7196=PLANE('',#8189);
#7197=PLANE('',#8190);
#7198=PLANE('',#8193);
#7199=PLANE('',#8194);
#7200=PLANE('',#8195);
#7201=PLANE('',#8198);
#7202=PLANE('',#8199);
#7203=PLANE('',#8200);
#7204=PLANE('',#8201);
#7205=PLANE('',#8202);
#7206=PLANE('',#8203);
#7207=PLANE('',#8204);
#7208=PLANE('',#8205);
#7209=PLANE('',#8206);
#7210=PLANE('',#8207);
#7211=PLANE('',#8208);
#7212=PLANE('',#8209);
#7213=PLANE('',#8210);
#7214=PLANE('',#8211);
#7215=PLANE('',#8214);
#7216=PLANE('',#8215);
#7217=PLANE('',#8216);
#7218=PLANE('',#8219);
#7219=PLANE('',#8220);
#7220=PLANE('',#8221);
#7221=PLANE('',#8222);
#7222=PLANE('',#8223);
#7223=PLANE('',#8224);
#7224=PLANE('',#8225);
#7225=PLANE('',#8227);
#7226=PLANE('',#8228);
#7227=PLANE('',#8229);
#7228=PLANE('',#8230);
#7229=PLANE('',#8231);
#7230=PLANE('',#8232);
#7231=PLANE('',#8233);
#7232=PLANE('',#8234);
#7233=PLANE('',#8235);
#7234=PLANE('',#8236);
#7235=PLANE('',#8237);
#7236=PLANE('',#8238);
#7237=PLANE('',#8239);
#7238=PLANE('',#8240);
#7239=PLANE('',#8241);
#7240=PLANE('',#8242);
#7241=PLANE('',#8243);
#7242=PLANE('',#8244);
#7243=PLANE('',#8245);
#7244=PLANE('',#8246);
#7245=PLANE('',#8247);
#7246=PLANE('',#8248);
#7247=PLANE('',#8249);
#7248=PLANE('',#8250);
#7249=PLANE('',#8251);
#7250=PLANE('',#8252);
#7251=PLANE('',#8253);
#7252=PLANE('',#8254);
#7253=PLANE('',#8255);
#7254=PLANE('',#8256);
#7255=PLANE('',#8257);
#7256=PLANE('',#8258);
#7257=PLANE('',#8259);
#7258=PLANE('',#8260);
#7259=PLANE('',#8261);
#7260=PLANE('',#8262);
#7261=PLANE('',#8263);
#7262=PLANE('',#8264);
#7263=PLANE('',#8265);
#7264=PLANE('',#8266);
#7265=PLANE('',#8268);
#7266=PLANE('',#8269);
#7267=PLANE('',#8270);
#7268=PLANE('',#8271);
#7269=PLANE('',#8272);
#7270=PLANE('',#8273);
#7271=PLANE('',#8274);
#7272=PLANE('',#8275);
#7273=PLANE('',#8276);
#7274=PLANE('',#8277);
#7275=PLANE('',#8278);
#7276=PLANE('',#8279);
#7277=PLANE('',#8280);
#7278=PLANE('',#8281);
#7279=PLANE('',#8282);
#7280=PLANE('',#8283);
#7281=PLANE('',#8284);
#7282=PLANE('',#8285);
#7283=PLANE('',#8286);
#7284=PLANE('',#8287);
#7285=PLANE('',#8288);
#7286=PLANE('',#8290);
#7287=PLANE('',#8291);
#7288=PLANE('',#8292);
#7289=PLANE('',#8293);
#7290=PLANE('',#8294);
#7291=PLANE('',#8295);
#7292=PLANE('',#8297);
#7293=PLANE('',#8298);
#7294=PLANE('',#8301);
#7295=PLANE('',#8302);
#7296=PLANE('',#8303);
#7297=PLANE('',#8304);
#7298=PLANE('',#8305);
#7299=PLANE('',#8306);
#7300=PLANE('',#8307);
#7301=PLANE('',#8308);
#7302=PLANE('',#8309);
#7303=PLANE('',#8310);
#7304=PLANE('',#8311);
#7305=PLANE('',#8312);
#7306=PLANE('',#8313);
#7307=PLANE('',#8314);
#7308=PLANE('',#8315);
#7309=PLANE('',#8316);
#7310=PLANE('',#8318);
#7311=PLANE('',#8319);
#7312=PLANE('',#8320);
#7313=PLANE('',#8321);
#7314=PLANE('',#8322);
#7315=PLANE('',#8323);
#7316=PLANE('',#8324);
#7317=PLANE('',#8325);
#7318=PLANE('',#8326);
#7319=PLANE('',#8327);
#7320=PLANE('',#8328);
#7321=PLANE('',#8329);
#7322=PLANE('',#8331);
#7323=PLANE('',#8332);
#7324=PLANE('',#8333);
#7325=PLANE('',#8334);
#7326=PLANE('',#8335);
#7327=PLANE('',#8336);
#7328=PLANE('',#8337);
#7329=PLANE('',#8338);
#7330=PLANE('',#8339);
#7331=PLANE('',#8340);
#7332=PLANE('',#8341);
#7333=PLANE('',#8342);
#7334=PLANE('',#8343);
#7335=PLANE('',#8345);
#7336=PLANE('',#8346);
#7337=PLANE('',#8347);
#7338=PLANE('',#8349);
#7339=PLANE('',#8350);
#7340=PLANE('',#8351);
#7341=PLANE('',#8352);
#7342=PLANE('',#8353);
#7343=PLANE('',#8354);
#7344=PLANE('',#8355);
#7345=PLANE('',#8357);
#7346=PLANE('',#8358);
#7347=PLANE('',#8359);
#7348=PLANE('',#8360);
#7349=PLANE('',#8361);
#7350=PLANE('',#8362);
#7351=PLANE('',#8363);
#7352=PLANE('',#8364);
#7353=PLANE('',#8365);
#7354=PLANE('',#8366);
#7355=PLANE('',#8367);
#7356=PLANE('',#8369);
#7357=PLANE('',#8370);
#7358=PLANE('',#8371);
#7359=PLANE('',#8372);
#7360=PLANE('',#8375);
#7361=PLANE('',#8376);
#7362=PLANE('',#8377);
#7363=PLANE('',#8378);
#7364=PLANE('',#8379);
#7365=PLANE('',#8380);
#7366=PLANE('',#8381);
#7367=PLANE('',#8382);
#7368=PLANE('',#8383);
#7369=PLANE('',#8384);
#7370=PLANE('',#8385);
#7371=PLANE('',#8386);
#7372=PLANE('',#8387);
#7373=PLANE('',#8388);
#7374=PLANE('',#8389);
#7375=PLANE('',#8390);
#7376=PLANE('',#8391);
#7377=PLANE('',#8392);
#7378=PLANE('',#8393);
#7379=PLANE('',#8394);
#7380=PLANE('',#8395);
#7381=PLANE('',#8396);
#7382=PLANE('',#8398);
#7383=PLANE('',#8405);
#7384=PLANE('',#8406);
#7385=PLANE('',#8409);
#7386=PLANE('',#8421);
#7387=PLANE('',#8425);
#7388=PLANE('',#8426);
#7389=PLANE('',#8429);
#7390=PLANE('',#8437);
#7391=PLANE('',#8439);
#7392=PLANE('',#8440);
#7393=PLANE('',#8441);
#7394=PLANE('',#8443);
#7395=PLANE('',#8444);
#7396=PLANE('',#8448);
#7397=PLANE('',#8450);
#7398=PLANE('',#8454);
#7399=PLANE('',#8459);
#7400=PLANE('',#8460);
#7401=PLANE('',#8465);
#7402=PLANE('',#8468);
#7403=PLANE('',#8469);
#7404=PLANE('',#8472);
#7405=PLANE('',#8475);
#7406=PLANE('',#8476);
#7407=PLANE('',#8478);
#7408=PLANE('',#8479);
#7409=PLANE('',#8480);
#7410=PLANE('',#8481);
#7411=PLANE('',#8490);
#7412=PLANE('',#8491);
#7413=PLANE('',#8492);
#7414=PLANE('',#8493);
#7415=PLANE('',#8494);
#7416=PLANE('',#8495);
#7417=PLANE('',#8496);
#7418=PLANE('',#8497);
#7419=PLANE('',#8498);
#7420=PLANE('',#8499);
#7421=PLANE('',#8500);
#7422=PLANE('',#8501);
#7423=PLANE('',#8502);
#7424=PLANE('',#8504);
#7425=PLANE('',#8505);
#7426=PLANE('',#8506);
#7427=PLANE('',#8507);
#7428=PLANE('',#8509);
#7429=PLANE('',#8510);
#7430=PLANE('',#8511);
#7431=PLANE('',#8512);
#7432=PLANE('',#8513);
#7433=PLANE('',#8514);
#7434=PLANE('',#8515);
#7435=PLANE('',#8516);
#7436=PLANE('',#8517);
#7437=PLANE('',#8518);
#7438=PLANE('',#8519);
#7439=PLANE('',#8520);
#7440=PLANE('',#8521);
#7441=PLANE('',#8522);
#7442=PLANE('',#8523);
#7443=PLANE('',#8524);
#7444=PLANE('',#8525);
#7445=PLANE('',#8526);
#7446=PLANE('',#8527);
#7447=PLANE('',#8528);
#7448=PLANE('',#8529);
#7449=PLANE('',#8530);
#7450=PLANE('',#8531);
#7451=PLANE('',#8532);
#7452=PLANE('',#8533);
#7453=PLANE('',#8534);
#7454=PLANE('',#8535);
#7455=PLANE('',#8537);
#7456=PLANE('',#8538);
#7457=PLANE('',#8539);
#7458=PLANE('',#8540);
#7459=PLANE('',#8541);
#7460=PLANE('',#8543);
#7461=PLANE('',#8544);
#7462=PLANE('',#8545);
#7463=PLANE('',#8546);
#7464=PLANE('',#8547);
#7465=PLANE('',#8548);
#7466=PLANE('',#8549);
#7467=PLANE('',#8550);
#7468=PLANE('',#8551);
#7469=PLANE('',#8552);
#7470=PLANE('',#8553);
#7471=PLANE('',#8555);
#7472=PLANE('',#8556);
#7473=PLANE('',#8557);
#7474=PLANE('',#8558);
#7475=PLANE('',#8560);
#7476=PLANE('',#8561);
#7477=PLANE('',#8562);
#7478=PLANE('',#8563);
#7479=PLANE('',#8565);
#7480=PLANE('',#8566);
#7481=PLANE('',#8567);
#7482=PLANE('',#8568);
#7483=PLANE('',#8570);
#7484=PLANE('',#8571);
#7485=PLANE('',#8572);
#7486=PLANE('',#8574);
#7487=PLANE('',#8575);
#7488=PLANE('',#8577);
#7489=PLANE('',#8578);
#7490=PLANE('',#8579);
#7491=PLANE('',#8581);
#7492=PLANE('',#8582);
#7493=PLANE('',#8584);
#7494=PLANE('',#8585);
#7495=PLANE('',#8586);
#7496=PLANE('',#8587);
#7497=PLANE('',#8588);
#7498=PLANE('',#8590);
#7499=PLANE('',#8591);
#7500=PLANE('',#8592);
#7501=PLANE('',#8593);
#7502=PLANE('',#8595);
#7503=PLANE('',#8596);
#7504=PLANE('',#8597);
#7505=PLANE('',#8598);
#7506=PLANE('',#8599);
#7507=PLANE('',#8601);
#7508=PLANE('',#8602);
#7509=PLANE('',#8603);
#7510=PLANE('',#8604);
#7511=PLANE('',#8605);
#7512=PLANE('',#8606);
#7513=PLANE('',#8607);
#7514=PLANE('',#8608);
#7515=PLANE('',#8609);
#7516=PLANE('',#8610);
#7517=PLANE('',#8612);
#7518=PLANE('',#8613);
#7519=PLANE('',#8614);
#7520=PLANE('',#8615);
#7521=PLANE('',#8616);
#7522=PLANE('',#8617);
#7523=PLANE('',#8618);
#7524=PLANE('',#8619);
#7525=PLANE('',#8620);
#7526=PLANE('',#8621);
#7527=PLANE('',#8622);
#7528=PLANE('',#8623);
#7529=PLANE('',#8624);
#7530=PLANE('',#8625);
#7531=PLANE('',#8639);
#7532=PLANE('',#8640);
#7533=PLANE('',#8642);
#7534=PLANE('',#8644);
#7535=PLANE('',#8645);
#7536=PLANE('',#8647);
#7537=PLANE('',#8648);
#7538=PLANE('',#8653);
#7539=PLANE('',#8656);
#7540=PLANE('',#8657);
#7541=PLANE('',#8658);
#7542=PLANE('',#8659);
#7543=PLANE('',#8660);
#7544=PLANE('',#8661);
#7545=PLANE('',#8663);
#7546=PLANE('',#8664);
#7547=PLANE('',#8666);
#7548=PLANE('',#8667);
#7549=PLANE('',#8672);
#7550=PLANE('',#8675);
#7551=PLANE('',#8676);
#7552=PLANE('',#8677);
#7553=PLANE('',#8678);
#7554=PLANE('',#8679);
#7555=PLANE('',#8680);
#7556=PLANE('',#8682);
#7557=PLANE('',#8683);
#7558=PLANE('',#8685);
#7559=PLANE('',#8686);
#7560=PLANE('',#8691);
#7561=PLANE('',#8692);
#7562=PLANE('',#8693);
#7563=PLANE('',#8696);
#7564=PLANE('',#8697);
#7565=ADVANCED_FACE('',(#6604),#7161,.T.);
#7566=ADVANCED_FACE('',(#6605,#6606),#7162,.F.);
#7567=ADVANCED_FACE('',(#6607),#7163,.F.);
#7568=ADVANCED_FACE('',(#6608),#7164,.F.);
#7569=ADVANCED_FACE('',(#6609),#191,.T.);
#7570=ADVANCED_FACE('',(#6610),#7165,.T.);
#7571=ADVANCED_FACE('',(#6611),#7166,.T.);
#7572=ADVANCED_FACE('',(#6612),#7167,.T.);
#7573=ADVANCED_FACE('',(#6613),#7168,.F.);
#7574=ADVANCED_FACE('',(#6614,#6615),#7169,.F.);
#7575=ADVANCED_FACE('',(#6616),#7170,.T.);
#7576=ADVANCED_FACE('',(#6617),#7171,.F.);
#7577=ADVANCED_FACE('',(#6618),#7172,.F.);
#7578=ADVANCED_FACE('',(#6619),#7173,.F.);
#7579=ADVANCED_FACE('',(#6620,#6621),#192,.F.);
#7580=ADVANCED_FACE('',(#6622,#6623,#6624,#6625),#7174,.T.);
#7581=ADVANCED_FACE('',(#6626),#7175,.F.);
#7582=ADVANCED_FACE('',(#6627),#7176,.T.);
#7583=ADVANCED_FACE('',(#6628,#6629),#193,.F.);
#7584=ADVANCED_FACE('',(#6630),#194,.T.);
#7585=ADVANCED_FACE('',(#6631,#6632),#195,.F.);
#7586=ADVANCED_FACE('',(#6633),#196,.T.);
#7587=ADVANCED_FACE('',(#6634),#7177,.T.);
#7588=ADVANCED_FACE('',(#6635,#6636),#7178,.T.);
#7589=ADVANCED_FACE('',(#6637),#197,.T.);
#7590=ADVANCED_FACE('',(#6638),#7179,.T.);
#7591=ADVANCED_FACE('',(#6639,#6640),#7180,.T.);
#7592=ADVANCED_FACE('',(#6641),#7181,.F.);
#7593=ADVANCED_FACE('',(#6642),#7182,.T.);
#7594=ADVANCED_FACE('',(#6643,#6644),#7183,.F.);
#7595=ADVANCED_FACE('',(#6645),#7184,.F.);
#7596=ADVANCED_FACE('',(#6646),#7185,.T.);
#7597=ADVANCED_FACE('',(#6647),#7186,.F.);
#7598=ADVANCED_FACE('',(#6648,#6649),#7187,.T.);
#7599=ADVANCED_FACE('',(#6650,#6651),#198,.F.);
#7600=ADVANCED_FACE('',(#6652,#6653),#7188,.F.);
#7601=ADVANCED_FACE('',(#6654),#7189,.F.);
#7602=ADVANCED_FACE('',(#6655,#6656),#199,.F.);
#7603=ADVANCED_FACE('',(#6657),#7190,.T.);
#7604=ADVANCED_FACE('',(#6658,#6659),#7191,.F.);
#7605=ADVANCED_FACE('',(#6660),#7192,.F.);
#7606=ADVANCED_FACE('',(#6661,#6662),#200,.F.);
#7607=ADVANCED_FACE('',(#6663),#7193,.F.);
#7608=ADVANCED_FACE('',(#6664),#7194,.F.);
#7609=ADVANCED_FACE('',(#6665),#75,.F.);
#7610=ADVANCED_FACE('',(#6666),#7195,.F.);
#7611=ADVANCED_FACE('',(#6667,#6668),#30,.F.);
#7612=ADVANCED_FACE('',(#6669,#6670),#201,.F.);
#7613=ADVANCED_FACE('',(#6671,#6672),#31,.F.);
#7614=ADVANCED_FACE('',(#6673,#6674),#202,.F.);
#7615=ADVANCED_FACE('',(#6675),#7196,.T.);
#7616=ADVANCED_FACE('',(#6676),#7197,.T.);
#7617=ADVANCED_FACE('',(#6677),#203,.F.);
#7618=ADVANCED_FACE('',(#6678),#7198,.T.);
#7619=ADVANCED_FACE('',(#6679),#7199,.T.);
#7620=ADVANCED_FACE('',(#6680),#7200,.T.);
#7621=ADVANCED_FACE('',(#6681),#32,.F.);
#7622=ADVANCED_FACE('',(#6682),#7201,.F.);
#7623=ADVANCED_FACE('',(#6683),#7202,.F.);
#7624=ADVANCED_FACE('',(#6684),#7203,.T.);
#7625=ADVANCED_FACE('',(#6685),#7204,.T.);
#7626=ADVANCED_FACE('',(#6686),#7205,.T.);
#7627=ADVANCED_FACE('',(#6687),#7206,.T.);
#7628=ADVANCED_FACE('',(#6688),#7207,.F.);
#7629=ADVANCED_FACE('',(#6689),#7208,.F.);
#7630=ADVANCED_FACE('',(#6690),#7209,.F.);
#7631=ADVANCED_FACE('',(#6691),#7210,.F.);
#7632=ADVANCED_FACE('',(#6692),#7211,.F.);
#7633=ADVANCED_FACE('',(#6693),#7212,.F.);
#7634=ADVANCED_FACE('',(#6694),#7213,.T.);
#7635=ADVANCED_FACE('',(#6695,#6696),#7214,.F.);
#7636=ADVANCED_FACE('',(#6697,#6698),#204,.F.);
#7637=ADVANCED_FACE('',(#6699),#7215,.T.);
#7638=ADVANCED_FACE('',(#6700),#7216,.T.);
#7639=ADVANCED_FACE('',(#6701),#7217,.F.);
#7640=ADVANCED_FACE('',(#6702),#33,.F.);
#7641=ADVANCED_FACE('',(#6703),#34,.F.);
#7642=ADVANCED_FACE('',(#6704),#7218,.F.);
#7643=ADVANCED_FACE('',(#6705),#7219,.F.);
#7644=ADVANCED_FACE('',(#6706),#7220,.T.);
#7645=ADVANCED_FACE('',(#6707),#7221,.T.);
#7646=ADVANCED_FACE('',(#6708),#7222,.T.);
#7647=ADVANCED_FACE('',(#6709),#7223,.T.);
#7648=ADVANCED_FACE('',(#6710),#7224,.F.);
#7649=ADVANCED_FACE('',(#6711),#35,.F.);
#7650=ADVANCED_FACE('',(#6712),#7225,.T.);
#7651=ADVANCED_FACE('',(#6713),#7226,.T.);
#7652=ADVANCED_FACE('',(#6714),#7227,.T.);
#7653=ADVANCED_FACE('',(#6715),#7228,.F.);
#7654=ADVANCED_FACE('',(#6716),#7229,.T.);
#7655=ADVANCED_FACE('',(#6717),#7230,.F.);
#7656=ADVANCED_FACE('',(#6718),#7231,.F.);
#7657=ADVANCED_FACE('',(#6719),#7232,.T.);
#7658=ADVANCED_FACE('',(#6720),#7233,.T.);
#7659=ADVANCED_FACE('',(#6721),#7234,.T.);
#7660=ADVANCED_FACE('',(#6722),#7235,.T.);
#7661=ADVANCED_FACE('',(#6723),#7236,.T.);
#7662=ADVANCED_FACE('',(#6724),#7237,.F.);
#7663=ADVANCED_FACE('',(#6725),#7238,.T.);
#7664=ADVANCED_FACE('',(#6726),#7239,.F.);
#7665=ADVANCED_FACE('',(#6727),#7240,.F.);
#7666=ADVANCED_FACE('',(#6728),#7241,.T.);
#7667=ADVANCED_FACE('',(#6729),#7242,.T.);
#7668=ADVANCED_FACE('',(#6730),#7243,.T.);
#7669=ADVANCED_FACE('',(#6731),#7244,.T.);
#7670=ADVANCED_FACE('',(#6732),#7245,.F.);
#7671=ADVANCED_FACE('',(#6733),#7246,.F.);
#7672=ADVANCED_FACE('',(#6734),#7247,.T.);
#7673=ADVANCED_FACE('',(#6735),#7248,.T.);
#7674=ADVANCED_FACE('',(#6736),#7249,.F.);
#7675=ADVANCED_FACE('',(#6737),#7250,.F.);
#7676=ADVANCED_FACE('',(#6738),#7251,.T.);
#7677=ADVANCED_FACE('',(#6739),#7252,.T.);
#7678=ADVANCED_FACE('',(#6740),#7253,.T.);
#7679=ADVANCED_FACE('',(#6741),#7254,.T.);
#7680=ADVANCED_FACE('',(#6742),#7255,.F.);
#7681=ADVANCED_FACE('',(#6743),#7256,.T.);
#7682=ADVANCED_FACE('',(#6744),#7257,.F.);
#7683=ADVANCED_FACE('',(#6745),#7258,.F.);
#7684=ADVANCED_FACE('',(#6746),#7259,.T.);
#7685=ADVANCED_FACE('',(#6747),#7260,.T.);
#7686=ADVANCED_FACE('',(#6748),#7261,.T.);
#7687=ADVANCED_FACE('',(#6749),#7262,.T.);
#7688=ADVANCED_FACE('',(#6750),#7263,.F.);
#7689=ADVANCED_FACE('',(#6751),#7264,.T.);
#7690=ADVANCED_FACE('',(#6752),#36,.T.);
#7691=ADVANCED_FACE('',(#6753),#7265,.T.);
#7692=ADVANCED_FACE('',(#6754),#7266,.T.);
#7693=ADVANCED_FACE('',(#6755),#7267,.T.);
#7694=ADVANCED_FACE('',(#6756),#7268,.F.);
#7695=ADVANCED_FACE('',(#6757),#7269,.T.);
#7696=ADVANCED_FACE('',(#6758),#7270,.F.);
#7697=ADVANCED_FACE('',(#6759),#7271,.F.);
#7698=ADVANCED_FACE('',(#6760),#7272,.T.);
#7699=ADVANCED_FACE('',(#6761),#7273,.F.);
#7700=ADVANCED_FACE('',(#6762),#7274,.T.);
#7701=ADVANCED_FACE('',(#6763),#7275,.T.);
#7702=ADVANCED_FACE('',(#6764),#7276,.T.);
#7703=ADVANCED_FACE('',(#6765),#7277,.T.);
#7704=ADVANCED_FACE('',(#6766),#7278,.T.);
#7705=ADVANCED_FACE('',(#6767),#7279,.F.);
#7706=ADVANCED_FACE('',(#6768),#7280,.T.);
#7707=ADVANCED_FACE('',(#6769),#7281,.F.);
#7708=ADVANCED_FACE('',(#6770),#7282,.T.);
#7709=ADVANCED_FACE('',(#6771),#7283,.T.);
#7710=ADVANCED_FACE('',(#6772),#7284,.T.);
#7711=ADVANCED_FACE('',(#6773),#7285,.F.);
#7712=ADVANCED_FACE('',(#6774),#37,.T.);
#7713=ADVANCED_FACE('',(#6775),#7286,.T.);
#7714=ADVANCED_FACE('',(#6776),#7287,.T.);
#7715=ADVANCED_FACE('',(#6777),#7288,.T.);
#7716=ADVANCED_FACE('',(#6778),#7289,.T.);
#7717=ADVANCED_FACE('',(#6779),#7290,.F.);
#7718=ADVANCED_FACE('',(#6780),#7291,.T.);
#7719=ADVANCED_FACE('',(#6781),#38,.T.);
#7720=ADVANCED_FACE('',(#6782),#7292,.T.);
#7721=ADVANCED_FACE('',(#6783),#7293,.F.);
#7722=ADVANCED_FACE('',(#6784),#39,.T.);
#7723=ADVANCED_FACE('',(#6785),#16,.F.);
#7724=ADVANCED_FACE('',(#6786),#7294,.F.);
#7725=ADVANCED_FACE('',(#6787),#7295,.F.);
#7726=ADVANCED_FACE('',(#6788),#7296,.F.);
#7727=ADVANCED_FACE('',(#6789),#7297,.T.);
#7728=ADVANCED_FACE('',(#6790),#7298,.T.);
#7729=ADVANCED_FACE('',(#6791),#7299,.F.);
#7730=ADVANCED_FACE('',(#6792),#7300,.F.);
#7731=ADVANCED_FACE('',(#6793),#7301,.T.);
#7732=ADVANCED_FACE('',(#6794),#7302,.F.);
#7733=ADVANCED_FACE('',(#6795),#7303,.T.);
#7734=ADVANCED_FACE('',(#6796),#7304,.T.);
#7735=ADVANCED_FACE('',(#6797),#7305,.T.);
#7736=ADVANCED_FACE('',(#6798),#7306,.F.);
#7737=ADVANCED_FACE('',(#6799),#7307,.F.);
#7738=ADVANCED_FACE('',(#6800),#7308,.F.);
#7739=ADVANCED_FACE('',(#6801),#7309,.T.);
#7740=ADVANCED_FACE('',(#6802),#40,.T.);
#7741=ADVANCED_FACE('',(#6803),#7310,.T.);
#7742=ADVANCED_FACE('',(#6804),#7311,.T.);
#7743=ADVANCED_FACE('',(#6805),#7312,.T.);
#7744=ADVANCED_FACE('',(#6806),#7313,.F.);
#7745=ADVANCED_FACE('',(#6807),#7314,.T.);
#7746=ADVANCED_FACE('',(#6808),#7315,.T.);
#7747=ADVANCED_FACE('',(#6809),#7316,.T.);
#7748=ADVANCED_FACE('',(#6810),#7317,.T.);
#7749=ADVANCED_FACE('',(#6811),#7318,.T.);
#7750=ADVANCED_FACE('',(#6812),#7319,.T.);
#7751=ADVANCED_FACE('',(#6813),#7320,.T.);
#7752=ADVANCED_FACE('',(#6814),#7321,.T.);
#7753=ADVANCED_FACE('',(#6815),#41,.T.);
#7754=ADVANCED_FACE('',(#6816),#7322,.T.);
#7755=ADVANCED_FACE('',(#6817),#7323,.T.);
#7756=ADVANCED_FACE('',(#6818),#7324,.F.);
#7757=ADVANCED_FACE('',(#6819),#7325,.T.);
#7758=ADVANCED_FACE('',(#6820),#7326,.F.);
#7759=ADVANCED_FACE('',(#6821),#7327,.F.);
#7760=ADVANCED_FACE('',(#6822),#7328,.T.);
#7761=ADVANCED_FACE('',(#6823),#7329,.T.);
#7762=ADVANCED_FACE('',(#6824),#7330,.F.);
#7763=ADVANCED_FACE('',(#6825),#7331,.T.);
#7764=ADVANCED_FACE('',(#6826),#7332,.T.);
#7765=ADVANCED_FACE('',(#6827),#7333,.T.);
#7766=ADVANCED_FACE('',(#6828),#7334,.T.);
#7767=ADVANCED_FACE('',(#6829),#42,.F.);
#7768=ADVANCED_FACE('',(#6830),#7335,.F.);
#7769=ADVANCED_FACE('',(#6831),#7336,.F.);
#7770=ADVANCED_FACE('',(#6832),#7337,.T.);
#7771=ADVANCED_FACE('',(#6833),#43,.T.);
#7772=ADVANCED_FACE('',(#6834),#17,.T.);
#7773=ADVANCED_FACE('',(#6835),#7338,.T.);
#7774=ADVANCED_FACE('',(#6836),#7339,.F.);
#7775=ADVANCED_FACE('',(#6837),#7340,.T.);
#7776=ADVANCED_FACE('',(#6838),#7341,.F.);
#7777=ADVANCED_FACE('',(#6839),#7342,.F.);
#7778=ADVANCED_FACE('',(#6840),#7343,.T.);
#7779=ADVANCED_FACE('',(#6841),#7344,.T.);
#7780=ADVANCED_FACE('',(#6842),#44,.T.);
#7781=ADVANCED_FACE('',(#6843),#7345,.T.);
#7782=ADVANCED_FACE('',(#6844),#7346,.T.);
#7783=ADVANCED_FACE('',(#6845),#7347,.T.);
#7784=ADVANCED_FACE('',(#6846),#7348,.T.);
#7785=ADVANCED_FACE('',(#6847),#18,.T.);
#7786=ADVANCED_FACE('',(#6848),#7349,.F.);
#7787=ADVANCED_FACE('',(#6849),#7350,.T.);
#7788=ADVANCED_FACE('',(#6850),#7351,.T.);
#7789=ADVANCED_FACE('',(#6851),#7352,.T.);
#7790=ADVANCED_FACE('',(#6852),#7353,.T.);
#7791=ADVANCED_FACE('',(#6853),#7354,.F.);
#7792=ADVANCED_FACE('',(#6854),#7355,.T.);
#7793=ADVANCED_FACE('',(#6855),#45,.T.);
#7794=ADVANCED_FACE('',(#6856),#7356,.F.);
#7795=ADVANCED_FACE('',(#6857),#7357,.F.);
#7796=ADVANCED_FACE('',(#6858),#7358,.F.);
#7797=ADVANCED_FACE('',(#6859),#7359,.T.);
#7798=ADVANCED_FACE('',(#6860),#46,.F.);
#7799=ADVANCED_FACE('',(#6861),#7360,.T.);
#7800=ADVANCED_FACE('',(#6862),#7361,.T.);
#7801=ADVANCED_FACE('',(#6863),#7362,.F.);
#7802=ADVANCED_FACE('',(#6864),#7363,.T.);
#7803=ADVANCED_FACE('',(#6865),#7364,.T.);
#7804=ADVANCED_FACE('',(#6866),#7365,.F.);
#7805=ADVANCED_FACE('',(#6867),#7366,.T.);
#7806=ADVANCED_FACE('',(#6868),#7367,.T.);
#7807=ADVANCED_FACE('',(#6869),#7368,.T.);
#7808=ADVANCED_FACE('',(#6870),#7369,.T.);
#7809=ADVANCED_FACE('',(#6871),#7370,.T.);
#7810=ADVANCED_FACE('',(#6872),#7371,.T.);
#7811=ADVANCED_FACE('',(#6873),#7372,.F.);
#7812=ADVANCED_FACE('',(#6874),#7373,.F.);
#7813=ADVANCED_FACE('',(#6875),#7374,.T.);
#7814=ADVANCED_FACE('',(#6876),#19,.T.);
#7815=ADVANCED_FACE('',(#6877),#7375,.F.);
#7816=ADVANCED_FACE('',(#6878),#7376,.T.);
#7817=ADVANCED_FACE('',(#6879),#7377,.F.);
#7818=ADVANCED_FACE('',(#6880),#7378,.F.);
#7819=ADVANCED_FACE('',(#6881),#7379,.F.);
#7820=ADVANCED_FACE('',(#6882),#20,.F.);
#7821=ADVANCED_FACE('',(#6883),#7380,.F.);
#7822=ADVANCED_FACE('',(#6884),#7381,.T.);
#7823=ADVANCED_FACE('',(#6885,#6886),#7382,.F.);
#7824=ADVANCED_FACE('',(#6887),#7383,.F.);
#7825=ADVANCED_FACE('',(#6888,#6889),#7384,.T.);
#7826=ADVANCED_FACE('',(#6890),#7385,.T.);
#7827=ADVANCED_FACE('',(#6891,#6892,#6893),#205,.T.);
#7828=ADVANCED_FACE('',(#6894),#7386,.T.);
#7829=ADVANCED_FACE('',(#6895),#206,.F.);
#7830=ADVANCED_FACE('',(#6896),#7387,.F.);
#7831=ADVANCED_FACE('',(#6897,#6898,#6899),#7388,.T.);
#7832=ADVANCED_FACE('',(#6900),#7389,.F.);
#7833=ADVANCED_FACE('',(#6901),#207,.F.);
#7834=ADVANCED_FACE('',(#6902,#6903,#6904),#208,.T.);
#7835=ADVANCED_FACE('',(#6905,#6906),#7390,.T.);
#7836=ADVANCED_FACE('',(#6907),#7391,.F.);
#7837=ADVANCED_FACE('',(#6908),#7392,.T.);
#7838=ADVANCED_FACE('',(#6909,#6910),#7393,.T.);
#7839=ADVANCED_FACE('',(#6911),#7394,.T.);
#7840=ADVANCED_FACE('',(#6912),#7395,.T.);
#7841=ADVANCED_FACE('',(#6913),#209,.F.);
#7842=ADVANCED_FACE('',(#6914,#6915),#7396,.T.);
#7843=ADVANCED_FACE('',(#6916),#7397,.T.);
#7844=ADVANCED_FACE('',(#6917),#210,.F.);
#7845=ADVANCED_FACE('',(#6918,#6919),#7398,.T.);
#7846=ADVANCED_FACE('',(#6920),#211,.F.);
#7847=ADVANCED_FACE('',(#6921),#7399,.F.);
#7848=ADVANCED_FACE('',(#6922),#7400,.F.);
#7849=ADVANCED_FACE('',(#6923,#6924),#212,.F.);
#7850=ADVANCED_FACE('',(#6925,#6926),#213,.F.);
#7851=ADVANCED_FACE('',(#6927,#6928),#214,.F.);
#7852=ADVANCED_FACE('',(#6929),#7401,.T.);
#7853=ADVANCED_FACE('',(#6930,#6931),#215,.F.);
#7854=ADVANCED_FACE('',(#6932),#7402,.T.);
#7855=ADVANCED_FACE('',(#6933),#7403,.T.);
#7856=ADVANCED_FACE('',(#6934,#6935),#216,.F.);
#7857=ADVANCED_FACE('',(#6936),#7404,.T.);
#7858=ADVANCED_FACE('',(#6937,#6938),#217,.F.);
#7859=ADVANCED_FACE('',(#6939),#7405,.F.);
#7860=ADVANCED_FACE('',(#6940),#7406,.T.);
#7861=ADVANCED_FACE('',(#6941),#7407,.F.);
#7862=ADVANCED_FACE('',(#6942),#7408,.T.);
#7863=ADVANCED_FACE('',(#6943),#7409,.T.);
#7864=ADVANCED_FACE('',(#6944),#7410,.T.);
#7865=ADVANCED_FACE('',(#6945,#6946),#47,.F.);
#7866=ADVANCED_FACE('',(#6947,#6948),#218,.F.);
#7867=ADVANCED_FACE('',(#6949,#6950),#48,.F.);
#7868=ADVANCED_FACE('',(#6951,#6952),#219,.F.);
#7869=ADVANCED_FACE('',(#6953),#7411,.T.);
#7870=ADVANCED_FACE('',(#6954),#7412,.F.);
#7871=ADVANCED_FACE('',(#6955),#7413,.F.);
#7872=ADVANCED_FACE('',(#6956),#7414,.T.);
#7873=ADVANCED_FACE('',(#6957),#7415,.T.);
#7874=ADVANCED_FACE('',(#6958),#7416,.F.);
#7875=ADVANCED_FACE('',(#6959),#7417,.T.);
#7876=ADVANCED_FACE('',(#6960),#7418,.F.);
#7877=ADVANCED_FACE('',(#6961),#7419,.T.);
#7878=ADVANCED_FACE('',(#6962),#7420,.T.);
#7879=ADVANCED_FACE('',(#6963),#7421,.T.);
#7880=ADVANCED_FACE('',(#6964),#7422,.F.);
#7881=ADVANCED_FACE('',(#6965),#7423,.F.);
#7882=ADVANCED_FACE('',(#6966),#49,.T.);
#7883=ADVANCED_FACE('',(#6967),#7424,.T.);
#7884=ADVANCED_FACE('',(#6968),#7425,.T.);
#7885=ADVANCED_FACE('',(#6969),#7426,.T.);
#7886=ADVANCED_FACE('',(#6970),#7427,.F.);
#7887=ADVANCED_FACE('',(#6971),#50,.T.);
#7888=ADVANCED_FACE('',(#6972),#7428,.T.);
#7889=ADVANCED_FACE('',(#6973),#7429,.T.);
#7890=ADVANCED_FACE('',(#6974),#7430,.F.);
#7891=ADVANCED_FACE('',(#6975),#7431,.T.);
#7892=ADVANCED_FACE('',(#6976),#7432,.T.);
#7893=ADVANCED_FACE('',(#6977),#7433,.T.);
#7894=ADVANCED_FACE('',(#6978),#7434,.T.);
#7895=ADVANCED_FACE('',(#6979),#7435,.T.);
#7896=ADVANCED_FACE('',(#6980),#7436,.F.);
#7897=ADVANCED_FACE('',(#6981),#7437,.F.);
#7898=ADVANCED_FACE('',(#6982),#7438,.T.);
#7899=ADVANCED_FACE('',(#6983),#7439,.F.);
#7900=ADVANCED_FACE('',(#6984),#7440,.T.);
#7901=ADVANCED_FACE('',(#6985),#7441,.F.);
#7902=ADVANCED_FACE('',(#6986),#7442,.T.);
#7903=ADVANCED_FACE('',(#6987),#7443,.T.);
#7904=ADVANCED_FACE('',(#6988),#7444,.T.);
#7905=ADVANCED_FACE('',(#6989),#7445,.T.);
#7906=ADVANCED_FACE('',(#6990),#7446,.F.);
#7907=ADVANCED_FACE('',(#6991),#7447,.F.);
#7908=ADVANCED_FACE('',(#6992),#7448,.T.);
#7909=ADVANCED_FACE('',(#6993),#7449,.T.);
#7910=ADVANCED_FACE('',(#6994),#7450,.T.);
#7911=ADVANCED_FACE('',(#6995),#7451,.T.);
#7912=ADVANCED_FACE('',(#6996),#7452,.T.);
#7913=ADVANCED_FACE('',(#6997),#7453,.T.);
#7914=ADVANCED_FACE('',(#6998),#7454,.F.);
#7915=ADVANCED_FACE('',(#6999),#51,.F.);
#7916=ADVANCED_FACE('',(#7000),#7455,.F.);
#7917=ADVANCED_FACE('',(#7001),#7456,.T.);
#7918=ADVANCED_FACE('',(#7002),#7457,.T.);
#7919=ADVANCED_FACE('',(#7003),#7458,.F.);
#7920=ADVANCED_FACE('',(#7004),#7459,.F.);
#7921=ADVANCED_FACE('',(#7005),#52,.T.);
#7922=ADVANCED_FACE('',(#7006),#7460,.F.);
#7923=ADVANCED_FACE('',(#7007),#7461,.F.);
#7924=ADVANCED_FACE('',(#7008),#7462,.F.);
#7925=ADVANCED_FACE('',(#7009),#7463,.F.);
#7926=ADVANCED_FACE('',(#7010),#7464,.T.);
#7927=ADVANCED_FACE('',(#7011),#7465,.T.);
#7928=ADVANCED_FACE('',(#7012),#7466,.F.);
#7929=ADVANCED_FACE('',(#7013),#7467,.T.);
#7930=ADVANCED_FACE('',(#7014),#7468,.T.);
#7931=ADVANCED_FACE('',(#7015),#21,.T.);
#7932=ADVANCED_FACE('',(#7016),#7469,.T.);
#7933=ADVANCED_FACE('',(#7017),#7470,.T.);
#7934=ADVANCED_FACE('',(#7018),#53,.F.);
#7935=ADVANCED_FACE('',(#7019),#7471,.F.);
#7936=ADVANCED_FACE('',(#7020),#7472,.F.);
#7937=ADVANCED_FACE('',(#7021),#7473,.T.);
#7938=ADVANCED_FACE('',(#7022),#7474,.T.);
#7939=ADVANCED_FACE('',(#7023),#54,.T.);
#7940=ADVANCED_FACE('',(#7024),#7475,.F.);
#7941=ADVANCED_FACE('',(#7025),#7476,.T.);
#7942=ADVANCED_FACE('',(#7026),#7477,.T.);
#7943=ADVANCED_FACE('',(#7027),#7478,.F.);
#7944=ADVANCED_FACE('',(#7028),#55,.F.);
#7945=ADVANCED_FACE('',(#7029),#7479,.T.);
#7946=ADVANCED_FACE('',(#7030),#7480,.T.);
#7947=ADVANCED_FACE('',(#7031),#7481,.T.);
#7948=ADVANCED_FACE('',(#7032),#7482,.T.);
#7949=ADVANCED_FACE('',(#7033),#56,.F.);
#7950=ADVANCED_FACE('',(#7034),#7483,.T.);
#7951=ADVANCED_FACE('',(#7035),#7484,.T.);
#7952=ADVANCED_FACE('',(#7036),#7485,.T.);
#7953=ADVANCED_FACE('',(#7037),#57,.F.);
#7954=ADVANCED_FACE('',(#7038),#7486,.F.);
#7955=ADVANCED_FACE('',(#7039),#7487,.F.);
#7956=ADVANCED_FACE('',(#7040),#58,.T.);
#7957=ADVANCED_FACE('',(#7041),#7488,.F.);
#7958=ADVANCED_FACE('',(#7042),#7489,.T.);
#7959=ADVANCED_FACE('',(#7043),#7490,.F.);
#7960=ADVANCED_FACE('',(#7044),#59,.F.);
#7961=ADVANCED_FACE('',(#7045),#7491,.F.);
#7962=ADVANCED_FACE('',(#7046),#7492,.T.);
#7963=ADVANCED_FACE('',(#7047),#60,.F.);
#7964=ADVANCED_FACE('',(#7048),#7493,.F.);
#7965=ADVANCED_FACE('',(#7049),#7494,.T.);
#7966=ADVANCED_FACE('',(#7050),#7495,.T.);
#7967=ADVANCED_FACE('',(#7051),#7496,.T.);
#7968=ADVANCED_FACE('',(#7052),#7497,.T.);
#7969=ADVANCED_FACE('',(#7053),#61,.F.);
#7970=ADVANCED_FACE('',(#7054),#7498,.T.);
#7971=ADVANCED_FACE('',(#7055),#7499,.T.);
#7972=ADVANCED_FACE('',(#7056),#7500,.T.);
#7973=ADVANCED_FACE('',(#7057),#7501,.T.);
#7974=ADVANCED_FACE('',(#7058),#62,.T.);
#7975=ADVANCED_FACE('',(#7059),#7502,.F.);
#7976=ADVANCED_FACE('',(#7060),#7503,.T.);
#7977=ADVANCED_FACE('',(#7061),#7504,.T.);
#7978=ADVANCED_FACE('',(#7062),#7505,.F.);
#7979=ADVANCED_FACE('',(#7063),#7506,.F.);
#7980=ADVANCED_FACE('',(#7064),#63,.F.);
#7981=ADVANCED_FACE('',(#7065),#7507,.F.);
#7982=ADVANCED_FACE('',(#7066),#7508,.T.);
#7983=ADVANCED_FACE('',(#7067),#7509,.T.);
#7984=ADVANCED_FACE('',(#7068),#22,.T.);
#7985=ADVANCED_FACE('',(#7069),#7510,.T.);
#7986=ADVANCED_FACE('',(#7070),#7511,.T.);
#7987=ADVANCED_FACE('',(#7071),#7512,.T.);
#7988=ADVANCED_FACE('',(#7072),#7513,.T.);
#7989=ADVANCED_FACE('',(#7073),#7514,.T.);
#7990=ADVANCED_FACE('',(#7074),#7515,.T.);
#7991=ADVANCED_FACE('',(#7075),#7516,.F.);
#7992=ADVANCED_FACE('',(#7076),#64,.F.);
#7993=ADVANCED_FACE('',(#7077),#7517,.F.);
#7994=ADVANCED_FACE('',(#7078),#7518,.T.);
#7995=ADVANCED_FACE('',(#7079),#7519,.F.);
#7996=ADVANCED_FACE('',(#7080),#7520,.T.);
#7997=ADVANCED_FACE('',(#7081),#7521,.T.);
#7998=ADVANCED_FACE('',(#7082),#7522,.T.);
#7999=ADVANCED_FACE('',(#7083),#7523,.T.);
#8000=ADVANCED_FACE('',(#7084),#7524,.T.);
#8001=ADVANCED_FACE('',(#7085),#7525,.F.);
#8002=ADVANCED_FACE('',(#7086),#7526,.F.);
#8003=ADVANCED_FACE('',(#7087),#7527,.F.);
#8004=ADVANCED_FACE('',(#7088),#7528,.T.);
#8005=ADVANCED_FACE('',(#7089),#7529,.T.);
#8006=ADVANCED_FACE('',(#7090),#7530,.T.);
#8007=ADVANCED_FACE('',(#7091,#7092,#7093,#7094),#220,.F.);
#8008=ADVANCED_FACE('',(#7095,#7096,#7097,#7098,#7099),#221,.T.);
#8009=ADVANCED_FACE('',(#7100,#7101),#7531,.T.);
#8010=ADVANCED_FACE('',(#7102,#7103),#7532,.F.);
#8011=ADVANCED_FACE('',(#7104),#7533,.F.);
#8012=ADVANCED_FACE('',(#7105),#7534,.F.);
#8013=ADVANCED_FACE('',(#7106,#7107),#7535,.T.);
#8014=ADVANCED_FACE('',(#7108),#7536,.T.);
#8015=ADVANCED_FACE('',(#7109),#7537,.T.);
#8016=ADVANCED_FACE('',(#7110,#7111),#222,.F.);
#8017=ADVANCED_FACE('',(#7112,#7113),#65,.F.);
#8018=ADVANCED_FACE('',(#7114),#7538,.F.);
#8019=ADVANCED_FACE('',(#7115),#66,.T.);
#8020=ADVANCED_FACE('',(#7116),#67,.T.);
#8021=ADVANCED_FACE('',(#7117),#7539,.F.);
#8022=ADVANCED_FACE('',(#7118),#7540,.T.);
#8023=ADVANCED_FACE('',(#7119),#7541,.F.);
#8024=ADVANCED_FACE('',(#7120),#7542,.T.);
#8025=ADVANCED_FACE('',(#7121),#7543,.F.);
#8026=ADVANCED_FACE('',(#7122),#7544,.F.);
#8027=ADVANCED_FACE('',(#7123),#7545,.T.);
#8028=ADVANCED_FACE('',(#7124,#7125),#7546,.T.);
#8029=ADVANCED_FACE('',(#7126),#7547,.F.);
#8030=ADVANCED_FACE('',(#7127),#7548,.T.);
#8031=ADVANCED_FACE('',(#7128,#7129),#223,.F.);
#8032=ADVANCED_FACE('',(#7130,#7131),#68,.F.);
#8033=ADVANCED_FACE('',(#7132),#7549,.F.);
#8034=ADVANCED_FACE('',(#7133),#69,.T.);
#8035=ADVANCED_FACE('',(#7134),#70,.T.);
#8036=ADVANCED_FACE('',(#7135),#7550,.F.);
#8037=ADVANCED_FACE('',(#7136),#7551,.F.);
#8038=ADVANCED_FACE('',(#7137),#7552,.T.);
#8039=ADVANCED_FACE('',(#7138),#7553,.F.);
#8040=ADVANCED_FACE('',(#7139),#7554,.T.);
#8041=ADVANCED_FACE('',(#7140),#7555,.F.);
#8042=ADVANCED_FACE('',(#7141),#7556,.F.);
#8043=ADVANCED_FACE('',(#7142,#7143),#7557,.T.);
#8044=ADVANCED_FACE('',(#7144),#7558,.T.);
#8045=ADVANCED_FACE('',(#7145),#7559,.T.);
#8046=ADVANCED_FACE('',(#7146,#7147),#71,.F.);
#8047=ADVANCED_FACE('',(#7148,#7149),#224,.F.);
#8048=ADVANCED_FACE('',(#7150),#7560,.F.);
#8049=ADVANCED_FACE('',(#7151),#7561,.T.);
#8050=ADVANCED_FACE('',(#7152),#7562,.T.);
#8051=ADVANCED_FACE('',(#7153),#72,.T.);
#8052=ADVANCED_FACE('',(#7154),#73,.T.);
#8053=ADVANCED_FACE('',(#7155),#7563,.F.);
#8054=ADVANCED_FACE('',(#7156),#23,.F.);
#8055=ADVANCED_FACE('',(#7157),#24,.F.);
#8056=ADVANCED_FACE('',(#7158),#7564,.F.);
#8057=ADVANCED_FACE('',(#7159,#7160),#74,.F.);
#8058=CLOSED_SHELL('',(#7565,#7566,#7567,#7568,#7569,#7570,#7571,#7572,
#7573,#7574,#7575,#7576,#7577,#7578,#7579,#7580,#7581,#7582,#7583,#7584,
#7585,#7586,#7587,#7588,#7589,#7590,#7591,#7592,#7593,#7594,#7595,#7596,
#7597,#7598,#7599,#7600,#7601,#7602,#7603,#7604,#7605,#7606,#7607,#7608,
#7609,#7610,#7611,#7612,#7613,#7614,#7615,#7616,#7617,#7618,#7619,#7620,
#7621,#7622,#7623,#7624,#7625,#7626,#7627,#7628,#7629,#7630,#7631,#7632,
#7633,#7634,#7635,#7636,#7637,#7638,#7639,#7640,#7641,#7642,#7643,#7644,
#7645,#7646,#7647,#7648,#7649,#7650,#7651,#7652,#7653,#7654,#7655,#7656,
#7657,#7658,#7659,#7660,#7661,#7662,#7663,#7664,#7665,#7666,#7667,#7668,
#7669,#7670,#7671,#7672,#7673,#7674,#7675,#7676,#7677,#7678,#7679,#7680,
#7681,#7682,#7683,#7684,#7685,#7686,#7687,#7688,#7689,#7690,#7691,#7692,
#7693,#7694,#7695,#7696,#7697,#7698,#7699,#7700,#7701,#7702,#7703,#7704,
#7705,#7706,#7707,#7708,#7709,#7710,#7711,#7712,#7713,#7714,#7715,#7716,
#7717,#7718,#7719,#7720,#7721,#7722,#7723,#7724,#7725,#7726,#7727,#7728,
#7729,#7730,#7731,#7732,#7733,#7734,#7735,#7736,#7737,#7738,#7739,#7740,
#7741,#7742,#7743,#7744,#7745,#7746,#7747,#7748,#7749,#7750,#7751,#7752,
#7753,#7754,#7755,#7756,#7757,#7758,#7759,#7760,#7761,#7762,#7763,#7764,
#7765,#7766,#7767,#7768,#7769,#7770,#7771,#7772,#7773,#7774,#7775,#7776,
#7777,#7778,#7779,#7780,#7781,#7782,#7783,#7784,#7785,#7786,#7787,#7788,
#7789,#7790,#7791,#7792,#7793,#7794,#7795,#7796,#7797,#7798,#7799,#7800,
#7801,#7802,#7803,#7804,#7805,#7806,#7807,#7808,#7809,#7810,#7811,#7812,
#7813,#7814,#7815,#7816,#7817,#7818,#7819,#7820,#7821,#7822));
#8059=CLOSED_SHELL('',(#7823,#7824,#7825,#7826,#7827,#7828,#7829,#7830,
#7831,#7832,#7833,#7834,#7835,#7836,#7837,#7838,#7839,#7840,#7841,#7842,
#7843,#7844,#7845,#7846,#7847,#7848,#7849,#7850,#7851,#7852,#7853,#7854,
#7855,#7856,#7857,#7858,#7859,#7860,#7861,#7862,#7863,#7864,#7865,#7866,
#7867,#7868,#7869,#7870,#7871,#7872,#7873,#7874,#7875,#7876,#7877,#7878,
#7879,#7880,#7881,#7882,#7883,#7884,#7885,#7886,#7887,#7888,#7889,#7890,
#7891,#7892,#7893,#7894,#7895,#7896,#7897,#7898,#7899,#7900,#7901,#7902,
#7903,#7904,#7905,#7906,#7907,#7908,#7909,#7910,#7911,#7912,#7913,#7914,
#7915,#7916,#7917,#7918,#7919,#7920,#7921,#7922,#7923,#7924,#7925,#7926,
#7927,#7928,#7929,#7930,#7931,#7932,#7933,#7934,#7935,#7936,#7937,#7938,
#7939,#7940,#7941,#7942,#7943,#7944,#7945,#7946,#7947,#7948,#7949,#7950,
#7951,#7952,#7953,#7954,#7955,#7956,#7957,#7958,#7959,#7960,#7961,#7962,
#7963,#7964,#7965,#7966,#7967,#7968,#7969,#7970,#7971,#7972,#7973,#7974,
#7975,#7976,#7977,#7978,#7979,#7980,#7981,#7982,#7983,#7984,#7985,#7986,
#7987,#7988,#7989,#7990,#7991,#7992,#7993,#7994,#7995,#7996,#7997,#7998,
#7999,#8000,#8001,#8002,#8003,#8004,#8005,#8006));
#8060=CLOSED_SHELL('',(#8007,#8008,#8009,#8010,#8011,#8012,#8013,#8014,
#8015,#8016,#8017,#8018,#8019,#8020,#8021,#8022,#8023,#8024,#8025,#8026,
#8027,#8028,#8029,#8030,#8031,#8032,#8033,#8034,#8035,#8036,#8037,#8038,
#8039,#8040,#8041,#8042,#8043,#8044,#8045,#8046,#8047,#8048,#8049,#8050,
#8051,#8052,#8053,#8054,#8055,#8056,#8057));
#8061=STYLED_ITEM('',(#8064),#8083);
#8062=STYLED_ITEM('',(#8065),#8084);
#8063=STYLED_ITEM('',(#8066),#8085);
#8064=PRESENTATION_STYLE_ASSIGNMENT((#8067));
#8065=PRESENTATION_STYLE_ASSIGNMENT((#8068));
#8066=PRESENTATION_STYLE_ASSIGNMENT((#8069));
#8067=SURFACE_STYLE_USAGE(.BOTH.,#8070);
#8068=SURFACE_STYLE_USAGE(.BOTH.,#8071);
#8069=SURFACE_STYLE_USAGE(.BOTH.,#8072);
#8070=SURFACE_SIDE_STYLE('',(#8073));
#8071=SURFACE_SIDE_STYLE('',(#8074));
#8072=SURFACE_SIDE_STYLE('',(#8075));
#8073=SURFACE_STYLE_FILL_AREA(#8076);
#8074=SURFACE_STYLE_FILL_AREA(#8077);
#8075=SURFACE_STYLE_FILL_AREA(#8078);
#8076=FILL_AREA_STYLE('',(#8079));
#8077=FILL_AREA_STYLE('',(#8080));
#8078=FILL_AREA_STYLE('',(#8081));
#8079=FILL_AREA_STYLE_COLOUR('',#8082);
#8080=FILL_AREA_STYLE_COLOUR('',#8082);
#8081=FILL_AREA_STYLE_COLOUR('',#8082);
#8082=COLOUR_RGB('',0.301960784313725,0.301960784313725,0.301960784313725);
#8083=MANIFOLD_SOLID_BREP('Part 2',#8058);
#8084=MANIFOLD_SOLID_BREP('Part 3',#8059);
#8085=MANIFOLD_SOLID_BREP('Part 1',#8060);
#8086=SHAPE_DEFINITION_REPRESENTATION(#13481,#8089);
#8087=SHAPE_DEFINITION_REPRESENTATION(#13482,#8090);
#8088=SHAPE_DEFINITION_REPRESENTATION(#13483,#8091);
#8089=SHAPE_REPRESENTATION('Part 2',(#8092),#13466);
#8090=SHAPE_REPRESENTATION('Part 3',(#8397),#13467);
#8091=SHAPE_REPRESENTATION('Part 1',(#8626),#13468);
#8092=AXIS2_PLACEMENT_3D('',#10788,#8699,#8700);
#8093=AXIS2_PLACEMENT_3D('',#10789,#8701,#8702);
#8094=AXIS2_PLACEMENT_3D('',#10812,#8714,#8715);
#8095=AXIS2_PLACEMENT_3D('',#10813,#8716,#8717);
#8096=AXIS2_PLACEMENT_3D('',#10835,#8728,#8729);
#8097=AXIS2_PLACEMENT_3D('',#10866,#8745,#8746);
#8098=AXIS2_PLACEMENT_3D('',#10867,#8747,#8748);
#8099=AXIS2_PLACEMENT_3D('',#10899,#8764,#8765);
#8100=AXIS2_PLACEMENT_3D('',#10903,#8767,#8768);
#8101=AXIS2_PLACEMENT_3D('',#10905,#8769,#8770);
#8102=AXIS2_PLACEMENT_3D('',#10906,#8771,#8772);
#8103=AXIS2_PLACEMENT_3D('',#10909,#8774,#8775);
#8104=AXIS2_PLACEMENT_3D('',#10913,#8777,#8778);
#8105=AXIS2_PLACEMENT_3D('',#10914,#8779,#8780);
#8106=AXIS2_PLACEMENT_3D('',#10923,#8785,#8786);
#8107=AXIS2_PLACEMENT_3D('',#10944,#8797,#8798);
#8108=AXIS2_PLACEMENT_3D('',#10956,#8805,#8806);
#8109=AXIS2_PLACEMENT_3D('',#10957,#8807,#8808);
#8110=AXIS2_PLACEMENT_3D('',#10962,#8810,#8811);
#8111=AXIS2_PLACEMENT_3D('',#10965,#8813,#8814);
#8112=AXIS2_PLACEMENT_3D('',#10980,#8822,#8823);
#8113=AXIS2_PLACEMENT_3D('',#10982,#8824,#8825);
#8114=AXIS2_PLACEMENT_3D('',#10992,#8830,#8831);
#8115=AXIS2_PLACEMENT_3D('',#11003,#8834,#8835);
#8116=AXIS2_PLACEMENT_3D('',#11006,#8837,#8838);
#8117=AXIS2_PLACEMENT_3D('',#11010,#8840,#8841);
#8118=AXIS2_PLACEMENT_3D('',#11019,#8843,#8844);
#8119=AXIS2_PLACEMENT_3D('',#11027,#8848,#8849);
#8120=AXIS2_PLACEMENT_3D('',#11043,#8857,#8858);
#8121=AXIS2_PLACEMENT_3D('',#11051,#8862,#8863);
#8122=AXIS2_PLACEMENT_3D('',#11056,#8866,#8867);
#8123=AXIS2_PLACEMENT_3D('',#11062,#8871,#8872);
#8124=AXIS2_PLACEMENT_3D('',#11078,#8878,#8879);
#8125=AXIS2_PLACEMENT_3D('',#11091,#8880,#8881);
#8126=AXIS2_PLACEMENT_3D('',#11094,#8882,#8883);
#8127=AXIS2_PLACEMENT_3D('',#11098,#8885,#8886);
#8128=AXIS2_PLACEMENT_3D('',#11101,#8888,#8889);
#8129=AXIS2_PLACEMENT_3D('',#11102,#8890,#8891);
#8130=AXIS2_PLACEMENT_3D('',#11104,#8893,#8894);
#8131=AXIS2_PLACEMENT_3D('',#11128,#8902,#8903);
#8132=AXIS2_PLACEMENT_3D('',#11135,#8907,#8908);
#8133=AXIS2_PLACEMENT_3D('',#11137,#8909,#8910);
#8134=AXIS2_PLACEMENT_3D('',#11170,#8927,#8928);
#8135=AXIS2_PLACEMENT_3D('',#11174,#8931,#8932);
#8136=AXIS2_PLACEMENT_3D('',#11178,#8934,#8935);
#8137=AXIS2_PLACEMENT_3D('',#11182,#8937,#8938);
#8138=AXIS2_PLACEMENT_3D('',#11195,#8939,#8940);
#8139=AXIS2_PLACEMENT_3D('',#11199,#8942,#8943);
#8140=AXIS2_PLACEMENT_3D('',#11203,#8945,#8946);
#8141=AXIS2_PLACEMENT_3D('',#11204,#8947,#8948);
#8142=AXIS2_PLACEMENT_3D('',#11205,#8949,#8950);
#8143=AXIS2_PLACEMENT_3D('',#11207,#8951,#8952);
#8144=AXIS2_PLACEMENT_3D('',#11209,#8953,#8954);
#8145=AXIS2_PLACEMENT_3D('',#11213,#8956,#8957);
#8146=AXIS2_PLACEMENT_3D('',#11217,#8959,#8960);
#8147=AXIS2_PLACEMENT_3D('',#11218,#8961,#8962);
#8148=AXIS2_PLACEMENT_3D('',#11227,#8967,#8968);
#8149=AXIS2_PLACEMENT_3D('',#11249,#8977,#8978);
#8150=AXIS2_PLACEMENT_3D('',#11251,#8979,#8980);
#8151=AXIS2_PLACEMENT_3D('',#11255,#8982,#8983);
#8152=AXIS2_PLACEMENT_3D('',#11259,#8985,#8986);
#8153=AXIS2_PLACEMENT_3D('',#11262,#8988,#8989);
#8154=AXIS2_PLACEMENT_3D('',#11268,#8993,#8994);
#8155=AXIS2_PLACEMENT_3D('',#11277,#8999,#9000);
#8156=AXIS2_PLACEMENT_3D('',#11286,#9005,#9006);
#8157=AXIS2_PLACEMENT_3D('',#11292,#9010,#9011);
#8158=AXIS2_PLACEMENT_3D('',#11298,#9015,#9016);
#8159=AXIS2_PLACEMENT_3D('',#11301,#9019,#9020);
#8160=AXIS2_PLACEMENT_3D('',#11306,#9024,#9025);
#8161=AXIS2_PLACEMENT_3D('',#11312,#9029,#9030);
#8162=AXIS2_PLACEMENT_3D('',#11316,#9032,#9033);
#8163=AXIS2_PLACEMENT_3D('',#11324,#9037,#9038);
#8164=AXIS2_PLACEMENT_3D('',#11332,#9042,#9043);
#8165=AXIS2_PLACEMENT_3D('',#11342,#9048,#9049);
#8166=AXIS2_PLACEMENT_3D('',#11352,#9054,#9055);
#8167=AXIS2_PLACEMENT_3D('',#11360,#9059,#9060);
#8168=AXIS2_PLACEMENT_3D('',#11365,#9063,#9064);
#8169=AXIS2_PLACEMENT_3D('',#11366,#9065,#9066);
#8170=AXIS2_PLACEMENT_3D('',#11375,#9072,#9073);
#8171=AXIS2_PLACEMENT_3D('',#11377,#9074,#9075);
#8172=AXIS2_PLACEMENT_3D('',#11383,#9079,#9080);
#8173=AXIS2_PLACEMENT_3D('',#11384,#9081,#9082);
#8174=AXIS2_PLACEMENT_3D('',#11390,#9086,#9087);
#8175=AXIS2_PLACEMENT_3D('',#11399,#9092,#9093);
#8176=AXIS2_PLACEMENT_3D('',#11401,#9094,#9095);
#8177=AXIS2_PLACEMENT_3D('',#11407,#9099,#9100);
#8178=AXIS2_PLACEMENT_3D('',#11408,#9101,#9102);
#8179=AXIS2_PLACEMENT_3D('',#11422,#9110,#9111);
#8180=AXIS2_PLACEMENT_3D('',#11443,#9116,#9117);
#8181=AXIS2_PLACEMENT_3D('',#11451,#9119,#9120);
#8182=AXIS2_PLACEMENT_3D('',#11461,#9125,#9126);
#8183=AXIS2_PLACEMENT_3D('',#11477,#9132,#9133);
#8184=AXIS2_PLACEMENT_3D('',#11479,#9134,#9135);
#8185=AXIS2_PLACEMENT_3D('',#11481,#9136,#9137);
#8186=AXIS2_PLACEMENT_3D('',#11482,#9138,#9139);
#8187=AXIS2_PLACEMENT_3D('',#11484,#9140,#9141);
#8188=AXIS2_PLACEMENT_3D('',#11486,#9142,#9143);
#8189=AXIS2_PLACEMENT_3D('',#11487,#9144,#9145);
#8190=AXIS2_PLACEMENT_3D('',#11493,#9147,#9148);
#8191=AXIS2_PLACEMENT_3D('',#11495,#9150,#9151);
#8192=AXIS2_PLACEMENT_3D('',#11496,#9152,#9153);
#8193=AXIS2_PLACEMENT_3D('',#11503,#9155,#9156);
#8194=AXIS2_PLACEMENT_3D('',#11510,#9161,#9162);
#8195=AXIS2_PLACEMENT_3D('',#11528,#9167,#9168);
#8196=AXIS2_PLACEMENT_3D('',#11537,#9171,#9172);
#8197=AXIS2_PLACEMENT_3D('',#11538,#9173,#9174);
#8198=AXIS2_PLACEMENT_3D('',#11544,#9175,#9176);
#8199=AXIS2_PLACEMENT_3D('',#11556,#9178,#9179);
#8200=AXIS2_PLACEMENT_3D('',#11561,#9183,#9184);
#8201=AXIS2_PLACEMENT_3D('',#11568,#9189,#9190);
#8202=AXIS2_PLACEMENT_3D('',#11574,#9194,#9195);
#8203=AXIS2_PLACEMENT_3D('',#11577,#9198,#9199);
#8204=AXIS2_PLACEMENT_3D('',#11581,#9202,#9203);
#8205=AXIS2_PLACEMENT_3D('',#11590,#9208,#9209);
#8206=AXIS2_PLACEMENT_3D('',#11599,#9214,#9215);
#8207=AXIS2_PLACEMENT_3D('',#11616,#9224,#9225);
#8208=AXIS2_PLACEMENT_3D('',#11625,#9230,#9231);
#8209=AXIS2_PLACEMENT_3D('',#11642,#9240,#9241);
#8210=AXIS2_PLACEMENT_3D('',#11651,#9246,#9247);
#8211=AXIS2_PLACEMENT_3D('',#11660,#9252,#9253);
#8212=AXIS2_PLACEMENT_3D('',#11661,#9254,#9255);
#8213=AXIS2_PLACEMENT_3D('',#11668,#9259,#9260);
#8214=AXIS2_PLACEMENT_3D('',#11669,#9261,#9262);
#8215=AXIS2_PLACEMENT_3D('',#11672,#9265,#9266);
#8216=AXIS2_PLACEMENT_3D('',#11677,#9267,#9268);
#8217=AXIS2_PLACEMENT_3D('',#11682,#9269,#9270);
#8218=AXIS2_PLACEMENT_3D('',#11687,#9271,#9272);
#8219=AXIS2_PLACEMENT_3D('',#11692,#9273,#9274);
#8220=AXIS2_PLACEMENT_3D('',#11694,#9276,#9277);
#8221=AXIS2_PLACEMENT_3D('',#11696,#9279,#9280);
#8222=AXIS2_PLACEMENT_3D('',#11699,#9283,#9284);
#8223=AXIS2_PLACEMENT_3D('',#11704,#9285,#9286);
#8224=AXIS2_PLACEMENT_3D('',#11706,#9288,#9289);
#8225=AXIS2_PLACEMENT_3D('',#11708,#9291,#9292);
#8226=AXIS2_PLACEMENT_3D('',#11710,#9294,#9295);
#8227=AXIS2_PLACEMENT_3D('',#11715,#9296,#9297);
#8228=AXIS2_PLACEMENT_3D('',#11717,#9299,#9300);
#8229=AXIS2_PLACEMENT_3D('',#11719,#9302,#9303);
#8230=AXIS2_PLACEMENT_3D('',#11721,#9305,#9306);
#8231=AXIS2_PLACEMENT_3D('',#11723,#9308,#9309);
#8232=AXIS2_PLACEMENT_3D('',#11725,#9311,#9312);
#8233=AXIS2_PLACEMENT_3D('',#11726,#9313,#9314);
#8234=AXIS2_PLACEMENT_3D('',#11729,#9317,#9318);
#8235=AXIS2_PLACEMENT_3D('',#11731,#9320,#9321);
#8236=AXIS2_PLACEMENT_3D('',#11734,#9324,#9325);
#8237=AXIS2_PLACEMENT_3D('',#11737,#9328,#9329);
#8238=AXIS2_PLACEMENT_3D('',#11739,#9331,#9332);
#8239=AXIS2_PLACEMENT_3D('',#11742,#9335,#9336);
#8240=AXIS2_PLACEMENT_3D('',#11744,#9338,#9339);
#8241=AXIS2_PLACEMENT_3D('',#11746,#9341,#9342);
#8242=AXIS2_PLACEMENT_3D('',#11748,#9344,#9345);
#8243=AXIS2_PLACEMENT_3D('',#11750,#9347,#9348);
#8244=AXIS2_PLACEMENT_3D('',#11752,#9350,#9351);
#8245=AXIS2_PLACEMENT_3D('',#11754,#9353,#9354);
#8246=AXIS2_PLACEMENT_3D('',#11757,#9357,#9358);
#8247=AXIS2_PLACEMENT_3D('',#11760,#9361,#9362);
#8248=AXIS2_PLACEMENT_3D('',#11762,#9364,#9365);
#8249=AXIS2_PLACEMENT_3D('',#11764,#9367,#9368);
#8250=AXIS2_PLACEMENT_3D('',#11766,#9370,#9371);
#8251=AXIS2_PLACEMENT_3D('',#11768,#9373,#9374);
#8252=AXIS2_PLACEMENT_3D('',#11770,#9376,#9377);
#8253=AXIS2_PLACEMENT_3D('',#11772,#9379,#9380);
#8254=AXIS2_PLACEMENT_3D('',#11775,#9383,#9384);
#8255=AXIS2_PLACEMENT_3D('',#11777,#9386,#9387);
#8256=AXIS2_PLACEMENT_3D('',#11779,#9389,#9390);
#8257=AXIS2_PLACEMENT_3D('',#11782,#9393,#9394);
#8258=AXIS2_PLACEMENT_3D('',#11784,#9396,#9397);
#8259=AXIS2_PLACEMENT_3D('',#11787,#9400,#9401);
#8260=AXIS2_PLACEMENT_3D('',#11789,#9403,#9404);
#8261=AXIS2_PLACEMENT_3D('',#11791,#9406,#9407);
#8262=AXIS2_PLACEMENT_3D('',#11793,#9409,#9410);
#8263=AXIS2_PLACEMENT_3D('',#11795,#9412,#9413);
#8264=AXIS2_PLACEMENT_3D('',#11797,#9415,#9416);
#8265=AXIS2_PLACEMENT_3D('',#11799,#9418,#9419);
#8266=AXIS2_PLACEMENT_3D('',#11801,#9421,#9422);
#8267=AXIS2_PLACEMENT_3D('',#11803,#9424,#9425);
#8268=AXIS2_PLACEMENT_3D('',#11808,#9426,#9427);
#8269=AXIS2_PLACEMENT_3D('',#11810,#9429,#9430);
#8270=AXIS2_PLACEMENT_3D('',#11812,#9432,#9433);
#8271=AXIS2_PLACEMENT_3D('',#11814,#9435,#9436);
#8272=AXIS2_PLACEMENT_3D('',#11816,#9438,#9439);
#8273=AXIS2_PLACEMENT_3D('',#11818,#9441,#9442);
#8274=AXIS2_PLACEMENT_3D('',#11821,#9445,#9446);
#8275=AXIS2_PLACEMENT_3D('',#11824,#9449,#9450);
#8276=AXIS2_PLACEMENT_3D('',#11826,#9452,#9453);
#8277=AXIS2_PLACEMENT_3D('',#11828,#9455,#9456);
#8278=AXIS2_PLACEMENT_3D('',#11830,#9458,#9459);
#8279=AXIS2_PLACEMENT_3D('',#11832,#9461,#9462);
#8280=AXIS2_PLACEMENT_3D('',#11834,#9464,#9465);
#8281=AXIS2_PLACEMENT_3D('',#11836,#9467,#9468);
#8282=AXIS2_PLACEMENT_3D('',#11839,#9471,#9472);
#8283=AXIS2_PLACEMENT_3D('',#11844,#9473,#9474);
#8284=AXIS2_PLACEMENT_3D('',#11846,#9476,#9477);
#8285=AXIS2_PLACEMENT_3D('',#11848,#9479,#9480);
#8286=AXIS2_PLACEMENT_3D('',#11850,#9482,#9483);
#8287=AXIS2_PLACEMENT_3D('',#11852,#9485,#9486);
#8288=AXIS2_PLACEMENT_3D('',#11857,#9487,#9488);
#8289=AXIS2_PLACEMENT_3D('',#11865,#9493,#9494);
#8290=AXIS2_PLACEMENT_3D('',#11870,#9495,#9496);
#8291=AXIS2_PLACEMENT_3D('',#11873,#9499,#9500);
#8292=AXIS2_PLACEMENT_3D('',#11875,#9502,#9503);
#8293=AXIS2_PLACEMENT_3D('',#11886,#9505,#9506);
#8294=AXIS2_PLACEMENT_3D('',#11888,#9508,#9509);
#8295=AXIS2_PLACEMENT_3D('',#11890,#9511,#9512);
#8296=AXIS2_PLACEMENT_3D('',#11892,#9514,#9515);
#8297=AXIS2_PLACEMENT_3D('',#11897,#9516,#9517);
#8298=AXIS2_PLACEMENT_3D('',#11899,#9519,#9520);
#8299=AXIS2_PLACEMENT_3D('',#11901,#9522,#9523);
#8300=AXIS2_PLACEMENT_3D('',#11910,#9524,#9525);
#8301=AXIS2_PLACEMENT_3D('',#11922,#9527,#9528);
#8302=AXIS2_PLACEMENT_3D('',#11924,#9530,#9531);
#8303=AXIS2_PLACEMENT_3D('',#11927,#9534,#9535);
#8304=AXIS2_PLACEMENT_3D('',#11929,#9537,#9538);
#8305=AXIS2_PLACEMENT_3D('',#11931,#9540,#9541);
#8306=AXIS2_PLACEMENT_3D('',#11933,#9543,#9544);
#8307=AXIS2_PLACEMENT_3D('',#11938,#9545,#9546);
#8308=AXIS2_PLACEMENT_3D('',#11940,#9548,#9549);
#8309=AXIS2_PLACEMENT_3D('',#11942,#9551,#9552);
#8310=AXIS2_PLACEMENT_3D('',#11944,#9554,#9555);
#8311=AXIS2_PLACEMENT_3D('',#11949,#9559,#9560);
#8312=AXIS2_PLACEMENT_3D('',#11951,#9562,#9563);
#8313=AXIS2_PLACEMENT_3D('',#11953,#9565,#9566);
#8314=AXIS2_PLACEMENT_3D('',#11955,#9568,#9569);
#8315=AXIS2_PLACEMENT_3D('',#11957,#9571,#9572);
#8316=AXIS2_PLACEMENT_3D('',#11959,#9574,#9575);
#8317=AXIS2_PLACEMENT_3D('',#11961,#9577,#9578);
#8318=AXIS2_PLACEMENT_3D('',#11966,#9579,#9580);
#8319=AXIS2_PLACEMENT_3D('',#11969,#9583,#9584);
#8320=AXIS2_PLACEMENT_3D('',#11971,#9586,#9587);
#8321=AXIS2_PLACEMENT_3D('',#11973,#9589,#9590);
#8322=AXIS2_PLACEMENT_3D('',#11975,#9592,#9593);
#8323=AXIS2_PLACEMENT_3D('',#11977,#9595,#9596);
#8324=AXIS2_PLACEMENT_3D('',#11979,#9598,#9599);
#8325=AXIS2_PLACEMENT_3D('',#11981,#9601,#9602);
#8326=AXIS2_PLACEMENT_3D('',#11984,#9605,#9606);
#8327=AXIS2_PLACEMENT_3D('',#11986,#9608,#9609);
#8328=AXIS2_PLACEMENT_3D('',#11988,#9611,#9612);
#8329=AXIS2_PLACEMENT_3D('',#11990,#9614,#9615);
#8330=AXIS2_PLACEMENT_3D('',#11992,#9617,#9618);
#8331=AXIS2_PLACEMENT_3D('',#11997,#9619,#9620);
#8332=AXIS2_PLACEMENT_3D('',#11999,#9622,#9623);
#8333=AXIS2_PLACEMENT_3D('',#12001,#9625,#9626);
#8334=AXIS2_PLACEMENT_3D('',#12003,#9628,#9629);
#8335=AXIS2_PLACEMENT_3D('',#12005,#9631,#9632);
#8336=AXIS2_PLACEMENT_3D('',#12007,#9634,#9635);
#8337=AXIS2_PLACEMENT_3D('',#12013,#9637,#9638);
#8338=AXIS2_PLACEMENT_3D('',#12015,#9640,#9641);
#8339=AXIS2_PLACEMENT_3D('',#12018,#9644,#9645);
#8340=AXIS2_PLACEMENT_3D('',#12023,#9646,#9647);
#8341=AXIS2_PLACEMENT_3D('',#12028,#9648,#9649);
#8342=AXIS2_PLACEMENT_3D('',#12030,#9651,#9652);
#8343=AXIS2_PLACEMENT_3D('',#12032,#9654,#9655);
#8344=AXIS2_PLACEMENT_3D('',#12034,#9657,#9658);
#8345=AXIS2_PLACEMENT_3D('',#12039,#9659,#9660);
#8346=AXIS2_PLACEMENT_3D('',#12041,#9662,#9663);
#8347=AXIS2_PLACEMENT_3D('',#12043,#9665,#9666);
#8348=AXIS2_PLACEMENT_3D('',#12048,#9667,#9668);
#8349=AXIS2_PLACEMENT_3D('',#12059,#9671,#9672);
#8350=AXIS2_PLACEMENT_3D('',#12061,#9674,#9675);
#8351=AXIS2_PLACEMENT_3D('',#12063,#9677,#9678);
#8352=AXIS2_PLACEMENT_3D('',#12065,#9680,#9681);
#8353=AXIS2_PLACEMENT_3D('',#12067,#9683,#9684);
#8354=AXIS2_PLACEMENT_3D('',#12069,#9686,#9687);
#8355=AXIS2_PLACEMENT_3D('',#12074,#9688,#9689);
#8356=AXIS2_PLACEMENT_3D('',#12076,#9691,#9692);
#8357=AXIS2_PLACEMENT_3D('',#12078,#9694,#9695);
#8358=AXIS2_PLACEMENT_3D('',#12080,#9697,#9698);
#8359=AXIS2_PLACEMENT_3D('',#12082,#9700,#9701);
#8360=AXIS2_PLACEMENT_3D('',#12084,#9703,#9704);
#8361=AXIS2_PLACEMENT_3D('',#12091,#9707,#9708);
#8362=AXIS2_PLACEMENT_3D('',#12096,#9709,#9710);
#8363=AXIS2_PLACEMENT_3D('',#12099,#9713,#9714);
#8364=AXIS2_PLACEMENT_3D('',#12101,#9716,#9717);
#8365=AXIS2_PLACEMENT_3D('',#12103,#9719,#9720);
#8366=AXIS2_PLACEMENT_3D('',#12105,#9722,#9723);
#8367=AXIS2_PLACEMENT_3D('',#12110,#9724,#9725);
#8368=AXIS2_PLACEMENT_3D('',#12115,#9726,#9727);
#8369=AXIS2_PLACEMENT_3D('',#12117,#9729,#9730);
#8370=AXIS2_PLACEMENT_3D('',#12119,#9732,#9733);
#8371=AXIS2_PLACEMENT_3D('',#12121,#9735,#9736);
#8372=AXIS2_PLACEMENT_3D('',#12123,#9738,#9739);
#8373=AXIS2_PLACEMENT_3D('',#12125,#9741,#9742);
#8374=AXIS2_PLACEMENT_3D('',#12126,#9743,#9744);
#8375=AXIS2_PLACEMENT_3D('',#12127,#9745,#9746);
#8376=AXIS2_PLACEMENT_3D('',#12129,#9748,#9749);
#8377=AXIS2_PLACEMENT_3D('',#12131,#9751,#9752);
#8378=AXIS2_PLACEMENT_3D('',#12133,#9754,#9755);
#8379=AXIS2_PLACEMENT_3D('',#12135,#9757,#9758);
#8380=AXIS2_PLACEMENT_3D('',#12137,#9760,#9761);
#8381=AXIS2_PLACEMENT_3D('',#12139,#9763,#9764);
#8382=AXIS2_PLACEMENT_3D('',#12141,#9766,#9767);
#8383=AXIS2_PLACEMENT_3D('',#12143,#9769,#9770);
#8384=AXIS2_PLACEMENT_3D('',#12145,#9772,#9773);
#8385=AXIS2_PLACEMENT_3D('',#12146,#9774,#9775);
#8386=AXIS2_PLACEMENT_3D('',#12148,#9777,#9778);
#8387=AXIS2_PLACEMENT_3D('',#12149,#9779,#9780);
#8388=AXIS2_PLACEMENT_3D('',#12151,#9782,#9783);
#8389=AXIS2_PLACEMENT_3D('',#12153,#9785,#9786);
#8390=AXIS2_PLACEMENT_3D('',#12162,#9787,#9788);
#8391=AXIS2_PLACEMENT_3D('',#12163,#9789,#9790);
#8392=AXIS2_PLACEMENT_3D('',#12165,#9792,#9793);
#8393=AXIS2_PLACEMENT_3D('',#12167,#9795,#9796);
#8394=AXIS2_PLACEMENT_3D('',#12169,#9798,#9799);
#8395=AXIS2_PLACEMENT_3D('',#12179,#9801,#9802);
#8396=AXIS2_PLACEMENT_3D('',#12180,#9803,#9804);
#8397=AXIS2_PLACEMENT_3D('',#12181,#9805,#9806);
#8398=AXIS2_PLACEMENT_3D('',#12182,#9807,#9808);
#8399=AXIS2_PLACEMENT_3D('',#12192,#9813,#9814);
#8400=AXIS2_PLACEMENT_3D('',#12200,#9818,#9819);
#8401=AXIS2_PLACEMENT_3D('',#12212,#9825,#9826);
#8402=AXIS2_PLACEMENT_3D('',#12218,#9829,#9830);
#8403=AXIS2_PLACEMENT_3D('',#12230,#9836,#9837);
#8404=AXIS2_PLACEMENT_3D('',#12242,#9843,#9844);
#8405=AXIS2_PLACEMENT_3D('',#12245,#9846,#9847);
#8406=AXIS2_PLACEMENT_3D('',#12260,#9855,#9856);
#8407=AXIS2_PLACEMENT_3D('',#12272,#9862,#9863);
#8408=AXIS2_PLACEMENT_3D('',#12278,#9866,#9867);
#8409=AXIS2_PLACEMENT_3D('',#12279,#9868,#9869);
#8410=AXIS2_PLACEMENT_3D('',#12283,#9871,#9872);
#8411=AXIS2_PLACEMENT_3D('',#12299,#9880,#9881);
#8412=AXIS2_PLACEMENT_3D('',#12307,#9885,#9886);
#8413=AXIS2_PLACEMENT_3D('',#12319,#9892,#9893);
#8414=AXIS2_PLACEMENT_3D('',#12333,#9900,#9901);
#8415=AXIS2_PLACEMENT_3D('',#12345,#9907,#9908);
#8416=AXIS2_PLACEMENT_3D('',#12346,#9909,#9910);
#8417=AXIS2_PLACEMENT_3D('',#12379,#9912,#9913);
#8418=AXIS2_PLACEMENT_3D('',#12383,#9915,#9916);
#8419=AXIS2_PLACEMENT_3D('',#12387,#9918,#9919);
#8420=AXIS2_PLACEMENT_3D('',#12401,#9921,#9922);
#8421=AXIS2_PLACEMENT_3D('',#12402,#9923,#9924);
#8422=AXIS2_PLACEMENT_3D('',#12411,#9929,#9930);
#8423=AXIS2_PLACEMENT_3D('',#12415,#9932,#9933);
#8424=AXIS2_PLACEMENT_3D('',#12419,#9935,#9936);
#8425=AXIS2_PLACEMENT_3D('',#12420,#9937,#9938);
#8426=AXIS2_PLACEMENT_3D('',#12429,#9943,#9944);
#8427=AXIS2_PLACEMENT_3D('',#12446,#9953,#9954);
#8428=AXIS2_PLACEMENT_3D('',#12448,#9955,#9956);
#8429=AXIS2_PLACEMENT_3D('',#12450,#9957,#9958);
#8430=AXIS2_PLACEMENT_3D('',#12459,#9963,#9964);
#8431=AXIS2_PLACEMENT_3D('',#12460,#9965,#9966);
#8432=AXIS2_PLACEMENT_3D('',#12463,#9968,#9969);
#8433=AXIS2_PLACEMENT_3D('',#12467,#9971,#9972);
#8434=AXIS2_PLACEMENT_3D('',#12468,#9973,#9974);
#8435=AXIS2_PLACEMENT_3D('',#12469,#9975,#9976);
#8436=AXIS2_PLACEMENT_3D('',#12474,#9978,#9979);
#8437=AXIS2_PLACEMENT_3D('',#12501,#9981,#9982);
#8438=AXIS2_PLACEMENT_3D('',#12514,#9989,#9990);
#8439=AXIS2_PLACEMENT_3D('',#12516,#9991,#9992);
#8440=AXIS2_PLACEMENT_3D('',#12525,#9997,#9998);
#8441=AXIS2_PLACEMENT_3D('',#12534,#10003,#10004);
#8442=AXIS2_PLACEMENT_3D('',#12543,#10009,#10010);
#8443=AXIS2_PLACEMENT_3D('',#12545,#10011,#10012);
#8444=AXIS2_PLACEMENT_3D('',#12554,#10017,#10018);
#8445=AXIS2_PLACEMENT_3D('',#12563,#10023,#10024);
#8446=AXIS2_PLACEMENT_3D('',#12564,#10025,#10026);
#8447=AXIS2_PLACEMENT_3D('',#12569,#10028,#10029);
#8448=AXIS2_PLACEMENT_3D('',#12572,#10031,#10032);
#8449=AXIS2_PLACEMENT_3D('',#12585,#10037,#10038);
#8450=AXIS2_PLACEMENT_3D('',#12587,#10039,#10040);
#8451=AXIS2_PLACEMENT_3D('',#12596,#10045,#10046);
#8452=AXIS2_PLACEMENT_3D('',#12597,#10047,#10048);
#8453=AXIS2_PLACEMENT_3D('',#12602,#10050,#10051);
#8454=AXIS2_PLACEMENT_3D('',#12605,#10053,#10054);
#8455=AXIS2_PLACEMENT_3D('',#12614,#10059,#10060);
#8456=AXIS2_PLACEMENT_3D('',#12616,#10061,#10062);
#8457=AXIS2_PLACEMENT_3D('',#12617,#10063,#10064);
#8458=AXIS2_PLACEMENT_3D('',#12622,#10066,#10067);
#8459=AXIS2_PLACEMENT_3D('',#12625,#10069,#10070);
#8460=AXIS2_PLACEMENT_3D('',#12634,#10075,#10076);
#8461=AXIS2_PLACEMENT_3D('',#12643,#10081,#10082);
#8462=AXIS2_PLACEMENT_3D('',#12644,#10083,#10084);
#8463=AXIS2_PLACEMENT_3D('',#12645,#10085,#10086);
#8464=AXIS2_PLACEMENT_3D('',#12646,#10087,#10088);
#8465=AXIS2_PLACEMENT_3D('',#12648,#10089,#10090);
#8466=AXIS2_PLACEMENT_3D('',#12649,#10091,#10092);
#8467=AXIS2_PLACEMENT_3D('',#12650,#10093,#10094);
#8468=AXIS2_PLACEMENT_3D('',#12652,#10095,#10096);
#8469=AXIS2_PLACEMENT_3D('',#12653,#10097,#10098);
#8470=AXIS2_PLACEMENT_3D('',#12654,#10099,#10100);
#8471=AXIS2_PLACEMENT_3D('',#12656,#10101,#10102);
#8472=AXIS2_PLACEMENT_3D('',#12657,#10103,#10104);
#8473=AXIS2_PLACEMENT_3D('',#12658,#10105,#10106);
#8474=AXIS2_PLACEMENT_3D('',#12660,#10107,#10108);
#8475=AXIS2_PLACEMENT_3D('',#12661,#10109,#10110);
#8476=AXIS2_PLACEMENT_3D('',#12667,#10114,#10115);
#8477=AXIS2_PLACEMENT_3D('',#12681,#10122,#10123);
#8478=AXIS2_PLACEMENT_3D('',#12686,#10126,#10127);
#8479=AXIS2_PLACEMENT_3D('',#12698,#10135,#10136);
#8480=AXIS2_PLACEMENT_3D('',#12705,#10138,#10139);
#8481=AXIS2_PLACEMENT_3D('',#12716,#10143,#10144);
#8482=AXIS2_PLACEMENT_3D('',#12721,#10147,#10148);
#8483=AXIS2_PLACEMENT_3D('',#12731,#10153,#10154);
#8484=AXIS2_PLACEMENT_3D('',#12734,#10156,#10157);
#8485=AXIS2_PLACEMENT_3D('',#12736,#10158,#10159);
#8486=AXIS2_PLACEMENT_3D('',#12738,#10160,#10161);
#8487=AXIS2_PLACEMENT_3D('',#12739,#10162,#10163);
#8488=AXIS2_PLACEMENT_3D('',#12741,#10164,#10165);
#8489=AXIS2_PLACEMENT_3D('',#12743,#10166,#10167);
#8490=AXIS2_PLACEMENT_3D('',#12744,#10168,#10169);
#8491=AXIS2_PLACEMENT_3D('',#12750,#10173,#10174);
#8492=AXIS2_PLACEMENT_3D('',#12756,#10178,#10179);
#8493=AXIS2_PLACEMENT_3D('',#12759,#10182,#10183);
#8494=AXIS2_PLACEMENT_3D('',#12761,#10185,#10186);
#8495=AXIS2_PLACEMENT_3D('',#12763,#10188,#10189);
#8496=AXIS2_PLACEMENT_3D('',#12764,#10190,#10191);
#8497=AXIS2_PLACEMENT_3D('',#12767,#10194,#10195);
#8498=AXIS2_PLACEMENT_3D('',#12769,#10197,#10198);
#8499=AXIS2_PLACEMENT_3D('',#12771,#10200,#10201);
#8500=AXIS2_PLACEMENT_3D('',#12772,#10202,#10203);
#8501=AXIS2_PLACEMENT_3D('',#12779,#10206,#10207);
#8502=AXIS2_PLACEMENT_3D('',#12781,#10209,#10210);
#8503=AXIS2_PLACEMENT_3D('',#12783,#10212,#10213);
#8504=AXIS2_PLACEMENT_3D('',#12788,#10214,#10215);
#8505=AXIS2_PLACEMENT_3D('',#12794,#10217,#10218);
#8506=AXIS2_PLACEMENT_3D('',#12797,#10221,#10222);
#8507=AXIS2_PLACEMENT_3D('',#12800,#10225,#10226);
#8508=AXIS2_PLACEMENT_3D('',#12802,#10228,#10229);
#8509=AXIS2_PLACEMENT_3D('',#12807,#10230,#10231);
#8510=AXIS2_PLACEMENT_3D('',#12809,#10233,#10234);
#8511=AXIS2_PLACEMENT_3D('',#12811,#10236,#10237);
#8512=AXIS2_PLACEMENT_3D('',#12813,#10239,#10240);
#8513=AXIS2_PLACEMENT_3D('',#12815,#10242,#10243);
#8514=AXIS2_PLACEMENT_3D('',#12817,#10245,#10246);
#8515=AXIS2_PLACEMENT_3D('',#12819,#10248,#10249);
#8516=AXIS2_PLACEMENT_3D('',#12822,#10252,#10253);
#8517=AXIS2_PLACEMENT_3D('',#12825,#10256,#10257);
#8518=AXIS2_PLACEMENT_3D('',#12827,#10259,#10260);
#8519=AXIS2_PLACEMENT_3D('',#12829,#10262,#10263);
#8520=AXIS2_PLACEMENT_3D('',#12831,#10265,#10266);
#8521=AXIS2_PLACEMENT_3D('',#12833,#10268,#10269);
#8522=AXIS2_PLACEMENT_3D('',#12835,#10271,#10272);
#8523=AXIS2_PLACEMENT_3D('',#12838,#10275,#10276);
#8524=AXIS2_PLACEMENT_3D('',#12841,#10279,#10280);
#8525=AXIS2_PLACEMENT_3D('',#12844,#10283,#10284);
#8526=AXIS2_PLACEMENT_3D('',#12846,#10286,#10287);
#8527=AXIS2_PLACEMENT_3D('',#12852,#10289,#10290);
#8528=AXIS2_PLACEMENT_3D('',#12855,#10293,#10294);
#8529=AXIS2_PLACEMENT_3D('',#12857,#10296,#10297);
#8530=AXIS2_PLACEMENT_3D('',#12859,#10299,#10300);
#8531=AXIS2_PLACEMENT_3D('',#12861,#10302,#10303);
#8532=AXIS2_PLACEMENT_3D('',#12867,#10305,#10306);
#8533=AXIS2_PLACEMENT_3D('',#12869,#10308,#10309);
#8534=AXIS2_PLACEMENT_3D('',#12872,#10312,#10313);
#8535=AXIS2_PLACEMENT_3D('',#12874,#10315,#10316);
#8536=AXIS2_PLACEMENT_3D('',#12876,#10318,#10319);
#8537=AXIS2_PLACEMENT_3D('',#12878,#10321,#10322);
#8538=AXIS2_PLACEMENT_3D('',#12880,#10324,#10325);
#8539=AXIS2_PLACEMENT_3D('',#12882,#10327,#10328);
#8540=AXIS2_PLACEMENT_3D('',#12884,#10330,#10331);
#8541=AXIS2_PLACEMENT_3D('',#12886,#10333,#10334);
#8542=AXIS2_PLACEMENT_3D('',#12888,#10336,#10337);
#8543=AXIS2_PLACEMENT_3D('',#12890,#10339,#10340);
#8544=AXIS2_PLACEMENT_3D('',#12895,#10341,#10342);
#8545=AXIS2_PLACEMENT_3D('',#12897,#10344,#10345);
#8546=AXIS2_PLACEMENT_3D('',#12899,#10347,#10348);
#8547=AXIS2_PLACEMENT_3D('',#12901,#10350,#10351);
#8548=AXIS2_PLACEMENT_3D('',#12906,#10352,#10353);
#8549=AXIS2_PLACEMENT_3D('',#12908,#10355,#10356);
#8550=AXIS2_PLACEMENT_3D('',#12910,#10358,#10359);
#8551=AXIS2_PLACEMENT_3D('',#12913,#10362,#10363);
#8552=AXIS2_PLACEMENT_3D('',#12925,#10365,#10366);
#8553=AXIS2_PLACEMENT_3D('',#12927,#10368,#10369);
#8554=AXIS2_PLACEMENT_3D('',#12933,#10371,#10372);
#8555=AXIS2_PLACEMENT_3D('',#12935,#10374,#10375);
#8556=AXIS2_PLACEMENT_3D('',#12937,#10377,#10378);
#8557=AXIS2_PLACEMENT_3D('',#12939,#10380,#10381);
#8558=AXIS2_PLACEMENT_3D('',#12941,#10383,#10384);
#8559=AXIS2_PLACEMENT_3D('',#12943,#10386,#10387);
#8560=AXIS2_PLACEMENT_3D('',#12948,#10388,#10389);
#8561=AXIS2_PLACEMENT_3D('',#12950,#10391,#10392);
#8562=AXIS2_PLACEMENT_3D('',#12956,#10394,#10395);
#8563=AXIS2_PLACEMENT_3D('',#12958,#10397,#10398);
#8564=AXIS2_PLACEMENT_3D('',#12960,#10400,#10401);
#8565=AXIS2_PLACEMENT_3D('',#12962,#10403,#10404);
#8566=AXIS2_PLACEMENT_3D('',#12964,#10406,#10407);
#8567=AXIS2_PLACEMENT_3D('',#12966,#10409,#10410);
#8568=AXIS2_PLACEMENT_3D('',#12968,#10412,#10413);
#8569=AXIS2_PLACEMENT_3D('',#12973,#10414,#10415);
#8570=AXIS2_PLACEMENT_3D('',#12975,#10417,#10418);
#8571=AXIS2_PLACEMENT_3D('',#12980,#10419,#10420);
#8572=AXIS2_PLACEMENT_3D('',#12983,#10423,#10424);
#8573=AXIS2_PLACEMENT_3D('',#12988,#10425,#10426);
#8574=AXIS2_PLACEMENT_3D('',#12993,#10427,#10428);
#8575=AXIS2_PLACEMENT_3D('',#12995,#10430,#10431);
#8576=AXIS2_PLACEMENT_3D('',#12997,#10433,#10434);
#8577=AXIS2_PLACEMENT_3D('',#13002,#10435,#10436);
#8578=AXIS2_PLACEMENT_3D('',#13005,#10439,#10440);
#8579=AXIS2_PLACEMENT_3D('',#13007,#10442,#10443);
#8580=AXIS2_PLACEMENT_3D('',#13012,#10444,#10445);
#8581=AXIS2_PLACEMENT_3D('',#13014,#10447,#10448);
#8582=AXIS2_PLACEMENT_3D('',#13016,#10450,#10451);
#8583=AXIS2_PLACEMENT_3D('',#13018,#10453,#10454);
#8584=AXIS2_PLACEMENT_3D('',#13023,#10455,#10456);
#8585=AXIS2_PLACEMENT_3D('',#13026,#10459,#10460);
#8586=AXIS2_PLACEMENT_3D('',#13028,#10462,#10463);
#8587=AXIS2_PLACEMENT_3D('',#13033,#10464,#10465);
#8588=AXIS2_PLACEMENT_3D('',#13035,#10467,#10468);
#8589=AXIS2_PLACEMENT_3D('',#13037,#10470,#10471);
#8590=AXIS2_PLACEMENT_3D('',#13039,#10473,#10474);
#8591=AXIS2_PLACEMENT_3D('',#13041,#10476,#10477);
#8592=AXIS2_PLACEMENT_3D('',#13044,#10480,#10481);
#8593=AXIS2_PLACEMENT_3D('',#13046,#10483,#10484);
#8594=AXIS2_PLACEMENT_3D('',#13048,#10486,#10487);
#8595=AXIS2_PLACEMENT_3D('',#13050,#10489,#10490);
#8596=AXIS2_PLACEMENT_3D('',#13052,#10492,#10493);
#8597=AXIS2_PLACEMENT_3D('',#13054,#10495,#10496);
#8598=AXIS2_PLACEMENT_3D('',#13056,#10498,#10499);
#8599=AXIS2_PLACEMENT_3D('',#13058,#10501,#10502);
#8600=AXIS2_PLACEMENT_3D('',#13060,#10504,#10505);
#8601=AXIS2_PLACEMENT_3D('',#13065,#10506,#10507);
#8602=AXIS2_PLACEMENT_3D('',#13067,#10509,#10510);
#8603=AXIS2_PLACEMENT_3D('',#13070,#10513,#10514);
#8604=AXIS2_PLACEMENT_3D('',#13082,#10516,#10517);
#8605=AXIS2_PLACEMENT_3D('',#13084,#10519,#10520);
#8606=AXIS2_PLACEMENT_3D('',#13086,#10522,#10523);
#8607=AXIS2_PLACEMENT_3D('',#13089,#10526,#10527);
#8608=AXIS2_PLACEMENT_3D('',#13091,#10529,#10530);
#8609=AXIS2_PLACEMENT_3D('',#13093,#10532,#10533);
#8610=AXIS2_PLACEMENT_3D('',#13095,#10535,#10536);
#8611=AXIS2_PLACEMENT_3D('',#13097,#10538,#10539);
#8612=AXIS2_PLACEMENT_3D('',#13102,#10540,#10541);
#8613=AXIS2_PLACEMENT_3D('',#13104,#10543,#10544);
#8614=AXIS2_PLACEMENT_3D('',#13106,#10546,#10547);
#8615=AXIS2_PLACEMENT_3D('',#13108,#10549,#10550);
#8616=AXIS2_PLACEMENT_3D('',#13110,#10552,#10553);
#8617=AXIS2_PLACEMENT_3D('',#13112,#10555,#10556);
#8618=AXIS2_PLACEMENT_3D('',#13114,#10558,#10559);
#8619=AXIS2_PLACEMENT_3D('',#13116,#10561,#10562);
#8620=AXIS2_PLACEMENT_3D('',#13118,#10564,#10565);
#8621=AXIS2_PLACEMENT_3D('',#13120,#10567,#10568);
#8622=AXIS2_PLACEMENT_3D('',#13122,#10570,#10571);
#8623=AXIS2_PLACEMENT_3D('',#13124,#10573,#10574);
#8624=AXIS2_PLACEMENT_3D('',#13126,#10576,#10577);
#8625=AXIS2_PLACEMENT_3D('',#13128,#10579,#10580);
#8626=AXIS2_PLACEMENT_3D('',#13129,#10581,#10582);
#8627=AXIS2_PLACEMENT_3D('',#13130,#10583,#10584);
#8628=AXIS2_PLACEMENT_3D('',#13131,#10585,#10586);
#8629=AXIS2_PLACEMENT_3D('',#13145,#10587,#10588);
#8630=AXIS2_PLACEMENT_3D('',#13159,#10589,#10590);
#8631=AXIS2_PLACEMENT_3D('',#13160,#10591,#10592);
#8632=AXIS2_PLACEMENT_3D('',#13175,#10594,#10595);
#8633=AXIS2_PLACEMENT_3D('',#13178,#10597,#10598);
#8634=AXIS2_PLACEMENT_3D('',#13183,#10600,#10601);
#8635=AXIS2_PLACEMENT_3D('',#13186,#10603,#10604);
#8636=AXIS2_PLACEMENT_3D('',#13191,#10606,#10607);
#8637=AXIS2_PLACEMENT_3D('',#13194,#10609,#10610);
#8638=AXIS2_PLACEMENT_3D('',#13196,#10611,#10612);
#8639=AXIS2_PLACEMENT_3D('',#13198,#10613,#10614);
#8640=AXIS2_PLACEMENT_3D('',#13199,#10615,#10616);
#8641=AXIS2_PLACEMENT_3D('',#13200,#10617,#10618);
#8642=AXIS2_PLACEMENT_3D('',#13202,#10619,#10620);
#8643=AXIS2_PLACEMENT_3D('',#13206,#10622,#10623);
#8644=AXIS2_PLACEMENT_3D('',#13211,#10626,#10627);
#8645=AXIS2_PLACEMENT_3D('',#13227,#10631,#10632);
#8646=AXIS2_PLACEMENT_3D('',#13228,#10633,#10634);
#8647=AXIS2_PLACEMENT_3D('',#13238,#10639,#10640);
#8648=AXIS2_PLACEMENT_3D('',#13254,#10644,#10645);
#8649=AXIS2_PLACEMENT_3D('',#13255,#10646,#10647);
#8650=AXIS2_PLACEMENT_3D('',#13257,#10649,#10650);
#8651=AXIS2_PLACEMENT_3D('',#13258,#10651,#10652);
#8652=AXIS2_PLACEMENT_3D('',#13260,#10653,#10654);
#8653=AXIS2_PLACEMENT_3D('',#13261,#10655,#10656);
#8654=AXIS2_PLACEMENT_3D('',#13270,#10657,#10658);
#8655=AXIS2_PLACEMENT_3D('',#13275,#10659,#10660);
#8656=AXIS2_PLACEMENT_3D('',#13280,#10661,#10662);
#8657=AXIS2_PLACEMENT_3D('',#13281,#10663,#10664);
#8658=AXIS2_PLACEMENT_3D('',#13284,#10667,#10668);
#8659=AXIS2_PLACEMENT_3D('',#13286,#10670,#10671);
#8660=AXIS2_PLACEMENT_3D('',#13288,#10673,#10674);
#8661=AXIS2_PLACEMENT_3D('',#13289,#10675,#10676);
#8662=AXIS2_PLACEMENT_3D('',#13293,#10678,#10679);
#8663=AXIS2_PLACEMENT_3D('',#13298,#10682,#10683);
#8664=AXIS2_PLACEMENT_3D('',#13314,#10687,#10688);
#8665=AXIS2_PLACEMENT_3D('',#13315,#10689,#10690);
#8666=AXIS2_PLACEMENT_3D('',#13325,#10695,#10696);
#8667=AXIS2_PLACEMENT_3D('',#13341,#10700,#10701);
#8668=AXIS2_PLACEMENT_3D('',#13342,#10702,#10703);
#8669=AXIS2_PLACEMENT_3D('',#13344,#10705,#10706);
#8670=AXIS2_PLACEMENT_3D('',#13345,#10707,#10708);
#8671=AXIS2_PLACEMENT_3D('',#13347,#10709,#10710);
#8672=AXIS2_PLACEMENT_3D('',#13348,#10711,#10712);
#8673=AXIS2_PLACEMENT_3D('',#13357,#10713,#10714);
#8674=AXIS2_PLACEMENT_3D('',#13362,#10715,#10716);
#8675=AXIS2_PLACEMENT_3D('',#13367,#10717,#10718);
#8676=AXIS2_PLACEMENT_3D('',#13368,#10719,#10720);
#8677=AXIS2_PLACEMENT_3D('',#13371,#10723,#10724);
#8678=AXIS2_PLACEMENT_3D('',#13373,#10726,#10727);
#8679=AXIS2_PLACEMENT_3D('',#13375,#10729,#10730);
#8680=AXIS2_PLACEMENT_3D('',#13376,#10731,#10732);
#8681=AXIS2_PLACEMENT_3D('',#13380,#10734,#10735);
#8682=AXIS2_PLACEMENT_3D('',#13385,#10738,#10739);
#8683=AXIS2_PLACEMENT_3D('',#13394,#10744,#10745);
#8684=AXIS2_PLACEMENT_3D('',#13395,#10746,#10747);
#8685=AXIS2_PLACEMENT_3D('',#13402,#10751,#10752);
#8686=AXIS2_PLACEMENT_3D('',#13416,#10755,#10756);
#8687=AXIS2_PLACEMENT_3D('',#13419,#10758,#10759);
#8688=AXIS2_PLACEMENT_3D('',#13420,#10760,#10761);
#8689=AXIS2_PLACEMENT_3D('',#13422,#10762,#10763);
#8690=AXIS2_PLACEMENT_3D('',#13424,#10764,#10765);
#8691=AXIS2_PLACEMENT_3D('',#13425,#10766,#10767);
#8692=AXIS2_PLACEMENT_3D('',#13434,#10768,#10769);
#8693=AXIS2_PLACEMENT_3D('',#13437,#10772,#10773);
#8694=AXIS2_PLACEMENT_3D('',#13442,#10774,#10775);
#8695=AXIS2_PLACEMENT_3D('',#13444,#10777,#10778);
#8696=AXIS2_PLACEMENT_3D('',#13446,#10780,#10781);
#8697=AXIS2_PLACEMENT_3D('',#13461,#10784,#10785);
#8698=AXIS2_PLACEMENT_3D('',#13462,#10786,#10787);
#8699=DIRECTION('',(0.,0.,1.));
#8700=DIRECTION('',(1.,0.,0.));
#8701=DIRECTION('',(-9.52530923270909E-17,0.,1.));
#8702=DIRECTION('',(1.,0.,9.52530923270909E-17));
#8703=DIRECTION('',(1.,0.,9.52530923270909E-17));
#8704=DIRECTION('',(0.,-1.,0.));
#8705=DIRECTION('',(0.707106781186548,0.707106781186547,6.73541075134743E-17));
#8706=DIRECTION('',(0.707106781186548,0.707106781186547,6.73541075134743E-17));
#8707=DIRECTION('',(-1.,0.,-9.52530923270909E-17));
#8708=DIRECTION('',(0.,-1.,0.));
#8709=DIRECTION('',(0.764426556485927,0.644710818692433,7.28139933622342E-17));
#8710=DIRECTION('',(1.,0.,9.52530923270909E-17));
#8711=DIRECTION('',(-0.707106781186547,0.707106781186548,-6.73541075134743E-17));
#8712=DIRECTION('',(0.,-1.,0.));
#8713=DIRECTION('',(-0.707106781186549,-0.707106781186546,-6.73541075134744E-17));
#8714=DIRECTION('',(-3.82856869892695E-16,0.,1.));
#8715=DIRECTION('',(1.,0.,3.82856869892695E-16));
#8716=DIRECTION('',(-3.82856869892695E-16,0.,1.));
#8717=DIRECTION('',(1.,0.,3.82856869892695E-16));
#8718=DIRECTION('',(-0.362438038283702,-0.932007869282799,-1.38761892867347E-16));
#8719=DIRECTION('',(-2.90426059209423E-16,1.,-1.1119161196419E-31));
#8720=DIRECTION('',(1.,0.,3.82856869892695E-16));
#8721=DIRECTION('',(1.7590302816671E-16,-1.,6.73456827685531E-32));
#8722=DIRECTION('',(-0.67559020761566,-0.737277336810124,-2.58654352217888E-16));
#8723=DIRECTION('',(0.362438038283702,0.932007869282799,1.38761892867347E-16));
#8724=DIRECTION('',(0.,-1.,0.));
#8725=DIRECTION('',(-1.,0.,-3.82856869892695E-16));
#8726=DIRECTION('',(0.,1.,0.));
#8727=DIRECTION('',(0.67559020761566,0.737277336810124,2.58654352217888E-16));
#8728=DIRECTION('',(1.,0.,3.82856869892695E-16));
#8729=DIRECTION('',(3.82856869892695E-16,0.,-1.));
#8730=DIRECTION('',(0.,-1.,0.));
#8731=DIRECTION('',(-2.10976491940058E-16,-0.834466683671134,0.551058394222336));
#8732=DIRECTION('',(-3.82856869892695E-16,0.,1.));
#8733=DIRECTION('',(0.,1.,0.));
#8734=DIRECTION('',(-3.82856869892695E-16,-2.75352932694731E-16,1.));
#8735=DIRECTION('',(0.,1.,0.));
#8736=DIRECTION('',(3.82856869892695E-16,0.,-1.));
#8737=DIRECTION('',(-2.7072068892498E-16,-0.707106781186549,0.707106781186547));
#8738=DIRECTION('',(-2.7072068892498E-16,-0.707106781186549,0.707106781186547));
#8739=DIRECTION('',(0.,1.,0.));
#8740=DIRECTION('',(3.82856869892695E-16,0.,-1.));
#8741=DIRECTION('',(0.,-1.,0.));
#8742=DIRECTION('',(-2.7072068892498E-16,0.707106781186549,0.707106781186546));
#8743=DIRECTION('',(-2.7072068892498E-16,0.707106781186549,0.707106781186546));
#8744=DIRECTION('',(3.82856869892695E-16,0.,-1.));
#8745=DIRECTION('',(0.,-1.,0.));
#8746=DIRECTION('',(1.,0.,0.));
#8747=DIRECTION('',(0.,-1.,0.));
#8748=DIRECTION('',(-1.,0.,0.));
#8749=DIRECTION('',(-3.82856869892695E-16,0.,1.));
#8750=DIRECTION('',(1.,0.,3.82856869892695E-16));
#8751=DIRECTION('',(-0.707106781186548,0.,-0.707106781186548));
#8752=DIRECTION('',(-0.707106781186548,0.,-0.707106781186548));
#8753=DIRECTION('',(-3.82856869892695E-16,0.,1.));
#8754=DIRECTION('',(0.707106781186547,0.,-0.707106781186548));
#8755=DIRECTION('',(0.707106781186547,0.,-0.707106781186548));
#8756=DIRECTION('',(-1.,0.,-3.82856869892695E-16));
#8757=DIRECTION('',(-3.82856869892695E-16,0.,1.));
#8758=DIRECTION('',(0.537299608346824,0.,0.843391445812886));
#8759=DIRECTION('',(1.,0.,9.52530923270909E-17));
#8760=DIRECTION('',(9.52530923270909E-17,0.,-1.));
#8761=DIRECTION('',(-1.,0.,-3.82856869892695E-16));
#8762=DIRECTION('',(-0.707106781186547,0.,-0.707106781186548));
#8763=DIRECTION('',(-3.82856869892695E-16,0.,1.));
#8764=DIRECTION('',(0.,1.,0.));
#8765=DIRECTION('',(1.,0.,0.));
#8766=DIRECTION('',(0.,1.,0.));
#8767=DIRECTION('',(0.,1.,0.));
#8768=DIRECTION('',(1.,0.,0.));
#8769=DIRECTION('',(-0.707106781186547,-0.389657127384384,-0.59005705069811));
#8770=DIRECTION('',(-0.299176073739372,0.920960000802722,-0.249652466087045));
#8771=DIRECTION('',(0.707106781186548,-0.707106781186548,2.70720688924981E-16));
#8772=DIRECTION('',(0.707106781186548,0.707106781186548,2.70720688924981E-16));
#8773=DIRECTION('',(0.,1.,0.));
#8774=DIRECTION('',(0.,1.,0.));
#8775=DIRECTION('',(1.,0.,0.));
#8776=DIRECTION('',(0.,1.,0.));
#8777=DIRECTION('',(0.,-1.,0.));
#8778=DIRECTION('',(-1.,0.,0.));
#8779=DIRECTION('',(-9.52530923270909E-17,0.,1.));
#8780=DIRECTION('',(1.,0.,9.52530923270909E-17));
#8781=DIRECTION('',(0.,1.,0.));
#8782=DIRECTION('',(-1.,0.,-9.52530923270909E-17));
#8783=DIRECTION('',(0.,-1.,0.));
#8784=DIRECTION('',(1.,0.,9.52530923270909E-17));
#8785=DIRECTION('',(-3.82856869892695E-16,0.,1.));
#8786=DIRECTION('',(1.,0.,3.82856869892695E-16));
#8787=DIRECTION('',(0.362438038283702,0.932007869282799,1.38761892867347E-16));
#8788=DIRECTION('',(-0.67559020761566,-0.737277336810124,-2.58654352217888E-16));
#8789=DIRECTION('',(0.,-1.,0.));
#8790=DIRECTION('',(1.,0.,3.82856869892695E-16));
#8791=DIRECTION('',(0.,1.,0.));
#8792=DIRECTION('',(-0.362438038283702,-0.932007869282799,-1.38761892867347E-16));
#8793=DIRECTION('',(0.67559020761566,0.737277336810124,2.58654352217888E-16));
#8794=DIRECTION('',(-1.7590302816671E-16,1.,-6.73456827685531E-32));
#8795=DIRECTION('',(-1.,0.,-3.82856869892695E-16));
#8796=DIRECTION('',(2.90426059209423E-16,-1.,1.1119161196419E-31));
#8797=DIRECTION('',(0.,1.,0.));
#8798=DIRECTION('',(1.,0.,0.));
#8799=DIRECTION('',(1.,0.,9.52530923270909E-17));
#8800=DIRECTION('',(9.52530923270909E-17,0.,-1.));
#8801=DIRECTION('',(0.537299608346824,0.,0.843391445812886));
#8802=DIRECTION('',(1.,0.,0.));
#8803=DIRECTION('',(1.23611797467557E-16,0.,1.));
#8804=DIRECTION('',(0.537299608346824,0.,0.843391445812886));
#8805=DIRECTION('',(0.,1.,0.));
#8806=DIRECTION('',(1.,0.,0.));
#8807=DIRECTION('',(0.,-1.,0.));
#8808=DIRECTION('',(1.,0.,0.));
#8809=DIRECTION('',(-1.,0.,-6.06467796508735E-17));
#8810=DIRECTION('',(0.,1.,0.));
#8811=DIRECTION('',(1.,0.,0.));
#8812=DIRECTION('',(1.,0.,0.));
#8813=DIRECTION('',(-1.,0.,0.));
#8814=DIRECTION('',(0.,1.,0.));
#8815=DIRECTION('',(0.,0.989793595784577,-0.142508377802278));
#8816=DIRECTION('',(0.,0.579056492249661,-0.815287420964851));
#8817=DIRECTION('',(0.,-0.944194948318358,0.32938715756704));
#8818=DIRECTION('',(0.,0.,-1.));
#8819=DIRECTION('',(0.,1.,0.));
#8820=DIRECTION('',(0.,0.,1.));
#8821=DIRECTION('',(0.,1.,0.));
#8822=DIRECTION('',(-1.,0.,0.));
#8823=DIRECTION('',(0.,1.,0.));
#8824=DIRECTION('',(0.,-1.,0.));
#8825=DIRECTION('',(1.,0.,0.));
#8826=DIRECTION('',(-1.,0.,-9.52530923270909E-17));
#8827=DIRECTION('',(-0.537299608346824,0.,-0.843391445812886));
#8828=DIRECTION('',(0.,0.,-1.));
#8829=DIRECTION('',(1.,0.,0.));
#8830=DIRECTION('',(0.,-1.,0.));
#8831=DIRECTION('',(-1.,0.,0.));
#8832=DIRECTION('',(0.640603045076266,0.,0.767872215045587));
#8833=DIRECTION('',(1.,0.,6.06467796508735E-17));
#8834=DIRECTION('',(0.,-1.,0.));
#8835=DIRECTION('',(-1.,0.,0.));
#8836=DIRECTION('',(-9.52530923270909E-17,0.,1.));
#8837=DIRECTION('',(0.,1.,0.));
#8838=DIRECTION('',(1.,0.,0.));
#8839=DIRECTION('',(-0.64278760968654,0.,0.766044443118978));
#8840=DIRECTION('',(0.,1.,0.));
#8841=DIRECTION('',(1.,0.,0.));
#8842=DIRECTION('',(9.52530923270909E-17,0.,-1.));
#8843=DIRECTION('',(0.,-1.,0.));
#8844=DIRECTION('',(1.,0.,0.));
#8845=DIRECTION('',(0.573576436351046,0.,-0.819152044288992));
#8846=DIRECTION('',(0.,0.,-1.));
#8847=DIRECTION('',(-0.573576436351046,0.,-0.819152044288992));
#8848=DIRECTION('',(0.,1.,0.));
#8849=DIRECTION('',(1.,0.,0.));
#8850=DIRECTION('',(-0.573576436351046,0.,0.819152044288992));
#8851=DIRECTION('',(0.300705799504274,0.,-0.953716950748227));
#8852=DIRECTION('',(0.,0.,1.));
#8853=DIRECTION('',(-1.,0.,0.));
#8854=DIRECTION('',(0.,0.,-1.));
#8855=DIRECTION('',(0.64278760968654,0.,-0.766044443118978));
#8856=DIRECTION('',(-0.619344514985023,0.,0.785119335998017));
#8857=DIRECTION('',(0.,1.,0.));
#8858=DIRECTION('',(1.,0.,0.));
#8859=DIRECTION('',(-3.82856869892695E-16,0.,-1.));
#8860=DIRECTION('',(1.,0.,-3.82856869892695E-16));
#8861=DIRECTION('',(3.82856869892695E-16,0.,1.));
#8862=DIRECTION('',(0.,1.,0.));
#8863=DIRECTION('',(1.,0.,0.));
#8864=DIRECTION('',(0.642787609686539,0.,0.766044443118978));
#8865=DIRECTION('',(0.,0.,1.));
#8866=DIRECTION('',(0.766044443118978,0.,-0.642787609686539));
#8867=DIRECTION('',(-0.642787609686539,0.,-0.766044443118978));
#8868=DIRECTION('',(0.,-1.,0.));
#8869=DIRECTION('',(0.642787609686539,0.,0.766044443118978));
#8870=DIRECTION('',(-0.642787609686539,0.,-0.766044443118978));
#8871=DIRECTION('',(0.,0.,-1.));
#8872=DIRECTION('',(0.,1.,0.));
#8873=DIRECTION('',(0.,1.,0.));
#8874=DIRECTION('',(-1.,0.,0.));
#8875=DIRECTION('',(6.12576338879202E-17,-1.,0.));
#8876=DIRECTION('',(1.,0.,0.));
#8877=DIRECTION('',(0.677401145793595,-0.735613816943051,0.));
#8878=DIRECTION('',(0.,1.,0.));
#8879=DIRECTION('',(1.,0.,0.));
#8880=DIRECTION('',(0.,-1.,0.));
#8881=DIRECTION('',(-1.,0.,0.));
#8882=DIRECTION('',(0.845347372787663,-0.0824159629553694,-0.527821398174737));
#8883=DIRECTION('',(0.0699079433401172,0.996598017783569,-0.0436494032927802));
#8884=DIRECTION('',(0.,1.,0.));
#8885=DIRECTION('',(0.,1.,0.));
#8886=DIRECTION('',(1.,0.,0.));
#8887=DIRECTION('',(0.,1.,0.));
#8888=DIRECTION('',(0.,-1.,0.));
#8889=DIRECTION('',(-1.,0.,0.));
#8890=DIRECTION('',(0.,-0.707106781186548,0.707106781186548));
#8891=DIRECTION('',(0.,0.707106781186548,0.707106781186548));
#8892=DIRECTION('',(0.,1.,0.));
#8893=DIRECTION('',(1.,0.,9.52530923270909E-17));
#8894=DIRECTION('',(9.52530923270909E-17,0.,-1.));
#8895=DIRECTION('',(-9.52530923270909E-17,7.34390112974181E-33,1.));
#8896=DIRECTION('',(0.,-1.,0.));
#8897=DIRECTION('',(-9.52530923270909E-17,0.,1.));
#8898=DIRECTION('',(0.,-1.,0.));
#8899=DIRECTION('',(9.52530923270909E-17,0.,-1.));
#8900=DIRECTION('',(0.,1.,0.));
#8901=DIRECTION('',(0.,1.,0.));
#8902=DIRECTION('',(-1.,0.,-9.52530923270909E-17));
#8903=DIRECTION('',(-9.52530923270909E-17,0.,1.));
#8904=DIRECTION('',(9.52530923270909E-17,2.75352932694731E-16,-1.));
#8905=DIRECTION('',(-9.52530923270909E-17,0.,1.));
#8906=DIRECTION('',(0.,1.,0.));
#8907=DIRECTION('',(-1.,0.,-9.52530923270909E-17));
#8908=DIRECTION('',(-9.52530923270909E-17,0.,1.));
#8909=DIRECTION('',(0.843391445812886,0.,-0.537299608346824));
#8910=DIRECTION('',(-0.537299608346824,0.,-0.843391445812886));
#8911=DIRECTION('',(0.,-1.,0.));
#8912=DIRECTION('',(-0.537299608346824,0.,-0.843391445812886));
#8913=DIRECTION('',(0.,1.,0.));
#8914=DIRECTION('',(0.473306150771124,0.473306150771124,0.74294183842643));
#8915=DIRECTION('',(0.537299608346824,0.,0.843391445812886));
#8916=DIRECTION('',(0.4107260894098,-0.644710818692432,0.644710818692432));
#8917=DIRECTION('',(0.,1.,0.));
#8918=DIRECTION('',(-0.537299608346824,0.,-0.843391445812886));
#8919=DIRECTION('',(0.,1.,0.));
#8920=DIRECTION('',(-0.537299608346824,0.,-0.843391445812886));
#8921=DIRECTION('',(0.,-1.,0.));
#8922=DIRECTION('',(0.537299608346824,0.,0.843391445812886));
#8923=DIRECTION('',(0.,1.,0.));
#8924=DIRECTION('',(-0.537299608346824,0.,-0.843391445812886));
#8925=DIRECTION('',(0.,-1.,0.));
#8926=DIRECTION('',(0.537299608346824,-2.32230308014227E-16,0.843391445812886));
#8927=DIRECTION('',(-1.,-7.70988211545248E-17,-3.82856869892695E-16));
#8928=DIRECTION('',(-3.82856869892695E-16,0.,1.));
#8929=DIRECTION('',(-7.70988211545248E-17,1.,-2.9517813339638E-32));
#8930=DIRECTION('',(3.82856869892695E-16,0.,-1.));
#8931=DIRECTION('',(0.,1.,0.));
#8932=DIRECTION('',(1.,0.,0.));
#8933=DIRECTION('',(0.,1.,0.));
#8934=DIRECTION('',(0.,1.,0.));
#8935=DIRECTION('',(1.,0.,0.));
#8936=DIRECTION('',(0.,1.,0.));
#8937=DIRECTION('',(0.,1.,0.));
#8938=DIRECTION('',(1.,0.,0.));
#8939=DIRECTION('',(0.,1.,0.));
#8940=DIRECTION('',(1.,0.,0.));
#8941=DIRECTION('',(0.,1.,0.));
#8942=DIRECTION('',(0.,1.,0.));
#8943=DIRECTION('',(1.,0.,0.));
#8944=DIRECTION('',(0.,1.,0.));
#8945=DIRECTION('',(0.,1.,0.));
#8946=DIRECTION('',(1.,0.,0.));
#8947=DIRECTION('',(1.,0.,6.12323399573677E-17));
#8948=DIRECTION('',(-6.12323399573677E-17,0.,1.));
#8949=DIRECTION('',(-1.,0.,-6.12323399573677E-17));
#8950=DIRECTION('',(-6.12323399573677E-17,0.,1.));
#8951=DIRECTION('',(-1.,0.,0.));
#8952=DIRECTION('',(0.,1.,0.));
#8953=DIRECTION('',(0.,1.,0.));
#8954=DIRECTION('',(1.,0.,0.));
#8955=DIRECTION('',(0.,1.,0.));
#8956=DIRECTION('',(0.,1.,0.));
#8957=DIRECTION('',(1.,0.,0.));
#8958=DIRECTION('',(0.,1.,0.));
#8959=DIRECTION('',(0.,1.,0.));
#8960=DIRECTION('',(1.,0.,0.));
#8961=DIRECTION('',(-0.766044443118978,0.,-0.642787609686539));
#8962=DIRECTION('',(-0.64278760968654,0.,0.766044443118978));
#8963=DIRECTION('',(-0.64278760968654,0.,0.766044443118978));
#8964=DIRECTION('',(0.,1.,0.));
#8965=DIRECTION('',(0.64278760968654,0.,-0.766044443118978));
#8966=DIRECTION('',(0.,-1.,0.));
#8967=DIRECTION('',(-1.,0.,0.));
#8968=DIRECTION('',(0.,1.,0.));
#8969=DIRECTION('',(0.,0.,-1.));
#8970=DIRECTION('',(0.,1.,0.));
#8971=DIRECTION('',(0.,0.,-1.));
#8972=DIRECTION('',(0.,-1.,0.));
#8973=DIRECTION('',(0.,0.,1.));
#8974=DIRECTION('',(0.,-0.944194948318358,0.32938715756704));
#8975=DIRECTION('',(0.,0.,1.));
#8976=DIRECTION('',(0.,1.,0.));
#8977=DIRECTION('',(-1.,0.,6.12323399573677E-17));
#8978=DIRECTION('',(6.12323399573677E-17,0.,1.));
#8979=DIRECTION('',(0.,1.,0.));
#8980=DIRECTION('',(1.,0.,0.));
#8981=DIRECTION('',(0.,1.,0.));
#8982=DIRECTION('',(0.,1.,0.));
#8983=DIRECTION('',(1.,0.,0.));
#8984=DIRECTION('',(0.,1.,0.));
#8985=DIRECTION('',(0.,1.,0.));
#8986=DIRECTION('',(1.,0.,0.));
#8987=DIRECTION('',(0.,1.,0.));
#8988=DIRECTION('',(0.766044443118978,0.,0.642787609686539));
#8989=DIRECTION('',(0.64278760968654,0.,-0.766044443118978));
#8990=DIRECTION('',(0.64278760968654,0.,-0.766044443118978));
#8991=DIRECTION('',(0.,1.,0.));
#8992=DIRECTION('',(-0.64278760968654,0.,0.766044443118978));
#8993=DIRECTION('',(1.,0.,0.));
#8994=DIRECTION('',(0.,-1.,0.));
#8995=DIRECTION('',(0.,0.,1.));
#8996=DIRECTION('',(0.,-1.,0.));
#8997=DIRECTION('',(0.,0.,-1.));
#8998=DIRECTION('',(0.,1.,0.));
#8999=DIRECTION('',(-0.819152044288992,0.,-0.573576436351046));
#9000=DIRECTION('',(-0.573576436351046,0.,0.819152044288992));
#9001=DIRECTION('',(0.573576436351046,0.,-0.819152044288992));
#9002=DIRECTION('',(1.08148684474748E-15,1.,-1.54452328164393E-15));
#9003=DIRECTION('',(-0.573576436351046,0.,0.819152044288992));
#9004=DIRECTION('',(0.,-1.,0.));
#9005=DIRECTION('',(-0.819152044288992,0.,0.573576436351046));
#9006=DIRECTION('',(0.573576436351046,0.,0.819152044288992));
#9007=DIRECTION('',(0.573576436351046,0.,0.819152044288992));
#9008=DIRECTION('',(0.,1.,0.));
#9009=DIRECTION('',(-0.573576436351046,0.,-0.819152044288992));
#9010=DIRECTION('',(1.,0.,0.));
#9011=DIRECTION('',(0.,-1.,0.));
#9012=DIRECTION('',(0.,0.,1.));
#9013=DIRECTION('',(0.,1.,0.));
#9014=DIRECTION('',(0.,0.,-1.));
#9015=DIRECTION('',(0.819152044288992,0.,0.573576436351046));
#9016=DIRECTION('',(0.573576436351046,0.,-0.819152044288992));
#9017=DIRECTION('',(0.573576436351046,0.,-0.819152044288992));
#9018=DIRECTION('',(-0.497542812164523,0.497542812164522,0.71056477546163));
#9019=DIRECTION('',(0.819152044288992,0.,-0.573576436351046));
#9020=DIRECTION('',(-0.573576436351046,0.,-0.819152044288992));
#9021=DIRECTION('',(-0.483747871447677,-0.537303955486104,-0.690863558373742));
#9022=DIRECTION('',(-0.573576436351046,0.,-0.819152044288992));
#9023=DIRECTION('',(0.573576436351046,0.,0.819152044288992));
#9024=DIRECTION('',(-0.766044443118978,0.,0.642787609686539));
#9025=DIRECTION('',(0.642787609686539,0.,0.766044443118978));
#9026=DIRECTION('',(0.,-1.,0.));
#9027=DIRECTION('',(-0.642787609686539,0.,-0.766044443118978));
#9028=DIRECTION('',(0.642787609686539,0.,0.766044443118978));
#9029=DIRECTION('',(0.,1.,0.));
#9030=DIRECTION('',(1.,0.,0.));
#9031=DIRECTION('',(3.82856869892695E-16,0.,-1.));
#9032=DIRECTION('',(0.,1.,0.));
#9033=DIRECTION('',(1.,0.,0.));
#9034=DIRECTION('',(0.64278760968654,0.,-0.766044443118978));
#9035=DIRECTION('',(0.,0.,-1.));
#9036=DIRECTION('',(-0.642787609686539,0.,-0.766044443118978));
#9037=DIRECTION('',(0.,1.,0.));
#9038=DIRECTION('',(1.,0.,0.));
#9039=DIRECTION('',(-3.82856869892695E-16,0.,-1.));
#9040=DIRECTION('',(-1.,0.,3.82856869892695E-16));
#9041=DIRECTION('',(3.82856869892695E-16,0.,1.));
#9042=DIRECTION('',(0.,1.,0.));
#9043=DIRECTION('',(1.,0.,0.));
#9044=DIRECTION('',(0.619344514985023,0.,-0.785119335998017));
#9045=DIRECTION('',(-0.64278760968654,0.,0.766044443118978));
#9046=DIRECTION('',(0.,0.,1.));
#9047=DIRECTION('',(0.642787609686539,0.,0.766044443118978));
#9048=DIRECTION('',(0.,1.,0.));
#9049=DIRECTION('',(1.,0.,0.));
#9050=DIRECTION('',(-3.82856869892695E-16,0.,1.));
#9051=DIRECTION('',(1.,0.,3.82856869892695E-16));
#9052=DIRECTION('',(-0.300705799504274,0.,0.953716950748227));
#9053=DIRECTION('',(0.573576436351046,0.,-0.819152044288992));
#9054=DIRECTION('',(0.,1.,0.));
#9055=DIRECTION('',(1.,0.,0.));
#9056=DIRECTION('',(0.573576436351046,0.,0.819152044288992));
#9057=DIRECTION('',(0.,0.,1.));
#9058=DIRECTION('',(-0.573576436351046,0.,0.819152044288992));
#9059=DIRECTION('',(0.,1.,0.));
#9060=DIRECTION('',(1.,0.,0.));
#9061=DIRECTION('',(-0.573576436351046,0.,-0.819152044288992));
#9062=DIRECTION('',(0.,0.,-1.));
#9063=DIRECTION('',(-1.,0.,6.12323399573677E-17));
#9064=DIRECTION('',(6.12323399573677E-17,0.,1.));
#9065=DIRECTION('',(3.82856869892695E-16,0.,-1.));
#9066=DIRECTION('',(-1.,0.,-3.82856869892695E-16));
#9067=DIRECTION('',(1.,-7.70988211545248E-17,3.82856869892695E-16));
#9068=DIRECTION('',(7.70988211545248E-17,1.,2.9517813339638E-32));
#9069=DIRECTION('',(-1.,0.,-3.82856869892695E-16));
#9070=DIRECTION('',(7.70988211545248E-17,-1.,2.9517813339638E-32));
#9071=DIRECTION('',(0.707106781186548,-0.707106781186547,2.70720688924981E-16));
#9072=DIRECTION('',(3.82856869892695E-16,0.,-1.));
#9073=DIRECTION('',(-1.,0.,-3.82856869892695E-16));
#9074=DIRECTION('',(-1.,7.70988211545248E-17,-3.82856869892695E-16));
#9075=DIRECTION('',(-3.82856869892695E-16,0.,1.));
#9076=DIRECTION('',(-3.82856869892695E-16,0.,1.));
#9077=DIRECTION('',(-7.70988211545248E-17,-1.,-2.9517813339638E-32));
#9078=DIRECTION('',(3.82856869892695E-16,-2.9517813339638E-32,-1.));
#9079=DIRECTION('',(3.82856869892695E-16,0.,-1.));
#9080=DIRECTION('',(-1.,0.,-3.82856869892695E-16));
#9081=DIRECTION('',(1.,-7.70988211545248E-17,-3.82856869892695E-16));
#9082=DIRECTION('',(-3.82856869892695E-16,0.,-1.));
#9083=DIRECTION('',(-3.82856869892695E-16,0.,-1.));
#9084=DIRECTION('',(7.70988211545248E-17,1.,-2.9517813339638E-32));
#9085=DIRECTION('',(3.82856869892695E-16,0.,1.));
#9086=DIRECTION('',(3.82856869892695E-16,0.,1.));
#9087=DIRECTION('',(-1.,0.,3.82856869892695E-16));
#9088=DIRECTION('',(-7.70988211545248E-17,-1.,2.9517813339638E-32));
#9089=DIRECTION('',(-1.,0.,3.82856869892695E-16));
#9090=DIRECTION('',(-7.70988211545248E-17,1.,2.9517813339638E-32));
#9091=DIRECTION('',(1.,0.,-3.82856869892695E-16));
#9092=DIRECTION('',(3.82856869892695E-16,0.,1.));
#9093=DIRECTION('',(1.,0.,-3.82856869892695E-16));
#9094=DIRECTION('',(1.,7.70988211545248E-17,-3.82856869892695E-16));
#9095=DIRECTION('',(-3.82856869892695E-16,0.,-1.));
#9096=DIRECTION('',(7.70988211545248E-17,-1.,-2.9517813339638E-32));
#9097=DIRECTION('',(3.82856869892695E-16,0.,1.));
#9098=DIRECTION('',(-3.82856869892695E-16,0.,-1.));
#9099=DIRECTION('',(3.82856869892695E-16,0.,1.));
#9100=DIRECTION('',(1.,0.,-3.82856869892695E-16));
#9101=DIRECTION('',(-0.767872215045587,0.,0.640603045076266));
#9102=DIRECTION('',(0.640603045076266,0.,0.767872215045587));
#9103=DIRECTION('',(0.367585322167589,0.818987479459518,0.440613821180742));
#9104=DIRECTION('',(0.417699013344561,-0.758184293859745,0.500683643427045));
#9105=DIRECTION('',(0.,1.,0.));
#9106=DIRECTION('',(0.0682701495301657,-0.994305020986203,0.0818334401376139));
#9107=DIRECTION('',(-0.640603045076266,0.,-0.767872215045587));
#9108=DIRECTION('',(0.508090742985181,-0.609033577437552,0.609033577437554));
#9109=DIRECTION('',(0.640603045076266,0.,0.767872215045587));
#9110=DIRECTION('',(-2.62282183205064E-32,1.,2.75352932694731E-16));
#9111=DIRECTION('',(0.,-2.75352932694731E-16,1.));
#9112=DIRECTION('',(-9.52530923270909E-17,-2.75352932694731E-16,1.));
#9113=DIRECTION('',(1.,0.,9.52530923270909E-17));
#9114=DIRECTION('',(-0.537299608346824,2.32230308014227E-16,-0.843391445812886));
#9115=DIRECTION('',(3.82856869892695E-16,2.75352932694731E-16,-1.));
#9116=DIRECTION('',(0.,-1.,0.));
#9117=DIRECTION('',(-1.,0.,0.));
#9118=DIRECTION('',(3.34199170091662E-17,0.834466683671134,-0.551058394222336));
#9119=DIRECTION('',(0.,-1.,0.));
#9120=DIRECTION('',(1.,0.,0.));
#9121=DIRECTION('',(1.,0.,6.06467796508735E-17));
#9122=DIRECTION('',(-0.640603045076266,0.,-0.767872215045587));
#9123=DIRECTION('',(-1.,0.,0.));
#9124=DIRECTION('',(0.907870843211297,0.,0.419249963681345));
#9125=DIRECTION('',(0.,-1.,0.));
#9126=DIRECTION('',(-1.,0.,0.));
#9127=DIRECTION('',(-0.642787609686539,0.,-0.766044443118978));
#9128=DIRECTION('',(0.,0.,1.));
#9129=DIRECTION('',(0.537299608346824,0.,0.843391445812886));
#9130=DIRECTION('',(1.,0.,9.52530923270909E-17));
#9131=DIRECTION('',(3.82856869892695E-16,0.,-1.));
#9132=DIRECTION('',(1.,0.,9.52530923270909E-17));
#9133=DIRECTION('',(9.52530923270909E-17,0.,-1.));
#9134=DIRECTION('',(-1.,0.,-9.52530923270909E-17));
#9135=DIRECTION('',(-9.52530923270909E-17,0.,1.));
#9136=DIRECTION('',(-1.,0.,-9.52530923270909E-17));
#9137=DIRECTION('',(-9.52530923270909E-17,0.,1.));
#9138=DIRECTION('',(1.,0.,9.52530923270909E-17));
#9139=DIRECTION('',(9.52530923270909E-17,0.,-1.));
#9140=DIRECTION('',(-1.,0.,-9.52530923270909E-17));
#9141=DIRECTION('',(-9.52530923270909E-17,0.,1.));
#9142=DIRECTION('',(-1.,0.,-9.52530923270909E-17));
#9143=DIRECTION('',(-9.52530923270909E-17,0.,1.));
#9144=DIRECTION('',(-3.82856869892695E-16,0.,1.));
#9145=DIRECTION('',(1.,0.,3.82856869892695E-16));
#9146=DIRECTION('',(1.,-7.70988211545248E-17,3.82856869892695E-16));
#9147=DIRECTION('',(-7.70988211545248E-17,-1.,0.));
#9148=DIRECTION('',(-1.,7.70988211545248E-17,0.));
#9149=DIRECTION('',(0.707106781186547,-5.45170992598533E-17,-0.707106781186548));
#9150=DIRECTION('',(0.,1.,0.));
#9151=DIRECTION('',(1.,0.,0.));
#9152=DIRECTION('',(0.,-1.,0.));
#9153=DIRECTION('',(-1.,0.,0.));
#9154=DIRECTION('',(0.,1.,0.));
#9155=DIRECTION('',(6.06467796508735E-17,0.,-1.));
#9156=DIRECTION('',(-1.,0.,-6.06467796508735E-17));
#9157=DIRECTION('',(0.583043065618116,0.812441249343378,-7.95805675839471E-18));
#9158=DIRECTION('',(1.,0.,6.06467796508735E-17));
#9159=DIRECTION('',(-1.,0.,-6.06467796508735E-17));
#9160=DIRECTION('',(0.106930332877331,0.994266515533307,6.48498033600605E-18));
#9161=DIRECTION('',(5.06077170905985E-17,-0.551058394222336,-0.834466683671134));
#9162=DIRECTION('',(0.,0.834466683671134,-0.551058394222336));
#9163=DIRECTION('',(1.,-2.06259198906398E-33,6.06467796508735E-17));
#9164=DIRECTION('',(-0.417699013344561,0.758184293859745,-0.500683643427045));
#9165=DIRECTION('',(-1.,-1.28919518295448E-32,-6.06467796508735E-17));
#9166=DIRECTION('',(2.10976491940058E-16,0.834466683671134,-0.551058394222336));
#9167=DIRECTION('',(0.765267149686695,-0.0823021491498106,-0.638429750133657));
#9168=DIRECTION('',(-0.640603045076266,0.,-0.767872215045587));
#9169=DIRECTION('',(-0.106930332877331,-0.994266515533307,-6.93889390390723E-18));
#9170=DIRECTION('',(-0.640603045076266,3.09466584905259E-20,-0.767872215045587));
#9171=DIRECTION('',(0.,-1.,0.));
#9172=DIRECTION('',(-1.,0.,0.));
#9173=DIRECTION('',(0.,1.,0.));
#9174=DIRECTION('',(1.,0.,0.));
#9175=DIRECTION('',(-0.816373008177996,0.0823021491498104,0.571630534317169));
#9176=DIRECTION('',(-0.573576436351046,0.,-0.819152044288992));
#9177=DIRECTION('',(0.45608597652888,-0.515323055141205,0.725553396280131));
#9178=DIRECTION('',(0.,0.32938715756704,0.944194948318358));
#9179=DIRECTION('',(0.,-0.944194948318358,0.32938715756704));
#9180=DIRECTION('',(-1.,0.,0.));
#9181=DIRECTION('',(0.,0.944194948318358,-0.32938715756704));
#9182=DIRECTION('',(-0.686527643310962,-0.686527643310962,0.239498621999777));
#9183=DIRECTION('',(9.52530923270909E-17,0.,-1.));
#9184=DIRECTION('',(-1.,0.,-9.52530923270909E-17));
#9185=DIRECTION('',(0.,-1.,0.));
#9186=DIRECTION('',(-0.764426556485927,-0.644710818692433,-7.28139933622342E-17));
#9187=DIRECTION('',(0.,1.,0.));
#9188=DIRECTION('',(-0.764426556485929,0.644710818692431,-7.28139933622344E-17));
#9189=DIRECTION('',(0.,0.,1.));
#9190=DIRECTION('',(0.,-1.,0.));
#9191=DIRECTION('',(1.,0.,0.));
#9192=DIRECTION('',(0.,1.,0.));
#9193=DIRECTION('',(-1.,0.,0.));
#9194=DIRECTION('',(-1.,0.,1.23611797467557E-16));
#9195=DIRECTION('',(1.23611797467557E-16,0.,1.));
#9196=DIRECTION('',(1.23611797467557E-16,0.,1.));
#9197=DIRECTION('',(-1.23611797467557E-16,0.,-1.));
#9198=DIRECTION('',(0.,1.,0.));
#9199=DIRECTION('',(1.,0.,0.));
#9200=DIRECTION('',(-1.23611797467557E-16,0.,-1.));
#9201=DIRECTION('',(-1.,0.,0.));
#9202=DIRECTION('',(-1.,0.,-3.82856869892695E-16));
#9203=DIRECTION('',(-3.82856869892695E-16,0.,1.));
#9204=DIRECTION('',(0.,-1.,0.));
#9205=DIRECTION('',(3.82856869892695E-16,0.,-1.));
#9206=DIRECTION('',(0.,1.,0.));
#9207=DIRECTION('',(-3.82856869892695E-16,0.,1.));
#9208=DIRECTION('',(-0.737277336810124,0.67559020761566,-2.82271693413946E-16));
#9209=DIRECTION('',(0.67559020761566,0.737277336810124,0.));
#9210=DIRECTION('',(0.67559020761566,0.737277336810124,2.58654352217888E-16));
#9211=DIRECTION('',(-3.82856869892695E-16,6.11616109660505E-33,1.));
#9212=DIRECTION('',(-0.67559020761566,-0.737277336810124,-2.58654352217888E-16));
#9213=DIRECTION('',(3.82856869892695E-16,-6.11616109660505E-33,-1.));
#9214=DIRECTION('',(-1.,-1.7590302816671E-16,-3.82856869892695E-16));
#9215=DIRECTION('',(-3.82856869892695E-16,0.,1.));
#9216=DIRECTION('',(-3.82856869892695E-16,0.,1.));
#9217=DIRECTION('',(1.7590302816671E-16,-1.,6.73456827685531E-32));
#9218=DIRECTION('',(1.46338464877051E-16,0.707106781186549,-0.707106781186547));
#9219=DIRECTION('',(1.46338464877051E-16,0.707106781186549,-0.707106781186547));
#9220=DIRECTION('',(-3.82856869892695E-16,0.,1.));
#9221=DIRECTION('',(1.7590302816671E-16,-1.,6.73456827685531E-32));
#9222=DIRECTION('',(3.82856869892695E-16,0.,-1.));
#9223=DIRECTION('',(-1.7590302816671E-16,1.,-6.73456827685531E-32));
#9224=DIRECTION('',(0.,-1.,0.));
#9225=DIRECTION('',(-1.,0.,0.));
#9226=DIRECTION('',(3.82856869892695E-16,0.,-1.));
#9227=DIRECTION('',(-1.,0.,-3.82856869892695E-16));
#9228=DIRECTION('',(-3.82856869892695E-16,0.,1.));
#9229=DIRECTION('',(1.,0.,3.82856869892695E-16));
#9230=DIRECTION('',(1.,2.90426059209423E-16,3.82856869892695E-16));
#9231=DIRECTION('',(3.82856869892695E-16,0.,-1.));
#9232=DIRECTION('',(-6.53584530247108E-17,-0.707106781186549,0.707106781186547));
#9233=DIRECTION('',(-2.90426059209423E-16,1.,-1.1119161196419E-31));
#9234=DIRECTION('',(3.82856869892695E-16,0.,-1.));
#9235=DIRECTION('',(2.90426059209423E-16,-1.,1.1119161196419E-31));
#9236=DIRECTION('',(-3.82856869892695E-16,0.,1.));
#9237=DIRECTION('',(-2.90426059209423E-16,1.,-1.1119161196419E-31));
#9238=DIRECTION('',(3.82856869892695E-16,0.,-1.));
#9239=DIRECTION('',(-6.53584530247108E-17,-0.707106781186549,0.707106781186547));
#9240=DIRECTION('',(0.737277336810124,-0.67559020761566,2.82271693413946E-16));
#9241=DIRECTION('',(-0.67559020761566,-0.737277336810124,0.));
#9242=DIRECTION('',(-0.67559020761566,-0.737277336810124,-2.58654352217888E-16));
#9243=DIRECTION('',(-3.82856869892695E-16,-6.99021042787534E-32,1.));
#9244=DIRECTION('',(0.67559020761566,0.737277336810124,2.58654352217888E-16));
#9245=DIRECTION('',(3.82856869892695E-16,0.,-1.));
#9246=DIRECTION('',(0.,1.,0.));
#9247=DIRECTION('',(1.,0.,0.));
#9248=DIRECTION('',(1.,0.,3.82856869892695E-16));
#9249=DIRECTION('',(3.82856869892695E-16,0.,-1.));
#9250=DIRECTION('',(-1.,0.,-3.82856869892695E-16));
#9251=DIRECTION('',(-3.82856869892695E-16,0.,1.));
#9252=DIRECTION('',(3.82856869892695E-16,0.,-1.));
#9253=DIRECTION('',(-1.,0.,-3.82856869892695E-16));
#9254=DIRECTION('',(3.82856869892695E-16,0.,-1.));
#9255=DIRECTION('',(-1.,0.,-3.82856869892695E-16));
#9256=DIRECTION('',(1.,0.,3.82856869892695E-16));
#9257=DIRECTION('',(-1.7590302816671E-16,1.,-6.73456827685531E-32));
#9258=DIRECTION('',(2.90426059209423E-16,-1.,1.1119161196419E-31));
#9259=DIRECTION('',(-3.82856869892695E-16,0.,1.));
#9260=DIRECTION('',(1.,0.,3.82856869892695E-16));
#9261=DIRECTION('',(-0.707106781186549,0.707106781186546,0.));
#9262=DIRECTION('',(0.,0.,1.));
#9263=DIRECTION('',(0.690161970814194,0.690161970814196,-0.217607233528053));
#9264=DIRECTION('',(-0.690161970814195,-0.690161970814197,-0.217607233528047));
#9265=DIRECTION('',(-0.579227965339571,0.707106781186546,-0.40557978767264));
#9266=DIRECTION('',(-0.573576436351046,0.,0.819152044288992));
#9267=DIRECTION('',(0.579227965339569,-0.707106781186548,-0.405579787672638));
#9268=DIRECTION('',(0.573576436351046,0.,0.819152044288992));
#9269=DIRECTION('',(0.,1.,0.));
#9270=DIRECTION('',(1.,0.,0.));
#9271=DIRECTION('',(0.,1.,0.));
#9272=DIRECTION('',(1.,0.,0.));
#9273=DIRECTION('',(0.707106781186547,0.707106781186548,0.));
#9274=DIRECTION('',(0.,0.,-1.));
#9275=DIRECTION('',(0.690161970814196,-0.690161970814194,-0.217607233528054));
#9276=DIRECTION('',(-0.579227965339571,-0.707106781186546,0.40557978767264));
#9277=DIRECTION('',(-0.573576436351046,0.,-0.819152044288992));
#9278=DIRECTION('',(-0.690161970814195,0.690161970814197,0.217607233528047));
#9279=DIRECTION('',(0.617760711197636,0.685845293023123,0.384692003736259));
#9280=DIRECTION('',(0.743024767972135,-0.669263919675905,0.));
#9281=DIRECTION('',(-0.528606518934261,4.34093381685047E-15,0.848866979061032));
#9282=DIRECTION('',(0.12621419817236,-0.569337690014849,0.812357415740303));
#9283=DIRECTION('',(-0.579227965339568,-0.70710678118655,0.405579787672637));
#9284=DIRECTION('',(-0.573576436351046,0.,-0.819152044288992));
#9285=DIRECTION('',(0.707106781186549,0.707106781186546,0.));
#9286=DIRECTION('',(0.,0.,-1.));
#9287=DIRECTION('',(0.707106781186546,-0.707106781186549,0.));
#9288=DIRECTION('',(0.579227965339568,0.70710678118655,0.405579787672638));
#9289=DIRECTION('',(0.573576436351046,0.,-0.819152044288992));
#9290=DIRECTION('',(-0.579227965339572,0.707106781186545,-0.40557978767264));
#9291=DIRECTION('',(-0.848866979061032,0.,-0.528606518934261));
#9292=DIRECTION('',(0.,1.,0.));
#9293=DIRECTION('',(0.528606518934261,9.86239629223373E-16,-0.848866979061032));
#9294=DIRECTION('',(0.,-1.,0.));
#9295=DIRECTION('',(-1.,0.,0.));
#9296=DIRECTION('',(0.690161970814197,0.690161970814194,0.21760723352805));
#9297=DIRECTION('',(0.707106781186546,-0.707106781186549,0.));
#9298=DIRECTION('',(-0.300705799504274,0.,0.953716950748227));
#9299=DIRECTION('',(0.617760711197636,-0.685845293023122,0.384692003736261));
#9300=DIRECTION('',(-0.743024767972135,-0.669263919675905,0.));
#9301=DIRECTION('',(0.126214198172294,0.569337690014814,0.812357415740338));
#9302=DIRECTION('',(0.953716950748227,0.,0.300705799504274));
#9303=DIRECTION('',(0.,-1.,0.));
#9304=DIRECTION('',(0.300705799504274,0.,-0.953716950748227));
#9305=DIRECTION('',(-0.579227965339567,0.707106781186551,-0.405579787672637));
#9306=DIRECTION('',(-0.573576436351046,0.,0.819152044288992));
#9307=DIRECTION('',(0.579227965339572,0.707106781186545,0.40557978767264));
#9308=DIRECTION('',(0.690161970814193,-0.690161970814199,0.217607233528048));
#9309=DIRECTION('',(-0.707106781186551,-0.707106781186545,0.));
#9310=DIRECTION('',(-0.707106781186548,-0.707106781186548,0.));
#9311=DIRECTION('',(-0.707106781186548,0.707106781186548,0.));
#9312=DIRECTION('',(0.,0.,1.));
#9313=DIRECTION('',(-0.707106781186547,-1.24382224047929E-16,-0.707106781186548));
#9314=DIRECTION('',(-1.7590302816671E-16,1.,-6.73456827685531E-32));
#9315=DIRECTION('',(-0.707106781186547,0.,0.707106781186549));
#9316=DIRECTION('',(0.577350269189626,-0.577350269189626,-0.577350269189626));
#9317=DIRECTION('',(0.707106781186547,0.707106781186548,2.70720688924981E-16));
#9318=DIRECTION('',(-3.82856869892695E-16,0.,1.));
#9319=DIRECTION('',(0.707106781186548,-0.707106781186547,4.52985095980259E-16));
#9320=DIRECTION('',(0.577350269189628,0.577350269189622,0.577350269189627));
#9321=DIRECTION('',(0.707106781186547,0.,-0.707106781186548));
#9322=DIRECTION('',(1.46338464877051E-16,0.707106781186549,-0.707106781186547));
#9323=DIRECTION('',(0.707106781186547,-0.707106781186549,0.));
#9324=DIRECTION('',(0.577350269189624,0.577350269189624,-0.57735026918963));
#9325=DIRECTION('',(0.,0.707106781186551,0.707106781186544));
#9326=DIRECTION('',(0.70710678118655,2.31552626634447E-15,0.707106781186545));
#9327=DIRECTION('',(5.57659179051236E-15,0.707106781186548,0.707106781186547));
#9328=DIRECTION('',(2.70720688924981E-16,0.707106781186547,-0.707106781186549));
#9329=DIRECTION('',(-1.,0.,-3.82856869892695E-16));
#9330=DIRECTION('',(-5.4249325049619E-15,-0.707106781186548,-0.707106781186547));
#9331=DIRECTION('',(-0.707106781186546,0.707106781186549,-2.7072068892498E-16));
#9332=DIRECTION('',(-3.82856869892695E-16,0.,1.));
#9333=DIRECTION('',(0.707106781186549,0.707106781186546,-3.56836961661085E-16));
#9334=DIRECTION('',(0.577350269189627,0.577350269189625,0.577350269189626));
#9335=DIRECTION('',(0.707106781186547,2.05362235900268E-16,-0.707106781186549));
#9336=DIRECTION('',(-2.90426059209423E-16,1.,-1.1119161196419E-31));
#9337=DIRECTION('',(-0.707106781186549,0.,-0.707106781186546));
#9338=DIRECTION('',(-2.70720688924981E-16,0.707106781186547,0.707106781186549));
#9339=DIRECTION('',(1.,0.,3.82856869892695E-16));
#9340=DIRECTION('',(-6.53584530247108E-17,-0.707106781186549,0.707106781186547));
#9341=DIRECTION('',(-0.707106781186548,-0.707106781186547,-2.70720688924981E-16));
#9342=DIRECTION('',(3.82856869892695E-16,0.,-1.));
#9343=DIRECTION('',(0.707106781186547,-0.707106781186548,4.7796511403433E-15));
#9344=DIRECTION('',(-0.707106781186545,-1.24382224047928E-16,0.70710678118655));
#9345=DIRECTION('',(-1.7590302816671E-16,1.,-6.73456827685531E-32));
#9346=DIRECTION('',(-0.649094903848643,-0.396675700787745,-0.649094903848638));
#9347=DIRECTION('',(-0.577350269189626,0.577350269189627,-0.577350269189624));
#9348=DIRECTION('',(0.707106781186549,0.707106781186546,0.));
#9349=DIRECTION('',(0.707106781186547,4.22928478544914E-16,-0.707106781186548));
#9350=DIRECTION('',(-0.577350269189627,0.577350269189627,0.577350269189624));
#9351=DIRECTION('',(0.707106781186547,0.707106781186548,0.));
#9352=DIRECTION('',(0.707106781186547,0.707106781186548,0.));
#9353=DIRECTION('',(0.577350269189626,0.577350269189628,0.577350269189623));
#9354=DIRECTION('',(0.707106781186549,-0.707106781186546,0.));
#9355=DIRECTION('',(0.707106781186547,-1.55293603610151E-15,-0.707106781186548));
#9356=DIRECTION('',(4.49120673738575E-15,-0.707106781186547,0.707106781186548));
#9357=DIRECTION('',(0.759758874462959,-0.295454067615209,-0.579200609982763));
#9358=DIRECTION('',(-0.606266184085403,0.,-0.795261789623093));
#9359=DIRECTION('',(0.21057274299528,-0.730982165107441,0.649094903848645));
#9360=DIRECTION('',(0.362438038283701,0.932007869282799,-1.70992574649698E-32));
#9361=DIRECTION('',(0.707106781186548,2.05362235900269E-16,0.707106781186547));
#9362=DIRECTION('',(2.90426059209423E-16,-1.,1.1119161196419E-31));
#9363=DIRECTION('',(0.707106781186547,0.,-0.707106781186548));
#9364=DIRECTION('',(0.707106781186548,-0.707106781186548,2.70720688924981E-16));
#9365=DIRECTION('',(3.82856869892695E-16,0.,-1.));
#9366=DIRECTION('',(0.707106781186548,0.707106781186548,6.73036940234247E-16));
#9367=DIRECTION('',(-2.7072068892498E-16,0.707106781186548,0.707106781186547));
#9368=DIRECTION('',(1.,0.,3.82856869892695E-16));
#9369=DIRECTION('',(-1.63451828342603E-15,0.707106781186547,-0.707106781186548));
#9370=DIRECTION('',(0.707106781186548,1.24382224047929E-16,0.707106781186547));
#9371=DIRECTION('',(1.7590302816671E-16,-1.,6.73456827685531E-32));
#9372=DIRECTION('',(-0.64909490384864,-0.396675700787746,0.64909490384864));
#9373=DIRECTION('',(-0.932007869282799,0.362438038283701,-3.56825615548973E-16));
#9374=DIRECTION('',(3.82856869892695E-16,0.,-1.));
#9375=DIRECTION('',(-0.362438038283701,-0.932007869282799,5.47290274901451E-16));
#9376=DIRECTION('',(-0.521333804473598,0.477714417108261,0.707106781186547));
#9377=DIRECTION('',(0.67559020761566,0.737277336810124,2.58654352217888E-16));
#9378=DIRECTION('',(0.521333804473598,-0.477714417108262,0.707106781186546));
#9379=DIRECTION('',(-0.681799869032539,0.265137468446905,-0.681799869032533));
#9380=DIRECTION('',(-0.707106781186544,0.,0.707106781186551));
#9381=DIRECTION('',(-0.521333804473596,0.477714417108259,0.70710678118655));
#9382=DIRECTION('',(-0.362438038283702,-0.932007869282799,-1.38761892867347E-16));
#9383=DIRECTION('',(-0.577350269189626,0.577350269189626,0.577350269189626));
#9384=DIRECTION('',(0.707106781186547,0.707106781186548,0.));
#9385=DIRECTION('',(0.707106781186547,4.87027234757701E-16,0.707106781186548));
#9386=DIRECTION('',(0.759758874462962,-0.29545406761521,0.579200609982759));
#9387=DIRECTION('',(0.606266184085399,0.,-0.795261789623096));
#9388=DIRECTION('',(0.210572742995273,-0.730982165107444,-0.649094903848644));
#9389=DIRECTION('',(0.681799869032533,-0.265137468446908,-0.681799869032538));
#9390=DIRECTION('',(-0.70710678118655,0.,-0.707106781186545));
#9391=DIRECTION('',(0.362438038283702,0.932007869282799,1.38761892867347E-16));
#9392=DIRECTION('',(-0.707106781186548,0.,-0.707106781186548));
#9393=DIRECTION('',(0.707106781186548,-0.707106781186548,2.70720688924981E-16));
#9394=DIRECTION('',(-3.82856869892695E-16,0.,1.));
#9395=DIRECTION('',(-0.707106781186548,-0.707106781186548,0.));
#9396=DIRECTION('',(-0.577350269189632,0.57735026918962,-0.577350269189626));
#9397=DIRECTION('',(-0.707106781186544,0.,0.707106781186551));
#9398=DIRECTION('',(0.707106781186544,0.,-0.707106781186551));
#9399=DIRECTION('',(-2.7072068892498E-16,0.707106781186549,0.707106781186546));
#9400=DIRECTION('',(0.70710678118655,0.,0.707106781186545));
#9401=DIRECTION('',(0.,-1.,0.));
#9402=DIRECTION('',(0.649094903848639,0.396675700787744,-0.649094903848643));
#9403=DIRECTION('',(0.521333804473597,-0.477714417108261,0.707106781186547));
#9404=DIRECTION('',(-0.67559020761566,-0.737277336810124,-2.58654352217888E-16));
#9405=DIRECTION('',(-0.210572742995263,0.730982165107451,0.649094903848639));
#9406=DIRECTION('',(-0.932007869282799,0.362438038283702,-3.56825615548973E-16));
#9407=DIRECTION('',(-3.82856869892695E-16,-2.46519032881566E-32,1.));
#9408=DIRECTION('',(0.362438038283702,0.932007869282799,1.38761892867347E-16));
#9409=DIRECTION('',(-0.707106781186548,-2.05362235900269E-16,0.707106781186547));
#9410=DIRECTION('',(-2.90426059209423E-16,1.,-1.1119161196419E-31));
#9411=DIRECTION('',(-0.707106781186548,0.,-0.707106781186548));
#9412=DIRECTION('',(0.521333804473598,-0.477714417108262,0.707106781186546));
#9413=DIRECTION('',(-0.67559020761566,-0.737277336810124,-2.58654352217888E-16));
#9414=DIRECTION('',(-0.521333804473597,0.477714417108261,0.707106781186548));
#9415=DIRECTION('',(0.932007869282798,-0.362438038283702,3.56825615548972E-16));
#9416=DIRECTION('',(-3.82856869892695E-16,2.46519032881566E-32,1.));
#9417=DIRECTION('',(-0.362438038283702,-0.932007869282799,-1.38761892867347E-16));
#9418=DIRECTION('',(-0.707106781186548,0.,0.707106781186548));
#9419=DIRECTION('',(0.,1.,0.));
#9420=DIRECTION('',(-0.707106781186548,0.,-0.707106781186548));
#9421=DIRECTION('',(2.70720688924981E-16,0.707106781186546,-0.707106781186549));
#9422=DIRECTION('',(1.,0.,3.82856869892695E-16));
#9423=DIRECTION('',(0.,0.70710678118655,0.707106781186545));
#9424=DIRECTION('',(0.,1.,0.));
#9425=DIRECTION('',(1.,0.,0.));
#9426=DIRECTION('',(-0.759758874462963,0.295454067615212,-0.579200609982757));
#9427=DIRECTION('',(-0.606266184085398,0.,0.795261789623097));
#9428=DIRECTION('',(-0.362438038283702,-0.932007869282799,-1.23596550701809E-16));
#9429=DIRECTION('',(-0.681799869032536,0.265137468446906,0.681799869032536));
#9430=DIRECTION('',(0.707106781186548,0.,0.707106781186548));
#9431=DIRECTION('',(0.521333804473596,-0.477714417108261,0.707106781186548));
#9432=DIRECTION('',(0.681799869032536,-0.265137468446907,0.681799869032535));
#9433=DIRECTION('',(0.707106781186547,0.,-0.707106781186548));
#9434=DIRECTION('',(0.707106781186547,0.,-0.707106781186548));
#9435=DIRECTION('',(-0.577350269189627,-0.577350269189623,0.577350269189627));
#9436=DIRECTION('',(0.707106781186548,0.,0.707106781186548));
#9437=DIRECTION('',(0.707106781186547,-0.707106781186548,0.));
#9438=DIRECTION('',(0.541675220419702,-0.707106781186548,0.454519477672044));
#9439=DIRECTION('',(-0.64278760968654,0.,0.766044443118978));
#9440=DIRECTION('',(-0.23036211948393,-0.644888379380632,-0.728733333975257));
#9441=DIRECTION('',(-0.939692620785909,0.,-0.342020143325667));
#9442=DIRECTION('',(0.,1.,0.));
#9443=DIRECTION('',(0.342020143325667,0.,-0.939692620785909));
#9444=DIRECTION('',(-0.342020143325667,-1.85016786426086E-15,0.939692620785909));
#9445=DIRECTION('',(-0.707106781186548,-0.707106781186548,0.));
#9446=DIRECTION('',(0.,0.,-1.));
#9447=DIRECTION('',(0.644888379380631,-0.644888379380631,-0.410168204861914));
#9448=DIRECTION('',(-0.644888379380632,0.644888379380632,-0.410168204861911));
#9449=DIRECTION('',(0.761812644312079,0.585456138426386,0.277277126617222));
#9450=DIRECTION('',(0.609348710578612,-0.792902357744119,0.));
#9451=DIRECTION('',(-0.230362119483934,0.644888379380636,-0.728733333975252));
#9452=DIRECTION('',(0.932007869282799,-0.362438038283702,3.56825615548972E-16));
#9453=DIRECTION('',(3.82856869892695E-16,0.,-1.));
#9454=DIRECTION('',(0.362438038283702,0.932007869282798,9.58409750861795E-17));
#9455=DIRECTION('',(-0.521333804473597,0.47771441710826,0.707106781186548));
#9456=DIRECTION('',(0.67559020761566,0.737277336810124,2.58654352217888E-16));
#9457=DIRECTION('',(-0.210572742995272,0.730982165107447,-0.649094903848641));
#9458=DIRECTION('',(0.707106781186548,0.,0.707106781186547));
#9459=DIRECTION('',(0.,-1.,0.));
#9460=DIRECTION('',(-0.707106781186547,0.,0.707106781186548));
#9461=DIRECTION('',(0.707106781186548,0.707106781186547,2.70720688924981E-16));
#9462=DIRECTION('',(-3.82856869892695E-16,0.,1.));
#9463=DIRECTION('',(-0.707106781186547,0.707106781186548,0.));
#9464=DIRECTION('',(0.76181264431208,-0.585456138426385,0.277277126617221));
#9465=DIRECTION('',(-0.609348710578611,-0.792902357744119,0.));
#9466=DIRECTION('',(0.64488837938063,0.64488837938063,-0.410168204861918));
#9467=DIRECTION('',(0.761812644312078,0.585456138426386,-0.277277126617222));
#9468=DIRECTION('',(0.609348710578613,-0.792902357744118,0.));
#9469=DIRECTION('',(-0.23036211948393,0.644888379380632,0.728733333975257));
#9470=DIRECTION('',(-0.342020143325667,-2.75089943593598E-15,-0.939692620785909));
#9471=DIRECTION('',(-0.541675220419703,-0.707106781186546,-0.454519477672045));
#9472=DIRECTION('',(0.64278760968654,0.,-0.766044443118978));
#9473=DIRECTION('',(-0.75975887446296,0.29545406761521,0.579200609982761));
#9474=DIRECTION('',(0.606266184085401,0.,0.795261789623094));
#9475=DIRECTION('',(0.649094903848642,0.396675700787741,0.649094903848642));
#9476=DIRECTION('',(-0.577350269189626,-0.577350269189625,-0.577350269189626));
#9477=DIRECTION('',(-0.707106781186547,0.,0.707106781186548));
#9478=DIRECTION('',(0.,-0.707106781186548,0.707106781186548));
#9479=DIRECTION('',(0.707106781186548,-0.707106781186548,0.));
#9480=DIRECTION('',(0.,0.,1.));
#9481=DIRECTION('',(-0.644888379380634,-0.644888379380634,-0.410168204861908));
#9482=DIRECTION('',(0.939692620785909,0.,-0.342020143325667));
#9483=DIRECTION('',(0.,-1.,0.));
#9484=DIRECTION('',(0.342020143325667,4.78121361453183E-16,0.939692620785909));
#9485=DIRECTION('',(0.541675220419702,0.707106781186548,-0.454519477672043));
#9486=DIRECTION('',(-0.642787609686539,0.,-0.766044443118978));
#9487=DIRECTION('',(-5.34080622417017E-17,-0.473783497906833,0.880641355553534));
#9488=DIRECTION('',(1.,0.,6.06467796508735E-17));
#9489=DIRECTION('',(0.,-0.880641355553533,-0.473783497906834));
#9490=DIRECTION('',(1.,5.36436698539304E-34,6.06467796508735E-17));
#9491=DIRECTION('',(-0.367585322167589,-0.818987479459518,-0.440613821180742));
#9492=DIRECTION('',(0.600819219596084,-0.703971427842552,-0.378735388028728));
#9493=DIRECTION('',(0.,-1.,0.));
#9494=DIRECTION('',(-1.,0.,0.));
#9495=DIRECTION('',(-0.876726755707505,0.,-0.480988768919393));
#9496=DIRECTION('',(0.,1.,0.));
#9497=DIRECTION('',(0.361671269480395,0.659239672968962,-0.659239672968956));
#9498=DIRECTION('',(-0.361671269480396,0.659239672968959,0.659239672968958));
#9499=DIRECTION('',(-0.596367810529019,0.707106781186547,0.379928196590915));
#9500=DIRECTION('',(-0.537299608346824,0.,-0.843391445812886));
#9501=DIRECTION('',(-0.692550543311657,-0.692550543311656,0.201860075095248));
#9502=DIRECTION('',(-0.707106781186547,-0.389657127384384,-0.59005705069811));
#9503=DIRECTION('',(2.10976491940058E-16,0.834466683671134,-0.551058394222336));
#9504=DIRECTION('',(0.45640137885102,-0.888872262294095,0.0400485044298194));
#9505=DIRECTION('',(-0.707106781186548,0.,0.707106781186548));
#9506=DIRECTION('',(0.,1.,0.));
#9507=DIRECTION('',(-0.707106781186549,0.,-0.707106781186546));
#9508=DIRECTION('',(2.70720688924981E-16,-0.707106781186547,-0.707106781186549));
#9509=DIRECTION('',(-1.,0.,-3.82856869892695E-16));
#9510=DIRECTION('',(2.7072068892498E-16,0.707106781186549,-0.707106781186547));
#9511=DIRECTION('',(0.761812644312077,-0.585456138426388,-0.27727712661722));
#9512=DIRECTION('',(-0.609348710578615,-0.792902357744117,0.));
#9513=DIRECTION('',(-0.230362119483934,-0.644888379380632,0.728733333975257));
#9514=DIRECTION('',(0.,-1.,0.));
#9515=DIRECTION('',(-1.,0.,0.));
#9516=DIRECTION('',(0.707106781186551,0.707106781186545,2.70720688924982E-16));
#9517=DIRECTION('',(3.82856869892695E-16,0.,-1.));
#9518=DIRECTION('',(-0.707106781186545,0.707106781186551,3.29081386045456E-16));
#9519=DIRECTION('',(-0.707106781186548,5.45170992598533E-17,-0.707106781186547));
#9520=DIRECTION('',(-7.70988211545248E-17,-1.,-2.9517813339638E-32));
#9521=DIRECTION('',(-0.707106781186547,4.87885995255856E-15,0.707106781186548));
#9522=DIRECTION('',(0.,1.,0.));
#9523=DIRECTION('',(1.,0.,0.));
#9524=DIRECTION('',(-2.87334433997754E-17,0.880641355553537,0.473783497906828));
#9525=DIRECTION('',(5.34080622417019E-17,0.473783497906828,-0.880641355553537));
#9526=DIRECTION('',(0.707106781186548,0.707106781186548,0.));
#9527=DIRECTION('',(0.596367810529017,0.707106781186549,-0.379928196590914));
#9528=DIRECTION('',(-0.537299608346824,2.32230308014227E-16,-0.843391445812886));
#9529=DIRECTION('',(0.29251985798087,-0.632201448837621,-0.717463212140152));
#9530=DIRECTION('',(0.707106781186548,0.707106781186547,4.65424614853028E-16));
#9531=DIRECTION('',(3.82856869892695E-16,2.75352932694731E-16,-1.));
#9532=DIRECTION('',(0.577350269189627,-0.577350269189628,0.577350269189623));
#9533=DIRECTION('',(-0.632201448837618,0.632201448837619,-0.447931530677662));
#9534=DIRECTION('',(0.707106781186547,-0.707106781186548,-8.74067402239675E-17));
#9535=DIRECTION('',(1.23611797467557E-16,0.,1.));
#9536=DIRECTION('',(0.577350269189626,0.577350269189626,-0.577350269189626));
#9537=DIRECTION('',(-0.763698725622651,-0.605982211543072,0.222597879090766));
#9538=DIRECTION('',(-0.621577372273788,0.783352775112983,0.));
#9539=DIRECTION('',(0.279829014030991,-7.61453085844436E-15,0.960049854385929));
#9540=DIRECTION('',(-0.577350269189629,0.577350269189626,0.577350269189622));
#9541=DIRECTION('',(0.707106781186546,0.707106781186549,0.));
#9542=DIRECTION('',(0.707106781186546,0.707106781186549,0.));
#9543=DIRECTION('',(-0.5416752204197,0.70710678118655,0.454519477672042));
#9544=DIRECTION('',(0.642787609686539,0.,0.766044443118978));
#9545=DIRECTION('',(-0.707106781186549,-0.707106781186546,2.70720688924981E-16));
#9546=DIRECTION('',(-3.82856869892695E-16,0.,-1.));
#9547=DIRECTION('',(-0.707106781186546,0.707106781186549,-4.90355485027809E-15));
#9548=DIRECTION('',(0.577350269189629,0.577350269189624,0.577350269189625));
#9549=DIRECTION('',(0.707106781186545,0.,-0.70710678118655));
#9550=DIRECTION('',(-1.92296268638356E-15,-0.707106781186547,0.707106781186548));
#9551=DIRECTION('',(0.419249963681345,0.,-0.907870843211297));
#9552=DIRECTION('',(0.,1.,0.));
#9553=DIRECTION('',(0.907870843211297,0.,0.419249963681345));
#9554=DIRECTION('',(0.,0.707106781186549,0.707106781186546));
#9555=DIRECTION('',(1.,0.,0.));
#9556=DIRECTION('',(0.833875567766658,-0.390289339773605,0.390289339773606));
#9557=DIRECTION('',(0.508090742985181,-0.609033577437552,0.609033577437554));
#9558=DIRECTION('',(0.,0.707106781186546,-0.707106781186549));
#9559=DIRECTION('',(-0.707106781186547,0.707106781186548,-2.7072068892498E-16));
#9560=DIRECTION('',(-3.82856869892695E-16,0.,1.));
#9561=DIRECTION('',(0.707106781186548,0.707106781186547,6.73541075134743E-17));
#9562=DIRECTION('',(-0.707106781186545,0.,0.70710678118655));
#9563=DIRECTION('',(0.,-1.,0.));
#9564=DIRECTION('',(-0.707106781186551,0.,-0.707106781186544));
#9565=DIRECTION('',(0.,-0.707106781186548,-0.707106781186548));
#9566=DIRECTION('',(1.,0.,0.));
#9567=DIRECTION('',(-0.36167126948039,-0.65923967296896,0.65923967296896));
#9568=DIRECTION('',(0.960049854385929,0.,-0.279829014030991));
#9569=DIRECTION('',(0.,1.,0.));
#9570=DIRECTION('',(-0.279829014030991,-3.0231168174176E-15,-0.960049854385929));
#9571=DIRECTION('',(0.707106781186548,-0.707106781186548,2.70720688924981E-16));
#9572=DIRECTION('',(-3.82856869892695E-16,0.,1.));
#9573=DIRECTION('',(0.632201448837619,0.632201448837619,0.447931530677659));
#9574=DIRECTION('',(0.707106781186547,0.707106781186548,6.73541075134742E-17));
#9575=DIRECTION('',(-9.52530923270909E-17,0.,1.));
#9576=DIRECTION('',(-0.707106781186548,0.707106781186547,-3.16199978573163E-16));
#9577=DIRECTION('',(0.,1.,0.));
#9578=DIRECTION('',(1.,0.,0.));
#9579=DIRECTION('',(0.577350269189629,0.577350269189622,-0.577350269189626));
#9580=DIRECTION('',(-0.707106781186546,0.,-0.707106781186549));
#9581=DIRECTION('',(5.96118432778902E-15,0.707106781186547,0.707106781186548));
#9582=DIRECTION('',(-0.707106781186547,2.59108926182973E-15,-0.707106781186548));
#9583=DIRECTION('',(-2.7072068892498E-16,0.707106781186548,0.707106781186547));
#9584=DIRECTION('',(1.,0.,3.82856869892695E-16));
#9585=DIRECTION('',(6.27738430636219E-15,0.707106781186547,-0.707106781186548));
#9586=DIRECTION('',(-0.707106781186548,-5.45170992598533E-17,0.707106781186547));
#9587=DIRECTION('',(-7.70988211545248E-17,1.,-2.9517813339638E-32));
#9588=DIRECTION('',(0.707106781186547,7.28624055073138E-15,0.707106781186548));
#9589=DIRECTION('',(0.310408282047288,-0.672178063624682,-0.67217806362468));
#9590=DIRECTION('',(0.,0.707106781186546,-0.707106781186549));
#9591=DIRECTION('',(-0.538284779853177,-0.707106781186547,0.458529710900415));
#9592=DIRECTION('',(-0.577350269189625,0.577350269189621,0.577350269189631));
#9593=DIRECTION('',(0.707106781186551,0.,0.707106781186544));
#9594=DIRECTION('',(0.,-0.707106781186548,0.707106781186548));
#9595=DIRECTION('',(-0.596367810529019,0.707106781186547,0.379928196590915));
#9596=DIRECTION('',(-0.537299608346824,0.,-0.843391445812886));
#9597=DIRECTION('',(0.790084366683838,0.433455126582788,0.433455126582785));
#9598=DIRECTION('',(-0.76369872562265,0.605982211543071,0.222597879090769));
#9599=DIRECTION('',(0.621577372273789,0.783352775112983,0.));
#9600=DIRECTION('',(-0.292519857980872,-0.632201448837624,0.717463212140148));
#9601=DIRECTION('',(0.577350269189625,0.577350269189626,0.577350269189627));
#9602=DIRECTION('',(0.,-0.707106781186549,0.707106781186547));
#9603=DIRECTION('',(-0.707106781186548,-3.28958073585987E-15,0.707106781186548));
#9604=DIRECTION('',(-1.31831830485287E-15,-0.707106781186548,0.707106781186547));
#9605=DIRECTION('',(0.707106781186547,-0.707106781186548,-2.70720688924981E-16));
#9606=DIRECTION('',(3.82856869892695E-16,0.,1.));
#9607=DIRECTION('',(-0.707106781186548,-0.707106781186547,-6.04644381530697E-16));
#9608=DIRECTION('',(0.707106781186548,-5.45170992598534E-17,-0.707106781186547));
#9609=DIRECTION('',(7.70988211545248E-17,1.,-2.9517813339638E-32));
#9610=DIRECTION('',(0.707106781186547,-2.28777069072884E-15,0.707106781186548));
#9611=DIRECTION('',(-2.7072068892498E-16,0.707106781186548,-0.707106781186547));
#9612=DIRECTION('',(1.,0.,-3.82856869892695E-16));
#9613=DIRECTION('',(-1.79905897644875E-15,-0.707106781186547,-0.707106781186548));
#9614=DIRECTION('',(-0.577350269189628,0.577350269189628,0.577350269189622));
#9615=DIRECTION('',(0.707106781186547,0.707106781186548,0.));
#9616=DIRECTION('',(0.707106781186545,0.70710678118655,-4.77965114034331E-15));
#9617=DIRECTION('',(0.,-1.,0.));
#9618=DIRECTION('',(-1.,0.,0.));
#9619=DIRECTION('',(-6.73541075134742E-17,0.707106781186548,0.707106781186547));
#9620=DIRECTION('',(1.,0.,9.52530923270909E-17));
#9621=DIRECTION('',(-0.304062463412938,0.673626758057923,-0.673626758057924));
#9622=DIRECTION('',(-0.480988768919387,0.,0.876726755707508));
#9623=DIRECTION('',(0.,1.,0.));
#9624=DIRECTION('',(0.876726755707508,-1.52559819794168E-15,0.480988768919387));
#9625=DIRECTION('',(0.596367810529019,-0.707106781186547,-0.379928196590915));
#9626=DIRECTION('',(-0.537299608346824,0.,-0.843391445812886));
#9627=DIRECTION('',(0.731503687921457,0.673626758057926,-0.105495712641208));
#9628=DIRECTION('',(-6.73541075134743E-17,0.707106781186547,0.707106781186548));
#9629=DIRECTION('',(-1.,0.,-9.52530923270909E-17));
#9630=DIRECTION('',(-0.304062463412936,0.673626758057924,-0.673626758057924));
#9631=DIRECTION('',(-0.707106781186548,0.,-0.707106781186548));
#9632=DIRECTION('',(0.,-1.,0.));
#9633=DIRECTION('',(0.707106781186548,-9.46298893899774E-16,-0.707106781186548));
#9634=DIRECTION('',(-0.707106781186548,0.707106781186547,-6.73541075134743E-17));
#9635=DIRECTION('',(9.52530923270909E-17,0.,-1.));
#9636=DIRECTION('',(-0.707106781186547,-0.707106781186548,-3.84592537276713E-16));
#9637=DIRECTION('',(0.577350269189625,-0.577350269189625,-0.577350269189627));
#9638=DIRECTION('',(0.,0.707106781186548,-0.707106781186547));
#9639=DIRECTION('',(1.73066641774521E-15,-0.707106781186548,0.707106781186548));
#9640=DIRECTION('',(-0.577350269189628,0.577350269189626,-0.577350269189624));
#9641=DIRECTION('',(0.707106781186546,0.707106781186549,0.));
#9642=DIRECTION('',(0.707106781186546,0.707106781186549,5.49133230299442E-16));
#9643=DIRECTION('',(0.707106781186547,4.87885995255853E-15,-0.707106781186548));
#9644=DIRECTION('',(0.70710678118655,-0.707106781186545,2.70720688924982E-16));
#9645=DIRECTION('',(-3.82856869892695E-16,0.,1.));
#9646=DIRECTION('',(-0.541675220419702,0.707106781186547,0.454519477672044));
#9647=DIRECTION('',(0.642787609686539,0.,0.766044443118978));
#9648=DIRECTION('',(-0.401508348997303,0.550619754721646,0.731853080471575));
#9649=DIRECTION('',(0.,-0.79909242239248,0.60120820060518));
#9650=DIRECTION('',(0.73150368792146,0.673626758057923,-0.105495712641202));
#9651=DIRECTION('',(-0.401508348997302,0.550619754721647,0.731853080471576));
#9652=DIRECTION('',(0.,-0.79909242239248,0.60120820060518));
#9653=DIRECTION('',(0.876726755707509,-3.02344082026773E-15,0.480988768919387));
#9654=DIRECTION('',(0.577350269189626,-0.577350269189625,0.577350269189627));
#9655=DIRECTION('',(0.707106781186548,0.,-0.707106781186547));
#9656=DIRECTION('',(-1.37382945608412E-15,0.707106781186548,0.707106781186547));
#9657=DIRECTION('',(0.,-1.,0.));
#9658=DIRECTION('',(-1.,0.,0.));
#9659=DIRECTION('',(2.70720688924981E-16,0.707106781186548,0.707106781186548));
#9660=DIRECTION('',(-1.,0.,3.82856869892695E-16));
#9661=DIRECTION('',(-6.34577686506578E-15,0.707106781186548,-0.707106781186548));
#9662=DIRECTION('',(0.707106781186548,5.45170992598533E-17,0.707106781186547));
#9663=DIRECTION('',(7.70988211545248E-17,-1.,-2.9517813339638E-32));
#9664=DIRECTION('',(-0.707106781186547,1.55953088041199E-16,0.707106781186548));
#9665=DIRECTION('',(-0.707106781186549,0.707106781186546,2.70720688924981E-16));
#9666=DIRECTION('',(3.82856869892695E-16,0.,1.));
#9667=DIRECTION('',(0.,-1.,0.));
#9668=DIRECTION('',(-1.,0.,0.));
#9669=DIRECTION('',(-0.342020143325668,0.,-0.939692620785909));
#9670=DIRECTION('',(0.707106781186548,0.707106781186548,0.));
#9671=DIRECTION('',(-0.707106781186548,0.707106781186548,0.));
#9672=DIRECTION('',(0.,0.,-1.));
#9673=DIRECTION('',(-0.632201448837625,-0.632201448837625,-0.447931530677643));
#9674=DIRECTION('',(0.596367810529017,-0.707106781186549,-0.379928196590914));
#9675=DIRECTION('',(-0.537299608346824,0.,-0.843391445812886));
#9676=DIRECTION('',(-0.292519857980874,-0.632201448837623,0.717463212140148));
#9677=DIRECTION('',(-0.480988768919387,0.,0.876726755707509));
#9678=DIRECTION('',(0.,1.,0.));
#9679=DIRECTION('',(-0.876726755707508,2.77555756156289E-17,-0.480988768919386));
#9680=DIRECTION('',(6.73541075134743E-17,0.707106781186547,-0.707106781186548));
#9681=DIRECTION('',(1.,0.,9.52530923270909E-17));
#9682=DIRECTION('',(-0.304062463412937,-0.673626758057924,-0.673626758057923));
#9683=DIRECTION('',(-4.2883749148259E-17,0.707106781186547,0.707106781186548));
#9684=DIRECTION('',(1.,0.,6.06467796508735E-17));
#9685=DIRECTION('',(0.,-0.707106781186548,0.707106781186548));
#9686=DIRECTION('',(0.422750529796453,-0.0454655307897558,-0.905104897272589));
#9687=DIRECTION('',(-0.106930332877331,-0.994266515533307,-6.48498033600605E-18));
#9688=DIRECTION('',(-0.577350269189624,-0.577350269189629,-0.577350269189624));
#9689=DIRECTION('',(-0.70710678118655,0.707106781186545,0.));
#9690=DIRECTION('',(0.707106781186548,-0.707106781186547,5.05521413582854E-15));
#9691=DIRECTION('',(0.,-1.,0.));
#9692=DIRECTION('',(-1.,0.,0.));
#9693=DIRECTION('',(-0.568144089776038,-0.707106781186549,-0.420965905095122));
#9694=DIRECTION('',(-0.541675220419702,0.707106781186547,0.454519477672044));
#9695=DIRECTION('',(0.642787609686539,0.,0.766044443118978));
#9696=DIRECTION('',(0.230362119483929,0.644888379380633,-0.728733333975257));
#9697=DIRECTION('',(-0.939692620785909,0.,0.342020143325667));
#9698=DIRECTION('',(0.,-1.,0.));
#9699=DIRECTION('',(0.342020143325667,-2.77865501155161E-15,0.939692620785909));
#9700=DIRECTION('',(-0.763698725622647,0.605982211543075,0.22259787909077));
#9701=DIRECTION('',(0.621577372273792,0.78335277511298,0.));
#9702=DIRECTION('',(0.279829014030991,0.,0.960049854385929));
#9703=DIRECTION('',(-0.401508348997304,-0.550619754721645,0.731853080471576));
#9704=DIRECTION('',(0.,-0.799092422392481,-0.601208200605179));
#9705=DIRECTION('',(0.731503687921456,-0.673626758057927,-0.105495712641205));
#9706=DIRECTION('',(0.564869617104227,0.677383883397359,-0.471246634137621));
#9707=DIRECTION('',(0.707106781186547,0.707106781186548,-2.70720688924981E-16));
#9708=DIRECTION('',(-3.82856869892695E-16,0.,-1.));
#9709=DIRECTION('',(-0.555289996710181,0.706945252686477,-0.438042725379228));
#9710=DIRECTION('',(0.786408572284645,0.617706692077419,0.));
#9711=DIRECTION('',(-0.619344514985023,0.,0.785119335998017));
#9712=DIRECTION('',(0.541675220419703,0.707106781186546,0.454519477672045));
#9713=DIRECTION('',(-0.761812644312079,0.585456138426385,0.277277126617223));
#9714=DIRECTION('',(0.609348710578612,0.792902357744119,0.));
#9715=DIRECTION('',(0.644888379380632,0.644888379380632,0.410168204861913));
#9716=DIRECTION('',(-0.960049854385929,0.,0.279829014030991));
#9717=DIRECTION('',(0.,-1.,0.));
#9718=DIRECTION('',(-0.279829014030991,-1.1470529346983E-16,-0.960049854385929));
#9719=DIRECTION('',(-0.59636781052902,-0.707106781186546,0.379928196590916));
#9720=DIRECTION('',(0.537299608346824,0.,0.843391445812886));
#9721=DIRECTION('',(-0.292519857980878,0.632201448837628,0.717463212140142));
#9722=DIRECTION('',(-0.520144262980511,0.735629712908277,0.433934178389934));
#9723=DIRECTION('',(0.640603045076266,0.,0.767872215045587));
#9724=DIRECTION('',(0.845347372787663,-0.0824159629553694,-0.527821398174737));
#9725=DIRECTION('',(-0.529623166769497,0.,-0.848233046527338));
#9726=DIRECTION('',(0.,1.,0.));
#9727=DIRECTION('',(1.,0.,0.));
#9728=DIRECTION('',(0.56814408977604,-0.707106781186547,0.420965905095123));
#9729=DIRECTION('',(0.785119335998017,0.,0.619344514985023));
#9730=DIRECTION('',(0.,1.,0.));
#9731=DIRECTION('',(0.619344514985023,0.,-0.785119335998017));
#9732=DIRECTION('',(0.5416752204197,-0.70710678118655,0.454519477672042));
#9733=DIRECTION('',(-0.64278760968654,0.,0.766044443118978));
#9734=DIRECTION('',(0.23036211948393,0.644888379380629,0.72873333397526));
#9735=DIRECTION('',(0.707106781186548,-0.707106781186548,0.));
#9736=DIRECTION('',(0.,0.,1.));
#9737=DIRECTION('',(-0.644888379380633,-0.644888379380633,0.410168204861908));
#9738=DIRECTION('',(-0.763698725622648,-0.605982211543073,0.22259787909077));
#9739=DIRECTION('',(-0.621577372273791,0.783352775112982,0.));
#9740=DIRECTION('',(-0.632201448837623,0.632201448837623,-0.447931530677648));
#9741=DIRECTION('',(0.,-1.,0.));
#9742=DIRECTION('',(-1.,0.,0.));
#9743=DIRECTION('',(0.,-0.815287420964851,-0.579056492249661));
#9744=DIRECTION('',(0.,-0.579056492249661,0.815287420964851));
#9745=DIRECTION('',(-0.555289996710178,-0.70694525268648,-0.438042725379226));
#9746=DIRECTION('',(-0.786408572284647,0.617706692077415,0.));
#9747=DIRECTION('',(-0.541675220419703,0.707106781186546,-0.454519477672044));
#9748=DIRECTION('',(-0.761812644312078,0.585456138426388,-0.27727712661722));
#9749=DIRECTION('',(0.609348710578615,0.792902357744117,0.));
#9750=DIRECTION('',(0.342020143325667,-4.78121361453184E-16,-0.939692620785909));
#9751=DIRECTION('',(0.707106781186548,0.707106781186548,0.));
#9752=DIRECTION('',(0.,0.,1.));
#9753=DIRECTION('',(0.69271680176416,-0.69271680176416,0.200715881552178));
#9754=DIRECTION('',(0.,-0.815287420964851,-0.579056492249661));
#9755=DIRECTION('',(-1.,0.,0.));
#9756=DIRECTION('',(-1.02133589707384E-16,-0.579056492249661,0.815287420964851));
#9757=DIRECTION('',(-0.5416752204197,-0.70710678118655,-0.454519477672042));
#9758=DIRECTION('',(0.64278760968654,0.,-0.766044443118978));
#9759=DIRECTION('',(0.230362119483929,-0.644888379380629,0.72873333397526));
#9760=DIRECTION('',(0.939692620785909,0.,0.342020143325667));
#9761=DIRECTION('',(0.,1.,0.));
#9762=DIRECTION('',(-0.342020143325667,-1.31653535157641E-15,0.939692620785909));
#9763=DIRECTION('',(-0.543515129452505,-0.684351748352321,-0.486059655375086));
#9764=DIRECTION('',(-0.783077784629014,0.621923776053397,0.));
#9765=DIRECTION('',(0.692716801764157,-0.0386570969231871,-0.720172938544006));
#9766=DIRECTION('',(-0.761812644312077,-0.585456138426388,-0.277277126617221));
#9767=DIRECTION('',(-0.609348710578615,0.792902357744117,0.));
#9768=DIRECTION('',(-0.644888379380634,0.644888379380634,0.410168204861907));
#9769=DIRECTION('',(-0.707106781186549,-0.232911892751416,-0.667646650717991));
#9770=DIRECTION('',(0.,-0.944194948318358,0.32938715756704));
#9771=DIRECTION('',(0.631893065685174,-0.631893065685174,-0.448800965994933));
#9772=DIRECTION('',(-0.707106781186548,-0.707106781186548,0.));
#9773=DIRECTION('',(0.,0.,-1.));
#9774=DIRECTION('',(0.,0.707106781186548,0.707106781186548));
#9775=DIRECTION('',(-1.,0.,0.));
#9776=DIRECTION('',(0.577350269189626,0.577350269189626,-0.577350269189626));
#9777=DIRECTION('',(-0.707106781186548,0.707106781186548,8.74067402239675E-17));
#9778=DIRECTION('',(-1.23611797467557E-16,0.,-1.));
#9779=DIRECTION('',(-0.707106781186548,-0.707106781186547,-6.73541075134743E-17));
#9780=DIRECTION('',(-9.52530923270909E-17,0.,1.));
#9781=DIRECTION('',(0.577350269189626,-0.577350269189626,0.577350269189625));
#9782=DIRECTION('',(-0.707106781186547,0.,0.707106781186548));
#9783=DIRECTION('',(0.,1.,0.));
#9784=DIRECTION('',(-0.577350269189627,-0.577350269189624,-0.577350269189626));
#9785=DIRECTION('',(0.707106781186546,-0.707106781186549,-1.27349818414574E-16));
#9786=DIRECTION('',(9.52530923270909E-17,2.75352932694731E-16,-1.));
#9787=DIRECTION('',(-2.87334433997754E-17,0.880641355553537,0.473783497906828));
#9788=DIRECTION('',(1.,0.,6.06467796508735E-17));
#9789=DIRECTION('',(0.734125435701236,0.676030547341851,0.0635810012279423));
#9790=DIRECTION('',(-0.508090742985181,0.609033577437552,-0.609033577437554));
#9791=DIRECTION('',(-0.662278119002273,0.692224218642338,0.28672865956478));
#9792=DIRECTION('',(-0.54296765034347,-0.707106781186546,0.45297475722218));
#9793=DIRECTION('',(0.640603045076266,0.,0.767872215045587));
#9794=DIRECTION('',(0.839633574348705,-0.466255786984651,0.278605459260479));
#9795=DIRECTION('',(-6.05853170335635E-17,0.0450097487329698,0.998986547716732));
#9796=DIRECTION('',(-1.,0.,-6.06467796508735E-17));
#9797=DIRECTION('',(0.,0.998986547716732,-0.0450097487329705));
#9798=DIRECTION('',(-0.434146127140952,-0.267871745700984,0.860094104237216));
#9799=DIRECTION('',(0.367585322167589,0.818987479459518,0.440613821180742));
#9800=DIRECTION('',(-0.795871566361576,-0.57115194269711,-0.2009325961871));
#9801=DIRECTION('',(-0.438310374173551,0.314550528369788,0.841986924479311));
#9802=DIRECTION('',(0.417699013344561,-0.758184293859745,0.500683643427045));
#9803=DIRECTION('',(0.,-0.707106781186548,0.707106781186548));
#9804=DIRECTION('',(1.,0.,0.));
#9805=DIRECTION('',(0.,0.,1.));
#9806=DIRECTION('',(1.,0.,0.));
#9807=DIRECTION('',(0.,1.,0.));
#9808=DIRECTION('',(1.,0.,0.));
#9809=DIRECTION('',(-0.369854919900794,0.,0.929089521103955));
#9810=DIRECTION('',(0.,0.,-1.));
#9811=DIRECTION('',(0.369854919900794,0.,0.929089521103956));
#9812=DIRECTION('',(-0.687256660817141,0.,-0.726414676450354));
#9813=DIRECTION('',(0.,1.,0.));
#9814=DIRECTION('',(1.,0.,0.));
#9815=DIRECTION('',(0.994798339757986,0.,0.10186394462593));
#9816=DIRECTION('',(-1.,0.,0.));
#9817=DIRECTION('',(0.994798339757986,0.,-0.101863944625933));
#9818=DIRECTION('',(0.,1.,0.));
#9819=DIRECTION('',(1.,0.,0.));
#9820=DIRECTION('',(-0.687256660817141,0.,0.726414676450354));
#9821=DIRECTION('',(0.369854919900794,0.,-0.929089521103955));
#9822=DIRECTION('',(0.,0.,1.));
#9823=DIRECTION('',(-0.369854919900794,0.,-0.929089521103955));
#9824=DIRECTION('',(0.687256660817141,0.,0.726414676450354));
#9825=DIRECTION('',(0.,1.,0.));
#9826=DIRECTION('',(1.,0.,0.));
#9827=DIRECTION('',(1.,0.,0.));
#9828=DIRECTION('',(-0.994798339757986,0.,0.10186394462593));
#9829=DIRECTION('',(0.,1.,0.));
#9830=DIRECTION('',(1.,0.,0.));
#9831=DIRECTION('',(0.687256660817141,0.,-0.726414676450354));
#9832=DIRECTION('',(-0.923879532511287,0.,-0.382683432365089));
#9833=DIRECTION('',(1.,0.,-3.21990436376206E-16));
#9834=DIRECTION('',(-0.923879532511287,0.,0.382683432365089));
#9835=DIRECTION('',(0.707106781186548,0.,-0.707106781186548));
#9836=DIRECTION('',(0.,1.,0.));
#9837=DIRECTION('',(1.,0.,0.));
#9838=DIRECTION('',(-0.707106781186548,0.,-0.707106781186548));
#9839=DIRECTION('',(0.923879532511287,0.,0.382683432365089));
#9840=DIRECTION('',(-1.,0.,3.21990436376206E-16));
#9841=DIRECTION('',(0.923879532511287,0.,-0.382683432365089));
#9842=DIRECTION('',(-0.707106781186548,0.,0.707106781186548));
#9843=DIRECTION('',(0.,1.,0.));
#9844=DIRECTION('',(1.,0.,0.));
#9845=DIRECTION('',(0.707106781186548,0.,0.707106781186548));
#9846=DIRECTION('',(-1.,0.,0.));
#9847=DIRECTION('',(0.,1.,0.));
#9848=DIRECTION('',(0.,0.707106781186546,-0.707106781186549));
#9849=DIRECTION('',(0.,0.,1.));
#9850=DIRECTION('',(0.,-1.,0.));
#9851=DIRECTION('',(0.,0.,-1.));
#9852=DIRECTION('',(0.,1.,0.));
#9853=DIRECTION('',(0.,0.,1.));
#9854=DIRECTION('',(0.,-1.,0.));
#9855=DIRECTION('',(0.,1.,0.));
#9856=DIRECTION('',(1.,0.,0.));
#9857=DIRECTION('',(1.,0.,0.));
#9858=DIRECTION('',(0.,0.,1.));
#9859=DIRECTION('',(-1.,0.,1.92747052886312E-16));
#9860=DIRECTION('',(-1.22464679914735E-16,0.,-1.));
#9861=DIRECTION('',(-1.,0.,2.84368369593412E-16));
#9862=DIRECTION('',(0.,1.,0.));
#9863=DIRECTION('',(1.,0.,0.));
#9864=DIRECTION('',(1.,0.,-1.22464679914735E-16));
#9865=DIRECTION('',(0.,0.,-1.));
#9866=DIRECTION('',(0.,1.,0.));
#9867=DIRECTION('',(1.,0.,0.));
#9868=DIRECTION('',(0.,1.,0.));
#9869=DIRECTION('',(1.,0.,0.));
#9870=DIRECTION('',(1.,0.,-2.84368369593412E-16));
#9871=DIRECTION('',(0.,1.,0.));
#9872=DIRECTION('',(1.,0.,0.));
#9873=DIRECTION('',(0.803365645013057,0.,-0.595486053919615));
#9874=DIRECTION('',(-1.,0.,1.22464679914735E-16));
#9875=DIRECTION('',(1.22464679914735E-16,0.,1.));
#9876=DIRECTION('',(1.,0.,-1.22464679914735E-16));
#9877=DIRECTION('',(0.,0.,-1.));
#9878=DIRECTION('',(-0.369854919900794,0.,0.929089521103955));
#9879=DIRECTION('',(0.687256660817141,0.,-0.726414676450354));
#9880=DIRECTION('',(0.,1.,0.));
#9881=DIRECTION('',(1.,0.,0.));
#9882=DIRECTION('',(-0.994798339757986,0.,0.101863944625933));
#9883=DIRECTION('',(1.,0.,0.));
#9884=DIRECTION('',(-0.994798339757986,0.,-0.10186394462593));
#9885=DIRECTION('',(0.,1.,0.));
#9886=DIRECTION('',(1.,0.,0.));
#9887=DIRECTION('',(0.687256660817141,0.,0.726414676450354));
#9888=DIRECTION('',(-0.369854919900794,0.,-0.929089521103956));
#9889=DIRECTION('',(0.,0.,1.));
#9890=DIRECTION('',(0.369854919900794,0.,-0.929089521103955));
#9891=DIRECTION('',(-0.687256660817141,0.,0.726414676450354));
#9892=DIRECTION('',(0.,1.,0.));
#9893=DIRECTION('',(1.,0.,0.));
#9894=DIRECTION('',(0.994798339757986,0.,-0.10186394462593));
#9895=DIRECTION('',(-1.,0.,0.));
#9896=DIRECTION('',(0.,0.,1.));
#9897=DIRECTION('',(1.,0.,-3.21990436376206E-16));
#9898=DIRECTION('',(-0.923879532511287,0.,-0.382683432365089));
#9899=DIRECTION('',(0.707106781186548,0.,0.707106781186548));
#9900=DIRECTION('',(0.,1.,0.));
#9901=DIRECTION('',(1.,0.,0.));
#9902=DIRECTION('',(-0.707106781186548,0.,0.707106781186548));
#9903=DIRECTION('',(0.923879532511287,0.,-0.382683432365089));
#9904=DIRECTION('',(-1.,0.,3.21990436376206E-16));
#9905=DIRECTION('',(0.923879532511287,0.,0.382683432365089));
#9906=DIRECTION('',(-0.707106781186548,0.,-0.707106781186548));
#9907=DIRECTION('',(0.,1.,0.));
#9908=DIRECTION('',(1.,0.,0.));
#9909=DIRECTION('',(0.,-1.,0.));
#9910=DIRECTION('',(-1.,0.,0.));
#9911=DIRECTION('',(0.,-1.,0.));
#9912=DIRECTION('',(0.,1.,0.));
#9913=DIRECTION('',(1.,0.,0.));
#9914=DIRECTION('',(0.,-1.,0.));
#9915=DIRECTION('',(0.,1.,0.));
#9916=DIRECTION('',(1.,0.,0.));
#9917=DIRECTION('',(0.,-1.,0.));
#9918=DIRECTION('',(0.,1.,0.));
#9919=DIRECTION('',(1.,0.,0.));
#9920=DIRECTION('',(0.,-1.,0.));
#9921=DIRECTION('',(0.,1.,0.));
#9922=DIRECTION('',(1.,0.,0.));
#9923=DIRECTION('',(0.707106781186548,0.,0.707106781186548));
#9924=DIRECTION('',(0.707106781186548,0.,-0.707106781186548));
#9925=DIRECTION('',(0.,1.,0.));
#9926=DIRECTION('',(-0.707106781186548,0.,0.707106781186548));
#9927=DIRECTION('',(0.,-1.,0.));
#9928=DIRECTION('',(0.707106781186548,0.,-0.707106781186548));
#9929=DIRECTION('',(0.,-1.,0.));
#9930=DIRECTION('',(-1.,0.,0.));
#9931=DIRECTION('',(0.,-1.,0.));
#9932=DIRECTION('',(0.,1.,0.));
#9933=DIRECTION('',(1.,0.,0.));
#9934=DIRECTION('',(0.,-1.,0.));
#9935=DIRECTION('',(0.,1.,0.));
#9936=DIRECTION('',(1.,0.,0.));
#9937=DIRECTION('',(-0.726414676450354,0.,0.687256660817141));
#9938=DIRECTION('',(0.687256660817141,0.,0.726414676450354));
#9939=DIRECTION('',(0.,1.,0.));
#9940=DIRECTION('',(0.687256660817141,0.,0.726414676450354));
#9941=DIRECTION('',(0.,-1.,0.));
#9942=DIRECTION('',(-0.687256660817141,0.,-0.726414676450354));
#9943=DIRECTION('',(1.22464679914735E-16,0.,1.));
#9944=DIRECTION('',(1.,0.,-1.22464679914735E-16));
#9945=DIRECTION('',(-1.,0.,1.22464679914735E-16));
#9946=DIRECTION('',(-1.00794185545977E-48,1.,1.23437276701545E-64));
#9947=DIRECTION('',(1.,0.,-1.22464679914735E-16));
#9948=DIRECTION('',(0.,1.,0.));
#9949=DIRECTION('',(-1.,0.,1.22464679914735E-16));
#9950=DIRECTION('',(0.,-1.,0.));
#9951=DIRECTION('',(1.,0.,-1.22464679914735E-16));
#9952=DIRECTION('',(0.,1.,0.));
#9953=DIRECTION('',(0.,0.,-1.));
#9954=DIRECTION('',(0.,1.,0.));
#9955=DIRECTION('',(0.,0.,-1.));
#9956=DIRECTION('',(0.,1.,0.));
#9957=DIRECTION('',(-1.,0.,0.));
#9958=DIRECTION('',(0.,1.,0.));
#9959=DIRECTION('',(0.,-1.,0.));
#9960=DIRECTION('',(0.,0.,-1.));
#9961=DIRECTION('',(0.,-1.,0.));
#9962=DIRECTION('',(0.,0.,1.));
#9963=DIRECTION('',(0.,-1.,0.));
#9964=DIRECTION('',(-1.,0.,0.));
#9965=DIRECTION('',(0.,-1.,0.));
#9966=DIRECTION('',(-1.,0.,0.));
#9967=DIRECTION('',(0.,-1.,0.));
#9968=DIRECTION('',(2.01078802494464E-16,-0.707106781186547,0.707106781186548));
#9969=DIRECTION('',(-2.01078802494464E-16,-0.707106781186548,-0.707106781186547));
#9970=DIRECTION('',(0.,-1.,0.));
#9971=DIRECTION('',(0.,1.,0.));
#9972=DIRECTION('',(1.,0.,0.));
#9973=DIRECTION('',(0.,-1.,0.));
#9974=DIRECTION('',(-1.,0.,0.));
#9975=DIRECTION('',(0.,1.,0.));
#9976=DIRECTION('',(1.,0.,0.));
#9977=DIRECTION('',(0.,-1.,0.));
#9978=DIRECTION('',(0.,1.,0.));
#9979=DIRECTION('',(1.,0.,0.));
#9980=DIRECTION('',(0.,-1.,0.));
#9981=DIRECTION('',(3.21990436376206E-16,0.,1.));
#9982=DIRECTION('',(1.,0.,-3.21990436376206E-16));
#9983=DIRECTION('',(0.,-1.,0.));
#9984=DIRECTION('',(-1.,0.,3.21990436376206E-16));
#9985=DIRECTION('',(0.,-1.,0.));
#9986=DIRECTION('',(1.,0.,-3.21990436376206E-16));
#9987=DIRECTION('',(0.,1.,0.));
#9988=DIRECTION('',(-1.,0.,3.21990436376206E-16));
#9989=DIRECTION('',(3.21990436376206E-16,0.,1.));
#9990=DIRECTION('',(1.,0.,-3.21990436376206E-16));
#9991=DIRECTION('',(0.707106781186548,0.,-0.707106781186548));
#9992=DIRECTION('',(-0.707106781186548,0.,-0.707106781186548));
#9993=DIRECTION('',(0.707106781186548,0.,0.707106781186548));
#9994=DIRECTION('',(0.,1.,0.));
#9995=DIRECTION('',(-0.707106781186548,0.,-0.707106781186548));
#9996=DIRECTION('',(0.,-1.,0.));
#9997=DIRECTION('',(-0.707106781186548,0.,-0.707106781186548));
#9998=DIRECTION('',(-0.707106781186548,0.,0.707106781186548));
#9999=DIRECTION('',(0.707106781186548,0.,-0.707106781186548));
#10000=DIRECTION('',(0.,-1.,0.));
#10001=DIRECTION('',(-0.707106781186548,0.,0.707106781186548));
#10002=DIRECTION('',(0.,1.,0.));
#10003=DIRECTION('',(-3.21990436376206E-16,0.,-1.));
#10004=DIRECTION('',(-1.,0.,3.21990436376206E-16));
#10005=DIRECTION('',(-1.,0.,3.21990436376206E-16));
#10006=DIRECTION('',(0.,1.,0.));
#10007=DIRECTION('',(1.,0.,-3.21990436376206E-16));
#10008=DIRECTION('',(0.,-1.,0.));
#10009=DIRECTION('',(-3.21990436376206E-16,0.,-1.));
#10010=DIRECTION('',(-1.,0.,3.21990436376206E-16));
#10011=DIRECTION('',(-1.,0.,0.));
#10012=DIRECTION('',(0.,1.,0.));
#10013=DIRECTION('',(0.,0.,-1.));
#10014=DIRECTION('',(0.,-1.,0.));
#10015=DIRECTION('',(0.,0.,1.));
#10016=DIRECTION('',(0.,1.,0.));
#10017=DIRECTION('',(-0.726414676450354,0.,-0.687256660817141));
#10018=DIRECTION('',(-0.687256660817141,0.,0.726414676450354));
#10019=DIRECTION('',(0.687256660817141,0.,-0.726414676450354));
#10020=DIRECTION('',(0.,-1.,0.));
#10021=DIRECTION('',(-0.687256660817141,0.,0.726414676450354));
#10022=DIRECTION('',(0.,1.,0.));
#10023=DIRECTION('',(0.,-1.,0.));
#10024=DIRECTION('',(-1.,0.,0.));
#10025=DIRECTION('',(0.,1.,0.));
#10026=DIRECTION('',(1.,0.,0.));
#10027=DIRECTION('',(0.,-1.,0.));
#10028=DIRECTION('',(0.,1.,0.));
#10029=DIRECTION('',(1.,0.,0.));
#10030=DIRECTION('',(0.,-1.,0.));
#10031=DIRECTION('',(0.,0.,-1.));
#10032=DIRECTION('',(0.,1.,0.));
#10033=DIRECTION('',(0.,1.,0.));
#10034=DIRECTION('',(1.,0.,0.));
#10035=DIRECTION('',(0.,-1.,0.));
#10036=DIRECTION('',(-1.,0.,0.));
#10037=DIRECTION('',(0.,0.,-1.));
#10038=DIRECTION('',(0.,1.,0.));
#10039=DIRECTION('',(0.726414676450354,0.,0.687256660817141));
#10040=DIRECTION('',(0.687256660817141,0.,-0.726414676450354));
#10041=DIRECTION('',(-0.687256660817141,0.,0.726414676450354));
#10042=DIRECTION('',(0.,-1.,0.));
#10043=DIRECTION('',(0.687256660817141,0.,-0.726414676450354));
#10044=DIRECTION('',(0.,1.,0.));
#10045=DIRECTION('',(0.,-1.,0.));
#10046=DIRECTION('',(-1.,0.,0.));
#10047=DIRECTION('',(0.,1.,0.));
#10048=DIRECTION('',(1.,0.,0.));
#10049=DIRECTION('',(0.,-1.,0.));
#10050=DIRECTION('',(0.,1.,0.));
#10051=DIRECTION('',(1.,0.,0.));
#10052=DIRECTION('',(0.,-1.,0.));
#10053=DIRECTION('',(0.,0.,1.));
#10054=DIRECTION('',(0.,-1.,0.));
#10055=DIRECTION('',(1.,0.,0.));
#10056=DIRECTION('',(0.,1.,0.));
#10057=DIRECTION('',(-1.,0.,0.));
#10058=DIRECTION('',(0.,-1.,0.));
#10059=DIRECTION('',(-3.82856869892695E-16,0.,-1.));
#10060=DIRECTION('',(-1.,0.,3.82856869892695E-16));
#10061=DIRECTION('',(0.,-1.,0.));
#10062=DIRECTION('',(-1.,0.,0.));
#10063=DIRECTION('',(0.,1.,0.));
#10064=DIRECTION('',(1.,0.,0.));
#10065=DIRECTION('',(0.,-1.,0.));
#10066=DIRECTION('',(0.,1.,0.));
#10067=DIRECTION('',(1.,0.,0.));
#10068=DIRECTION('',(0.,-1.,0.));
#10069=DIRECTION('',(0.726414676450354,0.,-0.687256660817141));
#10070=DIRECTION('',(-0.687256660817141,0.,-0.726414676450354));
#10071=DIRECTION('',(0.687256660817141,0.,0.726414676450354));
#10072=DIRECTION('',(0.,1.,0.));
#10073=DIRECTION('',(-0.687256660817141,0.,-0.726414676450354));
#10074=DIRECTION('',(0.,-1.,0.));
#10075=DIRECTION('',(-0.707106781186548,0.,0.707106781186548));
#10076=DIRECTION('',(0.707106781186548,0.,0.707106781186548));
#10077=DIRECTION('',(-0.707106781186548,0.,-0.707106781186548));
#10078=DIRECTION('',(0.,1.,0.));
#10079=DIRECTION('',(0.707106781186548,0.,0.707106781186548));
#10080=DIRECTION('',(0.,-1.,0.));
#10081=DIRECTION('',(-3.82856869892695E-16,0.,1.));
#10082=DIRECTION('',(1.,0.,3.82856869892695E-16));
#10083=DIRECTION('',(-3.82856869892695E-16,0.,-1.));
#10084=DIRECTION('',(-1.,0.,3.82856869892695E-16));
#10085=DIRECTION('',(-0.866025403784439,0.,-0.5));
#10086=DIRECTION('',(-0.5,0.,0.866025403784439));
#10087=DIRECTION('',(-0.866025403784439,0.,-0.5));
#10088=DIRECTION('',(-0.5,0.,0.866025403784439));
#10089=DIRECTION('',(0.866025403784439,0.,0.5));
#10090=DIRECTION('',(0.5,0.,-0.866025403784439));
#10091=DIRECTION('',(-0.866025403784439,0.,0.5));
#10092=DIRECTION('',(0.5,0.,0.866025403784439));
#10093=DIRECTION('',(-0.866025403784439,0.,0.5));
#10094=DIRECTION('',(0.5,0.,0.866025403784439));
#10095=DIRECTION('',(0.866025403784439,0.,-0.5));
#10096=DIRECTION('',(-0.5,0.,-0.866025403784439));
#10097=DIRECTION('',(-0.866025403784439,0.,0.5));
#10098=DIRECTION('',(0.5,0.,0.866025403784439));
#10099=DIRECTION('',(0.866025403784439,0.,-0.5));
#10100=DIRECTION('',(-0.5,0.,-0.866025403784439));
#10101=DIRECTION('',(0.866025403784439,0.,-0.5));
#10102=DIRECTION('',(-0.5,0.,-0.866025403784439));
#10103=DIRECTION('',(-0.866025403784439,0.,-0.5));
#10104=DIRECTION('',(-0.5,0.,0.866025403784439));
#10105=DIRECTION('',(0.866025403784439,0.,0.5));
#10106=DIRECTION('',(0.5,0.,-0.866025403784439));
#10107=DIRECTION('',(0.866025403784439,0.,0.5));
#10108=DIRECTION('',(0.5,0.,-0.866025403784439));
#10109=DIRECTION('',(2.84368369593412E-16,0.,1.));
#10110=DIRECTION('',(1.,0.,-2.84368369593412E-16));
#10111=DIRECTION('',(-1.,0.,2.84368369593412E-16));
#10112=DIRECTION('',(0.,1.,0.));
#10113=DIRECTION('',(1.,0.,-2.84368369593412E-16));
#10114=DIRECTION('',(0.,-1.,0.));
#10115=DIRECTION('',(-1.,0.,0.));
#10116=DIRECTION('',(1.22464679914735E-16,0.,1.));
#10117=DIRECTION('',(1.,0.,-1.92747052886312E-16));
#10118=DIRECTION('',(0.,0.,-1.));
#10119=DIRECTION('',(-1.,0.,0.));
#10120=DIRECTION('',(1.22464679914735E-16,0.,1.));
#10121=DIRECTION('',(1.,0.,-1.22464679914735E-16));
#10122=DIRECTION('',(0.,-1.,0.));
#10123=DIRECTION('',(-1.,0.,0.));
#10124=DIRECTION('',(0.,0.,1.));
#10125=DIRECTION('',(-1.,0.,1.22464679914735E-16));
#10126=DIRECTION('',(-1.,-1.00794185545977E-48,1.22464679914735E-16));
#10127=DIRECTION('',(1.22464679914735E-16,0.,1.));
#10128=DIRECTION('',(0.,1.,0.));
#10129=DIRECTION('',(1.22464679914735E-16,0.,1.));
#10130=DIRECTION('',(0.,1.,0.));
#10131=DIRECTION('',(-8.65956056235494E-17,0.707106781186547,-0.707106781186548));
#10132=DIRECTION('',(1.00794185545977E-48,-1.,-1.23437276701545E-64));
#10133=DIRECTION('',(1.00794185545977E-48,-1.,0.));
#10134=DIRECTION('',(8.65956056235494E-17,0.707106781186548,0.707106781186548));
#10135=DIRECTION('',(1.22464679914735E-16,0.,1.));
#10136=DIRECTION('',(1.,0.,-1.22464679914735E-16));
#10137=DIRECTION('',(0.,1.,0.));
#10138=DIRECTION('',(-1.,0.,0.));
#10139=DIRECTION('',(0.,1.,0.));
#10140=DIRECTION('',(0.,0.,1.));
#10141=DIRECTION('',(0.,1.,0.));
#10142=DIRECTION('',(0.,0.,-1.));
#10143=DIRECTION('',(0.,1.,0.));
#10144=DIRECTION('',(1.,0.,0.));
#10145=DIRECTION('',(-0.923879532511287,0.,0.382683432365089));
#10146=DIRECTION('',(1.,0.,-3.21990436376206E-16));
#10147=DIRECTION('',(0.,1.,0.));
#10148=DIRECTION('',(1.,0.,0.));
#10149=DIRECTION('',(-0.687256660817141,0.,-0.726414676450354));
#10150=DIRECTION('',(0.369854919900794,0.,0.929089521103955));
#10151=DIRECTION('',(0.,0.,-1.));
#10152=DIRECTION('',(-1.,0.,1.22464679914735E-16));
#10153=DIRECTION('',(0.,1.,0.));
#10154=DIRECTION('',(1.,0.,0.));
#10155=DIRECTION('',(0.707106781186548,0.,-0.707106781186548));
#10156=DIRECTION('',(0.,0.,1.));
#10157=DIRECTION('',(0.,-1.,0.));
#10158=DIRECTION('',(0.,0.,-1.));
#10159=DIRECTION('',(0.,1.,0.));
#10160=DIRECTION('',(0.,0.,-1.));
#10161=DIRECTION('',(0.,1.,0.));
#10162=DIRECTION('',(0.,0.,1.));
#10163=DIRECTION('',(0.,-1.,0.));
#10164=DIRECTION('',(0.,0.,-1.));
#10165=DIRECTION('',(0.,1.,0.));
#10166=DIRECTION('',(0.,0.,-1.));
#10167=DIRECTION('',(0.,1.,0.));
#10168=DIRECTION('',(-1.92747052886312E-16,0.,-1.));
#10169=DIRECTION('',(-1.,0.,1.92747052886312E-16));
#10170=DIRECTION('',(0.,1.,0.));
#10171=DIRECTION('',(-1.,0.,1.92747052886312E-16));
#10172=DIRECTION('',(1.,0.,-1.92747052886312E-16));
#10173=DIRECTION('',(1.,0.,0.));
#10174=DIRECTION('',(0.,-1.,0.));
#10175=DIRECTION('',(0.,1.,0.));
#10176=DIRECTION('',(0.,0.,1.));
#10177=DIRECTION('',(0.,0.,-1.));
#10178=DIRECTION('',(0.,0.,-1.));
#10179=DIRECTION('',(0.,1.,0.));
#10180=DIRECTION('',(1.,0.,0.));
#10181=DIRECTION('',(-1.,0.,0.));
#10182=DIRECTION('',(0.,-0.707106781186548,0.707106781186548));
#10183=DIRECTION('',(1.,0.,0.));
#10184=DIRECTION('',(-0.577350269189626,0.577350269189626,0.577350269189626));
#10185=DIRECTION('',(-0.707106781186548,-0.707106781186548,0.));
#10186=DIRECTION('',(0.,0.,1.));
#10187=DIRECTION('',(0.577350269189625,-0.577350269189625,0.577350269189627));
#10188=DIRECTION('',(1.36292748149633E-16,0.707106781186548,0.707106781186547));
#10189=DIRECTION('',(-1.,0.,1.92747052886312E-16));
#10190=DIRECTION('',(0.707106781186546,0.707106781186549,-8.65956056235491E-17));
#10191=DIRECTION('',(1.22464679914735E-16,0.,1.));
#10192=DIRECTION('',(-0.577350269189628,0.577350269189626,-0.577350269189624));
#10193=DIRECTION('',(0.577350269189627,-0.577350269189625,-0.577350269189625));
#10194=DIRECTION('',(1.36292748149633E-16,-0.707106781186548,0.707106781186548));
#10195=DIRECTION('',(-1.,0.,1.92747052886312E-16));
#10196=DIRECTION('',(0.577350269189626,0.577350269189626,0.577350269189626));
#10197=DIRECTION('',(0.,0.707106781186546,0.707106781186549));
#10198=DIRECTION('',(1.,0.,0.));
#10199=DIRECTION('',(0.577350269189626,0.577350269189626,-0.577350269189624));
#10200=DIRECTION('',(-0.707106781186548,0.707106781186548,0.));
#10201=DIRECTION('',(0.,0.,1.));
#10202=DIRECTION('',(0.00551864699249451,0.580011372244447,-0.814589683584617));
#10203=DIRECTION('',(0.,0.814602088221606,0.580020204704111));
#10204=DIRECTION('',(0.999977052125128,-6.98491373480714E-15,0.00677460132687351));
#10205=DIRECTION('',(-0.493155445549001,-0.707073878754897,-0.506798023385917));
#10206=DIRECTION('',(-0.00677460132687351,0.,0.999977052125129));
#10207=DIRECTION('',(0.,-1.,0.));
#10208=DIRECTION('',(-0.999977052125128,-7.61618580247772E-15,-0.00677460132687352));
#10209=DIRECTION('',(0.5,-0.707106781186545,0.5));
#10210=DIRECTION('',(0.707106781186548,0.,-0.707106781186548));
#10211=DIRECTION('',(-0.5,-0.707106781186549,-0.5));
#10212=DIRECTION('',(0.,-1.,0.));
#10213=DIRECTION('',(-1.,0.,0.));
#10214=DIRECTION('',(0.0055186469924949,-0.580011372244443,-0.814589683584619));
#10215=DIRECTION('',(0.,0.814602088221609,-0.580020204704107));
#10216=DIRECTION('',(-0.493155445549006,0.707073878754897,-0.506798023385912));
#10217=DIRECTION('',(-0.281084637714821,0.678598344545845,-0.678598344545849));
#10218=DIRECTION('',(0.,0.70710678118655,0.707106781186546));
#10219=DIRECTION('',(0.923879532511287,0.,-0.382683432365089));
#10220=DIRECTION('',(0.,0.707106781186548,0.707106781186548));
#10221=DIRECTION('',(0.00551864699251056,0.580011372244447,0.814589683584616));
#10222=DIRECTION('',(0.,-0.814602088221606,0.580020204704111));
#10223=DIRECTION('',(-0.493155445548991,-0.707073878754897,0.506798023385926));
#10224=DIRECTION('',(-0.999977052125128,9.51686093115884E-17,0.00677460132689811));
#10225=DIRECTION('',(-0.00677460132689811,0.,-0.999977052125128));
#10226=DIRECTION('',(0.,-1.,0.));
#10227=DIRECTION('',(0.999977052125128,7.29109003492311E-17,-0.00677460132689811));
#10228=DIRECTION('',(0.,1.,0.));
#10229=DIRECTION('',(1.,0.,0.));
#10230=DIRECTION('',(-0.5,-0.707106781186545,-0.5));
#10231=DIRECTION('',(-0.707106781186548,0.,0.707106781186548));
#10232=DIRECTION('',(0.5,-0.707106781186549,0.5));
#10233=DIRECTION('',(-0.382683432365089,0.,-0.923879532511287));
#10234=DIRECTION('',(0.,1.,0.));
#10235=DIRECTION('',(-0.923879532511287,0.,0.382683432365089));
#10236=DIRECTION('',(2.27681621038831E-16,-0.707106781186548,0.707106781186548));
#10237=DIRECTION('',(1.,0.,-3.21990436376206E-16));
#10238=DIRECTION('',(0.,-0.707106781186548,-0.707106781186548));
#10239=DIRECTION('',(-0.5,0.707106781186545,0.5));
#10240=DIRECTION('',(-0.707106781186548,0.,-0.707106781186548));
#10241=DIRECTION('',(0.5,0.707106781186549,-0.5));
#10242=DIRECTION('',(0.00551864699251054,-0.580011372244447,0.814589683584617));
#10243=DIRECTION('',(0.,-0.814602088221606,-0.580020204704111));
#10244=DIRECTION('',(-0.493155445548991,0.707073878754897,0.506798023385926));
#10245=DIRECTION('',(-0.28108463771482,-0.678598344545847,-0.678598344545847));
#10246=DIRECTION('',(0.,0.707106781186548,-0.707106781186548));
#10247=DIRECTION('',(0.,0.707106781186548,-0.707106781186548));
#10248=DIRECTION('',(0.28108463771482,0.678598344545847,-0.678598344545847));
#10249=DIRECTION('',(0.,0.707106781186548,0.707106781186548));
#10250=DIRECTION('',(-0.923879532511287,0.,-0.382683432365089));
#10251=DIRECTION('',(-0.5,0.707106781186549,0.5));
#10252=DIRECTION('',(-0.28108463771482,0.678598344545847,0.678598344545847));
#10253=DIRECTION('',(0.,-0.707106781186548,0.707106781186548));
#10254=DIRECTION('',(0.,-0.707106781186548,0.707106781186548));
#10255=DIRECTION('',(0.923879532511287,0.,0.382683432365089));
#10256=DIRECTION('',(0.382683432365089,0.,-0.923879532511287));
#10257=DIRECTION('',(0.,-1.,0.));
#10258=DIRECTION('',(-0.923879532511287,0.,-0.382683432365089));
#10259=DIRECTION('',(0.5,0.707106781186545,-0.5));
#10260=DIRECTION('',(0.707106781186548,0.,0.707106781186548));
#10261=DIRECTION('',(-0.5,0.707106781186549,0.5));
#10262=DIRECTION('',(-2.27681621038831E-16,-0.707106781186548,-0.707106781186548));
#10263=DIRECTION('',(-1.,0.,3.21990436376206E-16));
#10264=DIRECTION('',(0.,-0.707106781186548,0.707106781186548));
#10265=DIRECTION('',(-0.382683432365089,0.,0.923879532511287));
#10266=DIRECTION('',(0.,-1.,0.));
#10267=DIRECTION('',(0.923879532511287,0.,0.382683432365089));
#10268=DIRECTION('',(0.5,0.707106781186545,-0.5));
#10269=DIRECTION('',(0.707106781186548,0.,0.707106781186548));
#10270=DIRECTION('',(0.493155445549001,-0.707073878754897,-0.506798023385916));
#10271=DIRECTION('',(0.513652743671475,-0.707106781186551,0.485963845279422));
#10272=DIRECTION('',(0.687256660817141,0.,-0.726414676450354));
#10273=DIRECTION('',(0.51365274367148,0.707106781186544,0.485963845279426));
#10274=DIRECTION('',(0.0245099676964295,0.57825422666772,0.815488387915142));
#10275=DIRECTION('',(-0.929089521103955,0.,-0.369854919900794));
#10276=DIRECTION('',(0.,1.,0.));
#10277=DIRECTION('',(0.369854919900794,0.,-0.929089521103955));
#10278=DIRECTION('',(-0.369854919900794,0.,0.929089521103955));
#10279=DIRECTION('',(-0.707106781186548,-0.707106781186548,0.));
#10280=DIRECTION('',(0.,0.,1.));
#10281=DIRECTION('',(-0.707106781186548,0.707106781186548,0.));
#10282=DIRECTION('',(0.707106781186548,-0.707106781186548,0.));
#10283=DIRECTION('',(-0.680654889832327,-0.680654889832332,-0.2709572694996));
#10284=DIRECTION('',(-0.707106781186551,0.707106781186545,0.));
#10285=DIRECTION('',(-0.51365274367148,0.707106781186545,-0.485963845279425));
#10286=DIRECTION('',(-0.566563575879871,0.680118283938029,-0.465236320958934));
#10287=DIRECTION('',(0.768333309090178,0.64004994035039,0.));
#10288=DIRECTION('',(0.634613015683039,-5.84615652574808E-16,-0.772830072089382));
#10289=DIRECTION('',(0.707106781186548,-0.707106781186548,0.));
#10290=DIRECTION('',(0.,0.,1.));
#10291=DIRECTION('',(0.707106781186548,0.707106781186548,0.));
#10292=DIRECTION('',(-0.577350269189626,-0.577350269189626,-0.577350269189626));
#10293=DIRECTION('',(-2.27681621038831E-16,-0.707106781186548,-0.707106781186548));
#10294=DIRECTION('',(-1.,0.,3.21990436376206E-16));
#10295=DIRECTION('',(2.27979964804465E-15,-0.707106781186548,0.707106781186548));
#10296=DIRECTION('',(-0.281084637714821,-0.678598344545845,0.678598344545849));
#10297=DIRECTION('',(0.,-0.70710678118655,-0.707106781186546));
#10298=DIRECTION('',(0.,-0.707106781186548,-0.707106781186548));
#10299=DIRECTION('',(0.281084637714821,-0.678598344545845,-0.678598344545849));
#10300=DIRECTION('',(0.,0.70710678118655,-0.707106781186546));
#10301=DIRECTION('',(0.5,0.707106781186549,-0.5));
#10302=DIRECTION('',(-0.00551864699249855,0.580011372244445,-0.814589683584618));
#10303=DIRECTION('',(0.,0.814602088221608,0.580020204704109));
#10304=DIRECTION('',(0.999977052125128,1.40117708105298E-16,-0.00677460132688333));
#10305=DIRECTION('',(-0.680654889832329,0.680654889832329,-0.270957269499602));
#10306=DIRECTION('',(0.707106781186548,0.707106781186548,0.));
#10307=DIRECTION('',(-0.707106781186548,-0.707106781186548,0.));
#10308=DIRECTION('',(-0.680654889832329,-0.680654889832329,0.270957269499602));
#10309=DIRECTION('',(-0.707106781186548,0.707106781186548,0.));
#10310=DIRECTION('',(-0.369854919900794,0.,-0.929089521103956));
#10311=DIRECTION('',(0.513652743671477,-0.707106781186547,-0.485963845279425));
#10312=DIRECTION('',(-0.513652743671475,-0.707106781186551,-0.485963845279422));
#10313=DIRECTION('',(-0.687256660817141,0.,0.726414676450354));
#10314=DIRECTION('',(0.0245099676964495,-0.578254226667729,0.815488387915135));
#10315=DIRECTION('',(0.772830072089382,0.,0.634613015683039));
#10316=DIRECTION('',(0.,-1.,0.));
#10317=DIRECTION('',(-0.634613015683039,-9.26611904222017E-16,0.772830072089382));
#10318=DIRECTION('',(0.,1.,0.));
#10319=DIRECTION('',(1.,0.,0.));
#10320=DIRECTION('',(-0.143308034502277,-0.707106781186548,-0.692432529021488));
#10321=DIRECTION('',(0.,-0.707106781186548,0.707106781186548));
#10322=DIRECTION('',(1.,0.,0.));
#10323=DIRECTION('',(0.,0.707106781186548,0.707106781186548));
#10324=DIRECTION('',(-0.577350269189625,0.577350269189625,0.577350269189627));
#10325=DIRECTION('',(0.,-0.707106781186549,0.707106781186546));
#10326=DIRECTION('',(-0.707106781186548,2.31552626634447E-15,-0.707106781186548));
#10327=DIRECTION('',(2.27681621038831E-16,-0.707106781186548,0.707106781186548));
#10328=DIRECTION('',(1.,0.,-3.21990436376206E-16));
#10329=DIRECTION('',(0.,0.707106781186548,0.707106781186548));
#10330=DIRECTION('',(-0.5,0.707106781186545,0.5));
#10331=DIRECTION('',(-0.707106781186548,0.,-0.707106781186548));
#10332=DIRECTION('',(0.493155445549001,0.707073878754897,-0.506798023385917));
#10333=DIRECTION('',(0.00677460132688333,0.,0.999977052125129));
#10334=DIRECTION('',(0.,-1.,0.));
#10335=DIRECTION('',(-0.999977052125129,1.40985069843286E-16,0.00677460132688333));
#10336=DIRECTION('',(0.,-1.,0.));
#10337=DIRECTION('',(-1.,0.,0.));
#10338=DIRECTION('',(-0.61214795905673,-0.707106781186549,-0.353941910802716));
#10339=DIRECTION('',(2.01078802494464E-16,-0.707106781186547,0.707106781186548));
#10340=DIRECTION('',(-1.,0.,2.84368369593412E-16));
#10341=DIRECTION('',(0.707106781186548,-0.707106781186548,0.));
#10342=DIRECTION('',(0.,0.,-1.));
#10343=DIRECTION('',(0.707106781186548,0.707106781186548,0.));
#10344=DIRECTION('',(0.929089521103956,0.,-0.369854919900794));
#10345=DIRECTION('',(0.,-1.,0.));
#10346=DIRECTION('',(0.369854919900794,0.,0.929089521103956));
#10347=DIRECTION('',(0.513652743671477,0.707106781186549,-0.485963845279423));
#10348=DIRECTION('',(0.687256660817141,0.,0.726414676450354));
#10349=DIRECTION('',(0.0245099676963848,-0.578254226667701,-0.815488387915157));
#10350=DIRECTION('',(-0.56656357587987,-0.680118283938031,-0.465236320958933));
#10351=DIRECTION('',(-0.768333309090179,0.640049940350388,0.));
#10352=DIRECTION('',(-0.072216263353017,0.705260523249149,-0.70526052324915));
#10353=DIRECTION('',(0.,0.707106781186548,0.707106781186548));
#10354=DIRECTION('',(-0.994798339757986,0.,0.10186394462593));
#10355=DIRECTION('',(0.707106781186548,0.,-0.707106781186548));
#10356=DIRECTION('',(0.,1.,0.));
#10357=DIRECTION('',(0.577350269189626,-0.577350269189625,0.577350269189626));
#10358=DIRECTION('',(0.28108463771482,-0.678598344545847,0.678598344545847));
#10359=DIRECTION('',(0.,-0.707106781186548,-0.707106781186548));
#10360=DIRECTION('',(0.923879532511287,0.,-0.382683432365089));
#10361=DIRECTION('',(-0.5,-0.707106781186549,-0.5));
#10362=DIRECTION('',(-0.00551864699249855,-0.580011372244445,-0.814589683584618));
#10363=DIRECTION('',(0.,0.814602088221608,-0.580020204704109));
#10364=DIRECTION('',(0.856809171453293,0.,-0.515633633225687));
#10365=DIRECTION('',(-0.680654889832329,0.68065488983233,0.270957269499601));
#10366=DIRECTION('',(0.707106781186548,0.707106781186547,0.));
#10367=DIRECTION('',(-0.513652743671477,-0.707106781186547,0.485963845279425));
#10368=DIRECTION('',(-0.566563575879868,-0.680118283938028,0.46523632095894));
#10369=DIRECTION('',(-0.768333309090179,0.640049940350388,0.));
#10370=DIRECTION('',(0.634613015683045,2.11195333324437E-15,0.772830072089377));
#10371=DIRECTION('',(0.,-1.,0.));
#10372=DIRECTION('',(-1.,0.,0.));
#10373=DIRECTION('',(0.143308034502277,-0.707106781186548,0.692432529021488));
#10374=DIRECTION('',(0.10186394462593,0.,0.994798339757986));
#10375=DIRECTION('',(0.,-1.,0.));
#10376=DIRECTION('',(0.994798339757986,0.,-0.10186394462593));
#10377=DIRECTION('',(-2.27681621038831E-16,-0.707106781186548,-0.707106781186547));
#10378=DIRECTION('',(-1.,0.,3.21990436376206E-16));
#10379=DIRECTION('',(0.,0.707106781186547,-0.707106781186548));
#10380=DIRECTION('',(0.382683432365089,0.,0.923879532511287));
#10381=DIRECTION('',(0.,1.,0.));
#10382=DIRECTION('',(-0.923879532511287,0.,0.382683432365089));
#10383=DIRECTION('',(0.5,-0.707106781186545,0.5));
#10384=DIRECTION('',(0.707106781186548,0.,-0.707106781186548));
#10385=DIRECTION('',(0.493155445548991,0.707073878754897,0.506798023385927));
#10386=DIRECTION('',(0.,1.,0.));
#10387=DIRECTION('',(1.,0.,0.));
#10388=DIRECTION('',(0.515633633225678,0.,0.856809171453298));
#10389=DIRECTION('',(0.,-1.,0.));
#10390=DIRECTION('',(0.856809171453298,4.24368337420179E-15,-0.515633633225678));
#10391=DIRECTION('',(-2.01078802494463E-16,0.707106781186549,-0.707106781186547));
#10392=DIRECTION('',(1.,0.,-2.84368369593412E-16));
#10393=DIRECTION('',(0.270246840429618,-0.680796094744163,-0.680796094744165));
#10394=DIRECTION('',(-0.513652743671477,0.707106781186549,0.485963845279423));
#10395=DIRECTION('',(-0.687256660817141,0.,-0.726414676450354));
#10396=DIRECTION('',(0.024509967696366,0.578254226667692,-0.815488387915164));
#10397=DIRECTION('',(0.772830072089377,0.,-0.634613015683045));
#10398=DIRECTION('',(0.,-1.,0.));
#10399=DIRECTION('',(-0.634613015683045,1.9687107830364E-15,-0.772830072089377));
#10400=DIRECTION('',(0.,-1.,0.));
#10401=DIRECTION('',(-1.,0.,0.));
#10402=DIRECTION('',(-0.143308034502277,0.707106781186548,0.692432529021488));
#10403=DIRECTION('',(-0.072216263353017,-0.705260523249149,-0.705260523249149));
#10404=DIRECTION('',(0.,0.707106781186548,-0.707106781186548));
#10405=DIRECTION('',(0.,0.707106781186548,-0.707106781186548));
#10406=DIRECTION('',(0.28108463771482,0.678598344545845,0.678598344545849));
#10407=DIRECTION('',(0.,-0.70710678118655,0.707106781186546));
#10408=DIRECTION('',(0.5,-0.707106781186549,0.5));
#10409=DIRECTION('',(-0.00551864699251094,-0.580011372244447,0.814589683584616));
#10410=DIRECTION('',(0.,-0.814602088221606,-0.580020204704111));
#10411=DIRECTION('',(0.999977052125128,-7.60540251999787E-16,0.00677460132689811));
#10412=DIRECTION('',(-0.431909912416939,0.546238883716865,-0.717688588087999));
#10413=DIRECTION('',(0.,0.795737063857268,0.605642241924897));
#10414=DIRECTION('',(0.,1.,0.));
#10415=DIRECTION('',(1.,0.,0.));
#10416=DIRECTION('',(-0.707106781186548,0.707106781186548,0.));
#10417=DIRECTION('',(-0.566563575879869,0.680118283938027,0.46523632095894));
#10418=DIRECTION('',(0.768333309090178,0.64004994035039,0.));
#10419=DIRECTION('',(-0.0722162633530162,-0.705260523249149,0.70526052324915));
#10420=DIRECTION('',(0.,-0.707106781186548,-0.707106781186547));
#10421=DIRECTION('',(-0.994798339757986,0.,-0.10186394462593));
#10422=DIRECTION('',(0.,-0.707106781186548,-0.707106781186548));
#10423=DIRECTION('',(0.,-0.707106781186548,-0.707106781186548));
#10424=DIRECTION('',(-1.,0.,0.));
#10425=DIRECTION('',(0.,1.,0.));
#10426=DIRECTION('',(1.,0.,0.));
#10427=DIRECTION('',(-0.5,-0.707106781186545,-0.5));
#10428=DIRECTION('',(-0.707106781186548,0.,0.707106781186548));
#10429=DIRECTION('',(0.493155445548996,-0.707073878754897,0.506798023385921));
#10430=DIRECTION('',(0.00677460132689811,0.,-0.999977052125128));
#10431=DIRECTION('',(0.,-1.,0.));
#10432=DIRECTION('',(-0.999977052125128,1.09316358307324E-15,-0.00677460132689811));
#10433=DIRECTION('',(0.,-1.,0.));
#10434=DIRECTION('',(-1.,0.,0.));
#10435=DIRECTION('',(-8.65956056235494E-17,-0.707106781186547,-0.707106781186548));
#10436=DIRECTION('',(-1.,0.,1.22464679914735E-16));
#10437=DIRECTION('',(9.61481343191783E-17,0.707106781186548,-0.707106781186547));
#10438=DIRECTION('',(-0.00964675930133367,-0.707073878754895,0.707073878754894));
#10439=DIRECTION('',(0.707106781186548,0.707106781186548,0.));
#10440=DIRECTION('',(0.,0.,-1.));
#10441=DIRECTION('',(-0.707106781186548,0.707106781186548,0.));
#10442=DIRECTION('',(-0.595486053919615,0.,-0.803365645013057));
#10443=DIRECTION('',(0.,-1.,0.));
#10444=DIRECTION('',(0.,1.,0.));
#10445=DIRECTION('',(1.,0.,0.));
#10446=DIRECTION('',(0.143308034502277,0.707106781186548,-0.692432529021488));
#10447=DIRECTION('',(0.10186394462593,0.,-0.994798339757986));
#10448=DIRECTION('',(0.,-1.,0.));
#10449=DIRECTION('',(0.994798339757986,0.,0.10186394462593));
#10450=DIRECTION('',(0.,-0.707106781186548,0.707106781186548));
#10451=DIRECTION('',(1.,0.,0.));
#10452=DIRECTION('',(0.,0.707106781186548,0.707106781186548));
#10453=DIRECTION('',(0.,-1.,0.));
#10454=DIRECTION('',(-1.,0.,0.));
#10455=DIRECTION('',(-0.772830072089377,0.,0.634613015683045));
#10456=DIRECTION('',(0.,-1.,0.));
#10457=DIRECTION('',(0.634613015683045,4.57483226239563E-16,0.772830072089377));
#10458=DIRECTION('',(-0.634613015683045,5.84615652574812E-16,-0.772830072089377));
#10459=DIRECTION('',(0.566563575879869,0.680118283938027,-0.465236320958939));
#10460=DIRECTION('',(0.768333309090178,-0.640049940350389,0.));
#10461=DIRECTION('',(-0.0245099676963868,0.578254226667702,0.815488387915156));
#10462=DIRECTION('',(-0.00551864699250988,0.580011372244444,0.814589683584619));
#10463=DIRECTION('',(0.,-0.814602088221609,0.580020204704107));
#10464=DIRECTION('',(-0.57990416185866,0.58001137224444,0.57209961643592));
#10465=DIRECTION('',(0.707172135675511,0.707041420656623,0.));
#10466=DIRECTION('',(-0.702300188050538,-9.12654814906422E-17,-0.711880921126686));
#10467=DIRECTION('',(0.577350269189625,0.577350269189625,0.577350269189626));
#10468=DIRECTION('',(0.,-0.707106781186548,0.707106781186547));
#10469=DIRECTION('',(0.707106781186548,2.75562995485243E-16,-0.707106781186547));
#10470=DIRECTION('',(0.,-1.,0.));
#10471=DIRECTION('',(-1.,0.,0.));
#10472=DIRECTION('',(0.707106781171936,0.707106781201159,0.));
#10473=DIRECTION('',(-0.0722162633530161,0.705260523249149,0.705260523249149));
#10474=DIRECTION('',(0.,-0.707106781186548,0.707106781186548));
#10475=DIRECTION('',(0.,-0.707106781186548,0.707106781186548));
#10476=DIRECTION('',(0.0722162633530197,-0.705260523249149,0.705260523249149));
#10477=DIRECTION('',(0.,-0.707106781186548,-0.707106781186548));
#10478=DIRECTION('',(-0.994798339757986,0.,0.101863944625933));
#10479=DIRECTION('',(-0.143308034502277,-0.70710678118655,-0.692432529021485));
#10480=DIRECTION('',(0.566563575879869,-0.680118283938026,-0.46523632095894));
#10481=DIRECTION('',(-0.768333309090177,-0.640049940350391,0.));
#10482=DIRECTION('',(-0.0245099676963666,-0.578254226667692,0.815488387915163));
#10483=DIRECTION('',(0.513652743671477,0.707106781186549,-0.485963845279423));
#10484=DIRECTION('',(-0.687256660817141,0.,-0.726414676450354));
#10485=DIRECTION('',(0.513652743671478,-0.707106781186547,-0.485963845279424));
#10486=DIRECTION('',(0.,-1.,0.));
#10487=DIRECTION('',(-1.,0.,0.));
#10488=DIRECTION('',(0.707040067838647,0.707106781186552,-0.00971300523607892));
#10489=DIRECTION('',(0.711880921126686,0.,-0.702300188050538));
#10490=DIRECTION('',(0.,-1.,0.));
#10491=DIRECTION('',(-0.702300188050538,0.,-0.711880921126686));
#10492=DIRECTION('',(0.707106781186547,0.,0.707106781186548));
#10493=DIRECTION('',(0.,1.,0.));
#10494=DIRECTION('',(-0.707106781186548,2.75562995485244E-16,0.707106781186547));
#10495=DIRECTION('',(0.707106781186548,-0.707106781186548,0.));
#10496=DIRECTION('',(0.,0.,-1.));
#10497=DIRECTION('',(0.707106781186548,0.707106781186548,-1.79905897644876E-15));
#10498=DIRECTION('',(0.,-0.707106781186548,-0.707106781186548));
#10499=DIRECTION('',(-1.,0.,0.));
#10500=DIRECTION('',(0.,0.707106781186548,-0.707106781186548));
#10501=DIRECTION('',(-0.101863944625933,0.,-0.994798339757986));
#10502=DIRECTION('',(0.,-1.,0.));
#10503=DIRECTION('',(0.994798339757986,0.,-0.101863944625933));
#10504=DIRECTION('',(0.,-1.,0.));
#10505=DIRECTION('',(-1.,0.,0.));
#10506=DIRECTION('',(-0.513652743671477,0.707106781186549,0.485963845279423));
#10507=DIRECTION('',(-0.687256660817141,0.,-0.726414676450354));
#10508=DIRECTION('',(-0.513652743671477,-0.707106781186547,0.485963845279424));
#10509=DIRECTION('',(0.929089521103955,0.,-0.369854919900794));
#10510=DIRECTION('',(0.,1.,0.));
#10511=DIRECTION('',(0.369854919900794,0.,0.929089521103955));
#10512=DIRECTION('',(-0.369854919900794,0.,-0.929089521103955));
#10513=DIRECTION('',(0.680654889832329,0.68065488983233,-0.270957269499601));
#10514=DIRECTION('',(0.707106781186548,-0.707106781186547,0.));
#10515=DIRECTION('',(-0.707106781186548,0.707106781186547,0.));
#10516=DIRECTION('',(0.577350269189626,-0.577350269189625,0.577350269189627));
#10517=DIRECTION('',(0.707106781186548,0.,-0.707106781186547));
#10518=DIRECTION('',(-6.83925587035493E-17,0.707106781186549,0.707106781186546));
#10519=DIRECTION('',(0.07221626335302,0.705260523249147,0.705260523249151));
#10520=DIRECTION('',(0.,-0.70710678118655,0.707106781186545));
#10521=DIRECTION('',(0.143308034502277,-0.70710678118655,0.692432529021485));
#10522=DIRECTION('',(0.56656357587987,-0.680118283938027,0.465236320958938));
#10523=DIRECTION('',(-0.768333309090177,-0.640049940350391,0.));
#10524=DIRECTION('',(-0.0245099676963941,-0.578254226667705,-0.815488387915154));
#10525=DIRECTION('',(0.634613015683043,3.85861951135574E-16,-0.772830072089378));
#10526=DIRECTION('',(0.680654889832329,-0.680654889832329,-0.270957269499601));
#10527=DIRECTION('',(-0.707106781186548,-0.707106781186548,0.));
#10528=DIRECTION('',(0.707106781186548,0.707106781186548,0.));
#10529=DIRECTION('',(0.707106781186547,0.707106781186548,0.));
#10530=DIRECTION('',(0.,0.,-1.));
#10531=DIRECTION('',(0.707106781186548,-0.707106781186547,0.));
#10532=DIRECTION('',(8.65956056235492E-17,0.707106781186549,0.707106781186546));
#10533=DIRECTION('',(-1.,0.,1.22464679914735E-16));
#10534=DIRECTION('',(0.,0.707106781186546,-0.707106781186549));
#10535=DIRECTION('',(-8.65956056235495E-17,0.707106781186546,-0.707106781186549));
#10536=DIRECTION('',(1.,0.,-1.22464679914735E-16));
#10537=DIRECTION('',(0.577350269189625,-0.577350269189628,-0.577350269189625));
#10538=DIRECTION('',(0.,1.,0.));
#10539=DIRECTION('',(1.,0.,0.));
#10540=DIRECTION('',(-0.772830072089378,0.,-0.634613015683043));
#10541=DIRECTION('',(0.,-1.,0.));
#10542=DIRECTION('',(-0.634613015683043,3.85861951135574E-16,0.772830072089378));
#10543=DIRECTION('',(0.513652743671476,-0.707106781186549,0.485963845279423));
#10544=DIRECTION('',(0.687256660817141,0.,-0.726414676450354));
#10545=DIRECTION('',(0.513652743671478,0.707106781186547,0.485963845279424));
#10546=DIRECTION('',(-0.707106781186548,0.707106781186548,0.));
#10547=DIRECTION('',(0.,0.,-1.));
#10548=DIRECTION('',(-0.707106781186548,-0.707106781186548,0.));
#10549=DIRECTION('',(0.577350269189625,0.577350269189628,0.577350269189625));
#10550=DIRECTION('',(0.,-0.707106781186546,0.707106781186549));
#10551=DIRECTION('',(-0.707106781186548,0.,0.707106781186547));
#10552=DIRECTION('',(0.707106781186548,7.12722521037357E-49,0.707106781186547));
#10553=DIRECTION('',(-1.00794185545977E-48,1.,1.23437276701545E-64));
#10554=DIRECTION('',(0.577350269189625,0.577350269189626,-0.577350269189626));
#10555=DIRECTION('',(0.56656357587987,0.680118283938028,0.465236320958937));
#10556=DIRECTION('',(0.768333309090177,-0.64004994035039,0.));
#10557=DIRECTION('',(-0.024509967696401,0.578254226667708,-0.815488387915151));
#10558=DIRECTION('',(0.680654889832329,-0.68065488983233,0.270957269499601));
#10559=DIRECTION('',(-0.707106781186548,-0.707106781186547,0.));
#10560=DIRECTION('',(-0.369854919900794,0.,0.929089521103955));
#10561=DIRECTION('',(0.707106781186547,0.,0.707106781186548));
#10562=DIRECTION('',(0.,-1.,0.));
#10563=DIRECTION('',(0.707106781186548,6.40987562127853E-17,-0.707106781186547));
#10564=DIRECTION('',(-8.65956056235493E-17,-0.707106781186548,-0.707106781186547));
#10565=DIRECTION('',(1.,0.,-1.22464679914735E-16));
#10566=DIRECTION('',(2.20051844253986E-16,0.707106781186547,-0.707106781186548));
#10567=DIRECTION('',(-0.513652743671476,-0.707106781186549,-0.485963845279423));
#10568=DIRECTION('',(-0.687256660817141,0.,0.726414676450354));
#10569=DIRECTION('',(-0.513652743671477,0.707106781186547,-0.485963845279425));
#10570=DIRECTION('',(-0.929089521103955,0.,-0.369854919900794));
#10571=DIRECTION('',(0.,-1.,0.));
#10572=DIRECTION('',(0.369854919900794,0.,-0.929089521103955));
#10573=DIRECTION('',(0.577350269189625,0.577350269189626,0.577350269189626));
#10574=DIRECTION('',(0.,-0.707106781186547,0.707106781186548));
#10575=DIRECTION('',(-0.707106781186548,0.707106781186548,-1.4699775904033E-15));
#10576=DIRECTION('',(0.680654889832329,0.680654889832329,0.270957269499602));
#10577=DIRECTION('',(0.707106781186548,-0.707106781186548,0.));
#10578=DIRECTION('',(0.707106781186548,-0.707106781186548,0.));
#10579=DIRECTION('',(0.707106781186548,0.707106781186548,0.));
#10580=DIRECTION('',(0.,0.,1.));
#10581=DIRECTION('',(0.,0.,1.));
#10582=DIRECTION('',(1.,0.,0.));
#10583=DIRECTION('',(0.,-1.,0.));
#10584=DIRECTION('',(-1.,0.,0.));
#10585=DIRECTION('',(0.,1.,0.));
#10586=DIRECTION('',(1.,0.,0.));
#10587=DIRECTION('',(0.,1.,0.));
#10588=DIRECTION('',(1.,0.,0.));
#10589=DIRECTION('',(0.,-1.,0.));
#10590=DIRECTION('',(-1.,0.,0.));
#10591=DIRECTION('',(0.,1.,0.));
#10592=DIRECTION('',(1.,0.,0.));
#10593=DIRECTION('',(0.,-1.,0.));
#10594=DIRECTION('',(0.,1.,0.));
#10595=DIRECTION('',(1.,0.,0.));
#10596=DIRECTION('',(0.,-1.,0.));
#10597=DIRECTION('',(0.,-1.,0.));
#10598=DIRECTION('',(-1.,0.,0.));
#10599=DIRECTION('',(0.,-1.,0.));
#10600=DIRECTION('',(0.,-1.,0.));
#10601=DIRECTION('',(-1.,0.,0.));
#10602=DIRECTION('',(0.,-1.,0.));
#10603=DIRECTION('',(0.,1.,0.));
#10604=DIRECTION('',(1.,0.,0.));
#10605=DIRECTION('',(0.,-1.,0.));
#10606=DIRECTION('',(0.,1.,0.));
#10607=DIRECTION('',(1.,0.,0.));
#10608=DIRECTION('',(0.,-1.,0.));
#10609=DIRECTION('',(0.,1.,0.));
#10610=DIRECTION('',(1.,0.,0.));
#10611=DIRECTION('',(0.,1.,0.));
#10612=DIRECTION('',(1.,0.,0.));
#10613=DIRECTION('',(0.,1.,0.));
#10614=DIRECTION('',(1.,0.,0.));
#10615=DIRECTION('',(0.,1.,0.));
#10616=DIRECTION('',(1.,0.,0.));
#10617=DIRECTION('',(0.,1.,0.));
#10618=DIRECTION('',(1.,0.,0.));
#10619=DIRECTION('',(0.,1.,0.));
#10620=DIRECTION('',(1.,0.,0.));
#10621=DIRECTION('',(1.,0.,6.12323399573677E-17));
#10622=DIRECTION('',(0.,1.,0.));
#10623=DIRECTION('',(1.,0.,0.));
#10624=DIRECTION('',(1.,0.,6.12323399573677E-17));
#10625=DIRECTION('',(-6.12323399573677E-17,0.,1.));
#10626=DIRECTION('',(-6.12323399573677E-17,-2.31296463463574E-16,1.));
#10627=DIRECTION('',(0.,-1.,-2.31296463463574E-16));
#10628=DIRECTION('',(5.92016810661301E-17,1.,2.31296463463574E-16));
#10629=DIRECTION('',(1.,0.,6.12323399573677E-17));
#10630=DIRECTION('',(1.41628236817385E-32,-1.,-2.31296463463574E-16));
#10631=DIRECTION('',(1.,0.,6.12323399573677E-17));
#10632=DIRECTION('',(6.12323399573677E-17,0.,-1.));
#10633=DIRECTION('',(1.,0.,6.12323399573677E-17));
#10634=DIRECTION('',(6.12323399573677E-17,0.,-1.));
#10635=DIRECTION('',(-6.12323399573677E-17,0.,1.));
#10636=DIRECTION('',(1.41628236817385E-32,-1.,-2.31296463463574E-16));
#10637=DIRECTION('',(6.12323399573677E-17,0.,-1.));
#10638=DIRECTION('',(-1.41628236817385E-32,1.,2.31296463463574E-16));
#10639=DIRECTION('',(-6.12323399573677E-17,-2.31296463463574E-16,1.));
#10640=DIRECTION('',(0.,-1.,-2.31296463463574E-16));
#10641=DIRECTION('',(1.,0.,6.12323399573677E-17));
#10642=DIRECTION('',(5.92016810661307E-17,-1.,-2.31296463463574E-16));
#10643=DIRECTION('',(-1.41628236817385E-32,1.,2.31296463463574E-16));
#10644=DIRECTION('',(0.,1.,0.));
#10645=DIRECTION('',(1.,0.,0.));
#10646=DIRECTION('',(0.,1.,0.));
#10647=DIRECTION('',(1.,0.,0.));
#10648=DIRECTION('',(6.12323399573677E-17,0.,-1.));
#10649=DIRECTION('',(-1.,0.,-6.12323399573677E-17));
#10650=DIRECTION('',(-6.12323399573677E-17,0.,1.));
#10651=DIRECTION('',(1.,0.,6.12323399573675E-17));
#10652=DIRECTION('',(6.12323399573675E-17,0.,-1.));
#10653=DIRECTION('',(1.,0.,6.12323399573675E-17));
#10654=DIRECTION('',(6.12323399573675E-17,0.,-1.));
#10655=DIRECTION('',(-0.613203774327573,0.,0.789924762968233));
#10656=DIRECTION('',(0.,-1.,0.));
#10657=DIRECTION('',(0.,-1.,0.));
#10658=DIRECTION('',(-1.,0.,0.));
#10659=DIRECTION('',(0.,1.,0.));
#10660=DIRECTION('',(1.,0.,0.));
#10661=DIRECTION('',(-0.61320377432758,0.,-0.789924762968228));
#10662=DIRECTION('',(0.,-1.,0.));
#10663=DIRECTION('',(0.707106781186548,1.6355129777956E-16,-0.707106781186548));
#10664=DIRECTION('',(-1.41628236817385E-32,1.,2.31296463463574E-16));
#10665=DIRECTION('',(0.577350269189626,0.577350269189626,0.577350269189626));
#10666=DIRECTION('',(-0.577350269189626,0.577350269189626,-0.577350269189626));
#10667=DIRECTION('',(-0.707106781186548,-0.707106781186548,-4.32978028117746E-17));
#10668=DIRECTION('',(-6.12323399573677E-17,0.,1.));
#10669=DIRECTION('',(0.577350269189626,-0.577350269189626,-0.577350269189626));
#10670=DIRECTION('',(0.707106781186548,-0.707106781186548,4.32978028117746E-17));
#10671=DIRECTION('',(6.12323399573677E-17,0.,-1.));
#10672=DIRECTION('',(0.577350269189626,0.577350269189626,-0.577350269189626));
#10673=DIRECTION('',(-0.707106781186548,1.6355129777956E-16,-0.707106781186548));
#10674=DIRECTION('',(1.41628236817385E-32,-1.,-2.31296463463574E-16));
#10675=DIRECTION('',(0.,-1.,0.));
#10676=DIRECTION('',(-1.,0.,0.));
#10677=DIRECTION('',(-1.,0.,6.12323399573677E-17));
#10678=DIRECTION('',(0.,-1.,0.));
#10679=DIRECTION('',(-1.,0.,0.));
#10680=DIRECTION('',(-1.,0.,6.12323399573677E-17));
#10681=DIRECTION('',(6.12323399573677E-17,0.,1.));
#10682=DIRECTION('',(-6.12323399573677E-17,2.31296463463574E-16,-1.));
#10683=DIRECTION('',(0.,1.,2.31296463463574E-16));
#10684=DIRECTION('',(5.92016810661301E-17,-1.,-2.31296463463574E-16));
#10685=DIRECTION('',(-1.,0.,6.12323399573677E-17));
#10686=DIRECTION('',(1.41628236817385E-32,1.,2.31296463463574E-16));
#10687=DIRECTION('',(-1.,0.,6.12323399573677E-17));
#10688=DIRECTION('',(-6.12323399573677E-17,0.,-1.));
#10689=DIRECTION('',(-1.,0.,6.12323399573677E-17));
#10690=DIRECTION('',(6.12323399573677E-17,0.,1.));
#10691=DIRECTION('',(6.12323399573677E-17,0.,1.));
#10692=DIRECTION('',(1.41628236817385E-32,1.,2.31296463463574E-16));
#10693=DIRECTION('',(-6.12323399573677E-17,0.,-1.));
#10694=DIRECTION('',(-1.41628236817385E-32,-1.,-2.31296463463574E-16));
#10695=DIRECTION('',(-6.12323399573677E-17,2.31296463463574E-16,-1.));
#10696=DIRECTION('',(0.,1.,2.31296463463574E-16));
#10697=DIRECTION('',(-1.,0.,6.12323399573677E-17));
#10698=DIRECTION('',(5.92016810661308E-17,1.,2.31296463463574E-16));
#10699=DIRECTION('',(-1.41628236817385E-32,-1.,-2.31296463463574E-16));
#10700=DIRECTION('',(0.,-1.,0.));
#10701=DIRECTION('',(-1.,0.,0.));
#10702=DIRECTION('',(0.,-1.,0.));
#10703=DIRECTION('',(-1.,0.,0.));
#10704=DIRECTION('',(-6.12323399573677E-17,0.,-1.));
#10705=DIRECTION('',(1.,0.,-6.12323399573677E-17));
#10706=DIRECTION('',(-6.12323399573677E-17,0.,-1.));
#10707=DIRECTION('',(-1.,0.,6.12323399573675E-17));
#10708=DIRECTION('',(6.12323399573675E-17,0.,1.));
#10709=DIRECTION('',(-1.,0.,6.12323399573675E-17));
#10710=DIRECTION('',(6.12323399573675E-17,0.,1.));
#10711=DIRECTION('',(0.613203774327573,0.,0.789924762968233));
#10712=DIRECTION('',(0.,-1.,0.));
#10713=DIRECTION('',(0.,-1.,0.));
#10714=DIRECTION('',(-1.,0.,0.));
#10715=DIRECTION('',(0.,1.,0.));
#10716=DIRECTION('',(1.,0.,0.));
#10717=DIRECTION('',(0.613203774327574,0.,-0.789924762968232));
#10718=DIRECTION('',(0.,-1.,0.));
#10719=DIRECTION('',(0.707106781186548,-1.6355129777956E-16,0.707106781186548));
#10720=DIRECTION('',(-1.41628236817385E-32,-1.,-2.31296463463574E-16));
#10721=DIRECTION('',(0.577350269189626,-0.577350269189626,-0.577350269189626));
#10722=DIRECTION('',(-0.577350269189626,-0.577350269189626,0.577350269189626));
#10723=DIRECTION('',(-0.707106781186548,0.707106781186548,4.32978028117746E-17));
#10724=DIRECTION('',(-6.12323399573677E-17,0.,-1.));
#10725=DIRECTION('',(0.577350269189626,0.577350269189626,0.577350269189626));
#10726=DIRECTION('',(0.707106781186548,0.707106781186548,-4.32978028117746E-17));
#10727=DIRECTION('',(6.12323399573677E-17,0.,1.));
#10728=DIRECTION('',(0.577350269189626,-0.577350269189626,0.577350269189626));
#10729=DIRECTION('',(-0.707106781186548,-1.6355129777956E-16,0.707106781186548));
#10730=DIRECTION('',(1.41628236817385E-32,1.,2.31296463463574E-16));
#10731=DIRECTION('',(0.,1.,0.));
#10732=DIRECTION('',(1.,0.,0.));
#10733=DIRECTION('',(1.,0.,0.));
#10734=DIRECTION('',(0.,1.,0.));
#10735=DIRECTION('',(1.,0.,0.));
#10736=DIRECTION('',(1.,0.,0.));
#10737=DIRECTION('',(0.,0.,1.));
#10738=DIRECTION('',(0.,-5.78241158658936E-17,1.));
#10739=DIRECTION('',(0.,-1.,-5.78241158658936E-17));
#10740=DIRECTION('',(-1.,0.,0.));
#10741=DIRECTION('',(1.57551108949637E-17,1.,5.78241158658936E-17));
#10742=DIRECTION('',(1.,0.,0.));
#10743=DIRECTION('',(0.,-1.,-5.78241158658936E-17));
#10744=DIRECTION('',(1.,0.,0.));
#10745=DIRECTION('',(0.,0.,-1.));
#10746=DIRECTION('',(-1.,0.,0.));
#10747=DIRECTION('',(0.,1.,0.));
#10748=DIRECTION('',(0.,1.,5.78241158658936E-17));
#10749=DIRECTION('',(0.,0.,1.));
#10750=DIRECTION('',(0.,-1.,-5.78241158658936E-17));
#10751=DIRECTION('',(0.,-5.78241158658936E-17,1.));
#10752=DIRECTION('',(0.,-1.,-5.78241158658936E-17));
#10753=DIRECTION('',(1.,0.,0.));
#10754=DIRECTION('',(1.57551108949637E-17,-1.,-5.78241158658936E-17));
#10755=DIRECTION('',(0.,1.,0.));
#10756=DIRECTION('',(1.,0.,0.));
#10757=DIRECTION('',(-1.,0.,0.));
#10758=DIRECTION('',(0.,1.,0.));
#10759=DIRECTION('',(1.,0.,0.));
#10760=DIRECTION('',(1.,0.,0.));
#10761=DIRECTION('',(0.,-1.,0.));
#10762=DIRECTION('',(-1.,0.,0.));
#10763=DIRECTION('',(0.,1.,0.));
#10764=DIRECTION('',(-1.,0.,0.));
#10765=DIRECTION('',(0.,1.,0.));
#10766=DIRECTION('',(-0.607090252885284,0.,-0.794632886842523));
#10767=DIRECTION('',(0.,-1.,0.));
#10768=DIRECTION('',(0.707106781186547,4.088782444489E-17,-0.707106781186548));
#10769=DIRECTION('',(0.,1.,5.78241158658936E-17));
#10770=DIRECTION('',(0.577350269189626,-0.577350269189625,0.577350269189625));
#10771=DIRECTION('',(-0.577350269189626,-0.577350269189626,-0.577350269189625));
#10772=DIRECTION('',(0.,0.707106781186547,-0.707106781186548));
#10773=DIRECTION('',(-1.,0.,0.));
#10774=DIRECTION('',(0.,-1.,0.));
#10775=DIRECTION('',(-1.,0.,0.));
#10776=DIRECTION('',(0.693422297383283,-0.707106781186574,-0.138439580653987));
#10777=DIRECTION('',(0.,1.,0.));
#10778=DIRECTION('',(1.,0.,0.));
#10779=DIRECTION('',(-0.693422297383286,-0.707106781186572,0.138439580653988));
#10780=DIRECTION('',(0.,0.707106781186548,0.707106781186548));
#10781=DIRECTION('',(1.,0.,0.));
#10782=DIRECTION('',(-0.794632886842524,0.,-0.607090252885283));
#10783=DIRECTION('',(0.794632886842524,0.,0.607090252885283));
#10784=DIRECTION('',(-0.607090252885283,0.,0.794632886842524));
#10785=DIRECTION('',(0.,-1.,0.));
#10786=DIRECTION('',(0.,-1.,0.));
#10787=DIRECTION('',(-1.,0.,0.));
#10788=CARTESIAN_POINT('',(0.,0.,0.));
#10789=CARTESIAN_POINT('',(-22.675,-20.85913,20.6));
#10790=CARTESIAN_POINT('',(-22.675,-9.40913,20.6));
#10791=CARTESIAN_POINT('',(-8.175,-9.40913,20.6));
#10792=CARTESIAN_POINT('',(1.825,-9.40913,20.6));
#10793=CARTESIAN_POINT('',(-8.175,-10.5,20.6));
#10794=CARTESIAN_POINT('',(-8.175,-10.,20.6));
#10795=CARTESIAN_POINT('',(-20.854565,-22.679565,20.6));
#10796=CARTESIAN_POINT('',(-8.675,-10.5,20.6));
#10797=CARTESIAN_POINT('',(-20.854565,-22.679565,20.6));
#10798=CARTESIAN_POINT('',(-9.175,-11.,20.6));
#10799=CARTESIAN_POINT('',(-14.852755983094,-11.,20.6));
#10800=CARTESIAN_POINT('',(-14.352755983094,-11.,20.6));
#10801=CARTESIAN_POINT('',(-14.352755983094,-32.30913,20.6));
#10802=CARTESIAN_POINT('',(-14.352755983094,-32.3874342770935,20.6));
#10803=CARTESIAN_POINT('',(-14.0112653808314,-32.0994240243198,20.6));
#10804=CARTESIAN_POINT('',(-14.2599114593769,-32.30913,20.6));
#10805=CARTESIAN_POINT('',(-22.675,-32.30913,20.6));
#10806=CARTESIAN_POINT('',(1.825,-32.30913,20.6));
#10807=CARTESIAN_POINT('',(2.325,-32.80913,20.6));
#10808=CARTESIAN_POINT('',(2.325,-32.80913,20.6));
#10809=CARTESIAN_POINT('',(2.325,-20.85913,20.6));
#10810=CARTESIAN_POINT('',(2.325,-8.90913,20.6));
#10811=CARTESIAN_POINT('',(1.825,-9.40913,20.6));
#10812=CARTESIAN_POINT('',(-3.0875,3.60965,22.85));
#10813=CARTESIAN_POINT('',(-9.19527555873686E-15,15.82843,22.85));
#10814=CARTESIAN_POINT('',(0.799999999999991,15.82843,22.85));
#10815=CARTESIAN_POINT('',(-2.46915643540278,8.13548138008553,22.85));
#10816=CARTESIAN_POINT('',(-2.,9.34191515229842,22.85));
#10817=CARTESIAN_POINT('',(-2.46915643540278,8.13548138008553,22.85));
#10818=CARTESIAN_POINT('',(-2.,3.60965,22.85));
#10819=CARTESIAN_POINT('',(-2.,17.12843,22.85));
#10820=CARTESIAN_POINT('',(2.5,17.12843,22.85));
#10821=CARTESIAN_POINT('',(2.,17.12843,22.85));
#10822=CARTESIAN_POINT('',(2.,3.60965,22.85));
#10823=CARTESIAN_POINT('',(2.,7.09196085895996,22.85));
#10824=CARTESIAN_POINT('',(-2.05657738678726,2.66498347151366,22.85));
#10825=CARTESIAN_POINT('',(-2.70584356459723,1.95643377221289,22.85));
#10826=CARTESIAN_POINT('',(-2.70584356459723,1.95643377221289,22.85));
#10827=CARTESIAN_POINT('',(-3.175,0.75,22.85));
#10828=CARTESIAN_POINT('',(-3.175,3.60965,22.85));
#10829=CARTESIAN_POINT('',(-3.175,-4.5,22.85));
#10830=CARTESIAN_POINT('',(-8.675,-4.5,22.85));
#10831=CARTESIAN_POINT('',(-8.175,-4.5,22.85));
#10832=CARTESIAN_POINT('',(-8.175,3.60965,22.85));
#10833=CARTESIAN_POINT('',(-8.175,1.90864579226918,22.85));
#10834=CARTESIAN_POINT('',(-5.00568673402776,5.36734430197631,22.85));
#10835=CARTESIAN_POINT('',(-8.675,-3.65302242090216,27.85));
#10836=CARTESIAN_POINT('',(-8.675,-4.998,16.4530962131752));
#10837=CARTESIAN_POINT('',(-8.675,-5.5,16.4530962131752));
#10838=CARTESIAN_POINT('',(-8.675,-6.827304692935,16.4530962131752));
#10839=CARTESIAN_POINT('',(-8.675,-10.2244708028888,18.6964894343664));
#10840=CARTESIAN_POINT('',(-8.675,-10.,18.5482552117063));
#10841=CARTESIAN_POINT('',(-8.675,-10.,20.6));
#10842=CARTESIAN_POINT('',(-8.675,-10.,20.1));
#10843=CARTESIAN_POINT('',(-8.675,-9.40913,20.1));
#10844=CARTESIAN_POINT('',(-8.675,-8.90913,20.1));
#10845=CARTESIAN_POINT('',(-8.675,-8.90913,27.85));
#10846=CARTESIAN_POINT('',(-8.675,-8.90913,29.7971344656139));
#10847=CARTESIAN_POINT('',(-8.675,-3.65302242090216,29.7971344656139));
#10848=CARTESIAN_POINT('',(-8.675,-5.5,29.7971344656139));
#10849=CARTESIAN_POINT('',(-8.675,-5.5,27.85));
#10850=CARTESIAN_POINT('',(-8.675,-5.5,28.35));
#10851=CARTESIAN_POINT('',(-8.675,-5.5,28.35));
#10852=CARTESIAN_POINT('',(-8.675,-5.,27.85));
#10853=CARTESIAN_POINT('',(-8.675,-5.5,28.35));
#10854=CARTESIAN_POINT('',(-8.675,-4.5,27.35));
#10855=CARTESIAN_POINT('',(-8.675,2.10308515819567,27.35));
#10856=CARTESIAN_POINT('',(-8.675,1.60308515819568,27.35));
#10857=CARTESIAN_POINT('',(-8.675,1.60308515819568,27.85));
#10858=CARTESIAN_POINT('',(-8.675,1.60308515819568,23.35));
#10859=CARTESIAN_POINT('',(-8.675,-3.65302242090216,23.35));
#10860=CARTESIAN_POINT('',(-8.675,-4.5,23.35));
#10861=CARTESIAN_POINT('',(-8.675,-4.5,23.35));
#10862=CARTESIAN_POINT('',(-8.675,-5.,22.85));
#10863=CARTESIAN_POINT('',(-8.675,-4.5,23.35));
#10864=CARTESIAN_POINT('',(-8.675,-5.5,22.35));
#10865=CARTESIAN_POINT('',(-8.675,-5.5,27.85));
#10866=CARTESIAN_POINT('',(-8.8625,-5.,14.3583333333333));
#10867=CARTESIAN_POINT('',(8.61238503992667E-16,-5.,2.60208521396521E-15));
#10868=CARTESIAN_POINT('',(-3.,-5.,18.356470248934));
#10869=CARTESIAN_POINT('',(-8.175,-5.,16.7071653789624));
#10870=CARTESIAN_POINT('',(-8.175,-5.,14.3583333333333));
#10871=CARTESIAN_POINT('',(-8.175,-5.,22.35));
#10872=CARTESIAN_POINT('',(-2.675,-5.,22.35));
#10873=CARTESIAN_POINT('',(-3.175,-5.,22.35));
#10874=CARTESIAN_POINT('',(-3.175,-5.,22.35));
#10875=CARTESIAN_POINT('',(-2.675,-5.,22.85));
#10876=CARTESIAN_POINT('',(-3.175,-5.,22.35));
#10877=CARTESIAN_POINT('',(-2.175,-5.,23.35));
#10878=CARTESIAN_POINT('',(-2.175,-5.,27.85));
#10879=CARTESIAN_POINT('',(-2.175,-5.,27.35));
#10880=CARTESIAN_POINT('',(-2.175,-5.,27.35));
#10881=CARTESIAN_POINT('',(-2.675,-5.,27.85));
#10882=CARTESIAN_POINT('',(-2.175,-5.,27.35));
#10883=CARTESIAN_POINT('',(-3.175,-5.,28.35));
#10884=CARTESIAN_POINT('',(-8.8625,-5.,28.35));
#10885=CARTESIAN_POINT('',(-8.175,-5.,28.35));
#10886=CARTESIAN_POINT('',(-8.175,-5.,14.3583333333333));
#10887=CARTESIAN_POINT('',(-8.175,-5.,30.1513977558208));
#10888=CARTESIAN_POINT('',(-15.5301636061626,-5.,18.6061035258879));
#10889=CARTESIAN_POINT('',(-5.27722078199124,-5.,34.7));
#10890=CARTESIAN_POINT('',(2.325,-5.,34.7));
#10891=CARTESIAN_POINT('',(1.825,-5.,34.7));
#10892=CARTESIAN_POINT('',(1.825,-5.,19.35));
#10893=CARTESIAN_POINT('',(1.825,-5.,19.35));
#10894=CARTESIAN_POINT('',(-7.40828043242365E-15,-5.,19.35));
#10895=CARTESIAN_POINT('',(-2.5,-5.,19.35));
#10896=CARTESIAN_POINT('',(-8.17708333333334,-5.,13.6729166666667));
#10897=CARTESIAN_POINT('',(-3.,-5.,18.85));
#10898=CARTESIAN_POINT('',(-3.,-5.,-18.602));
#10899=CARTESIAN_POINT('',(8.61238503992667E-16,-7.5,2.60208521396521E-15));
#10900=CARTESIAN_POINT('',(-14.1592432312252,-7.5,12.0613362078587));
#10901=CARTESIAN_POINT('',(-14.1592432312252,-10.,12.0613362078587));
#10902=CARTESIAN_POINT('',(-14.1592432312252,-7.,12.0613362078587));
#10903=CARTESIAN_POINT('',(8.61238503992667E-16,-7.,2.60208521396521E-15));
#10904=CARTESIAN_POINT('',(-8.60881365747495,-7.,16.4878236104973));
#10905=CARTESIAN_POINT('',(8.61238503992667E-16,2.34515449855145,2.60208521396521E-15));
#10906=CARTESIAN_POINT('',(8.61238503992667E-16,3.175,2.60208521396521E-15));
#10907=CARTESIAN_POINT('',(-3.,-7.5,18.356470248934));
#10908=CARTESIAN_POINT('',(-3.,3.25,18.356470248934));
#10909=CARTESIAN_POINT('',(8.61238503992667E-16,3.25,2.60208521396521E-15));
#10910=CARTESIAN_POINT('',(-15.191592916837,3.25,10.731985121547));
#10911=CARTESIAN_POINT('',(-15.191592916837,-7.5,10.731985121547));
#10912=CARTESIAN_POINT('',(-15.191592916837,-10.,10.731985121547));
#10913=CARTESIAN_POINT('',(8.61238503992667E-16,-10.,2.60208521396521E-15));
#10914=CARTESIAN_POINT('',(-5.177,-20.85913,35.2));
#10915=CARTESIAN_POINT('',(1.825,-20.85913,35.2));
#10916=CARTESIAN_POINT('',(1.825,-36.21826,35.2));
#10917=CARTESIAN_POINT('',(1.825,-5.5,35.2));
#10918=CARTESIAN_POINT('',(-5.55153017530457,-5.5,35.2));
#10919=CARTESIAN_POINT('',(-5.05153017530456,-5.5,35.2));
#10920=CARTESIAN_POINT('',(-5.05153017530456,-36.71826,35.2));
#10921=CARTESIAN_POINT('',(-5.05153017530456,-36.21826,35.2));
#10922=CARTESIAN_POINT('',(-5.177,-36.21826,35.2));
#10923=CARTESIAN_POINT('',(-3.0875,3.60965,27.85));
#10924=CARTESIAN_POINT('',(-4.07918655028415,3.99529580807017,27.85));
#10925=CARTESIAN_POINT('',(-2.46915643540278,8.13548138008553,27.85));
#10926=CARTESIAN_POINT('',(-2.,9.34191515229842,27.85));
#10927=CARTESIAN_POINT('',(-8.30636133159494,1.76529005438784,27.85));
#10928=CARTESIAN_POINT('',(-8.175,1.90864579226919,27.85));
#10929=CARTESIAN_POINT('',(-8.175,-5.,27.85));
#10930=CARTESIAN_POINT('',(-8.175,-4.5,27.85));
#10931=CARTESIAN_POINT('',(-3.0875,-4.5,27.85));
#10932=CARTESIAN_POINT('',(-3.175,-4.5,27.85));
#10933=CARTESIAN_POINT('',(-3.175,1.25,27.85));
#10934=CARTESIAN_POINT('',(-3.175,0.75,27.85));
#10935=CARTESIAN_POINT('',(-2.19753011488138,3.26355963968772,27.85));
#10936=CARTESIAN_POINT('',(-2.70584356459723,1.95643377221289,27.85));
#10937=CARTESIAN_POINT('',(2.13136133159492,7.2353165968413,27.85));
#10938=CARTESIAN_POINT('',(2.,7.09196085895997,27.85));
#10939=CARTESIAN_POINT('',(2.,11.82843,27.85));
#10940=CARTESIAN_POINT('',(2.,11.32843,27.85));
#10941=CARTESIAN_POINT('',(-2.5,11.32843,27.85));
#10942=CARTESIAN_POINT('',(-2.,11.32843,27.85));
#10943=CARTESIAN_POINT('',(-2.,8.84191515229841,27.85));
#10944=CARTESIAN_POINT('',(-22.675,-32.30913,26.9));
#10945=CARTESIAN_POINT('',(-5.177,-32.30913,33.2));
#10946=CARTESIAN_POINT('',(-6.23282617320247,-32.30913,33.2));
#10947=CARTESIAN_POINT('',(1.825,-32.30913,33.2));
#10948=CARTESIAN_POINT('',(1.825,-32.30913,26.9));
#10949=CARTESIAN_POINT('',(-11.7235116517557,-32.30913,24.5813501958266));
#10950=CARTESIAN_POINT('',(-11.8708979813488,-32.30913,24.35));
#10951=CARTESIAN_POINT('',(-22.675,-32.30913,24.35));
#10952=CARTESIAN_POINT('',(-7.175,-32.30913,24.35));
#10953=CARTESIAN_POINT('',(-7.175,-32.30913,26.9));
#10954=CARTESIAN_POINT('',(-7.175,-32.30913,31.7210833329384));
#10955=CARTESIAN_POINT('',(-6.40397497401311,-32.30913,32.9313501958266));
#10956=CARTESIAN_POINT('',(0.,-7.5,0.));
#10957=CARTESIAN_POINT('',(-2.16840434497101E-15,-7.5,-6.07153216591882E-15));
#10958=CARTESIAN_POINT('',(-5.90484505433154,-7.5,16.048140231327));
#10959=CARTESIAN_POINT('',(-11.4596738748088,-7.5,12.6919610259024));
#10960=CARTESIAN_POINT('',(-9.73268024415608E-16,-7.5,16.048140231327));
#10961=CARTESIAN_POINT('',(-8.37061497616509,-7.5,16.048140231327));
#10962=CARTESIAN_POINT('',(8.61238503992667E-16,-7.5,2.60208521396521E-15));
#10963=CARTESIAN_POINT('',(-12.9044227023339,-7.5,12.6919610259024));
#10964=CARTESIAN_POINT('',(-11.7306268302221,-7.5,12.6919610259024));
#10965=CARTESIAN_POINT('',(-17.8,-7.5,2.0625));
#10966=CARTESIAN_POINT('',(-17.8,-7.3106195618496,3.37784403618161));
#10967=CARTESIAN_POINT('',(-17.8,-12.5,4.125));
#10968=CARTESIAN_POINT('',(-17.8,-36.3226842682385,7.55493943830428));
#10969=CARTESIAN_POINT('',(-17.8,-36.71826,8.11189359124219));
#10970=CARTESIAN_POINT('',(-17.8,-36.2461625258408,7.44720001245867));
#10971=CARTESIAN_POINT('',(-17.8,-23.10913,2.86428012895443));
#10972=CARTESIAN_POINT('',(-17.8,-7.,-2.75547090977793));
#10973=CARTESIAN_POINT('',(-17.8,-7.,2.0625));
#10974=CARTESIAN_POINT('',(-17.8,-7.,-3.625));
#10975=CARTESIAN_POINT('',(-17.8,3.75,-3.625));
#10976=CARTESIAN_POINT('',(-17.8,3.25,-3.625));
#10977=CARTESIAN_POINT('',(-17.8,3.25,4.125));
#10978=CARTESIAN_POINT('',(-17.8,3.25,4.125));
#10979=CARTESIAN_POINT('',(-17.8,-7.5,4.125));
#10980=CARTESIAN_POINT('',(-17.8,0.,1.08993565124114E-15));
#10981=CARTESIAN_POINT('',(-17.8,1.8,1.08993565124114E-15));
#10982=CARTESIAN_POINT('',(-8.8625,-36.71826,14.3583333333333));
#10983=CARTESIAN_POINT('',(-8.8625,-36.71826,34.7));
#10984=CARTESIAN_POINT('',(1.825,-36.71826,34.7));
#10985=CARTESIAN_POINT('',(-5.27722078199124,-36.71826,34.7));
#10986=CARTESIAN_POINT('',(-19.6283042770936,-36.71826,12.173311221729));
#10987=CARTESIAN_POINT('',(-19.55,-36.71826,12.2962243161094));
#10988=CARTESIAN_POINT('',(-19.55,-36.71826,14.3583333333333));
#10989=CARTESIAN_POINT('',(-19.55,-36.71826,8.11189359124219));
#10990=CARTESIAN_POINT('',(-17.8,-36.71826,8.11189359124219));
#10991=CARTESIAN_POINT('',(-17.8425665856783,-36.71826,8.11189359124219));
#10992=CARTESIAN_POINT('',(-2.16840434497101E-15,-36.71826,-6.07153216591882E-15));
#10993=CARTESIAN_POINT('',(-13.5577549533372,-36.71826,14.1544085226215));
#10994=CARTESIAN_POINT('',(-11.5306416852226,-36.71826,16.5842501652727));
#10995=CARTESIAN_POINT('',(-9.0465796593899,-36.71826,19.5618229769344));
#10996=CARTESIAN_POINT('',(-7.80692343840193,-36.71826,20.1));
#10997=CARTESIAN_POINT('',(-8.22014217873125,-36.71826,19.9206076589781));
#10998=CARTESIAN_POINT('',(-8.63336091906058,-36.71826,19.7412153179563));
#10999=CARTESIAN_POINT('',(-9.0465796593899,-36.71826,19.5618229769344));
#11000=CARTESIAN_POINT('',(-7.80692343840193,-36.71826,20.1));
#11001=CARTESIAN_POINT('',(-8.8625,-36.71826,20.1));
#11002=CARTESIAN_POINT('',(-5.23949382129982,-36.71826,20.1));
#11003=CARTESIAN_POINT('',(0.,-36.71826,0.));
#11004=CARTESIAN_POINT('',(1.825,-36.71826,20.6913428878707));
#11005=CARTESIAN_POINT('',(1.825,-36.71826,14.3583333333333));
#11006=CARTESIAN_POINT('',(0.,-7.5,0.));
#11007=CARTESIAN_POINT('',(14.8085706952775,-7.5,10.4105913167038));
#11008=CARTESIAN_POINT('',(19.55,-7.5,4.75997590876932));
#11009=CARTESIAN_POINT('',(14.795118710148,-7.5,10.4266227683094));
#11010=CARTESIAN_POINT('',(8.61238503992667E-16,-7.5,2.60208521396521E-15));
#11011=CARTESIAN_POINT('',(2.325,-7.5,17.9500522283363));
#11012=CARTESIAN_POINT('',(2.325,-7.5,2.21463439660487E-16));
#11013=CARTESIAN_POINT('',(2.325,-7.5,17.5409143333536));
#11014=CARTESIAN_POINT('',(2.32499999691531,-7.5,17.5409143362018));
#11015=CARTESIAN_POINT('',(2.1591005633764,-7.5,17.3612363767268));
#11016=CARTESIAN_POINT('',(1.99311772034826,-7.5,17.1816354409808));
#11017=CARTESIAN_POINT('',(1.82704957062226,-7.5,17.002113406545));
#11018=CARTESIAN_POINT('',(1.82704850675173,-7.5,17.0021143906861));
#11019=CARTESIAN_POINT('',(-2.16840434497101E-15,-7.5,-6.07153216591882E-15));
#11020=CARTESIAN_POINT('',(15.191592916837,-7.5,7.85019137659121));
#11021=CARTESIAN_POINT('',(16.4957964584185,-7.5,5.9875956882956));
#11022=CARTESIAN_POINT('',(18.3,-7.5,3.41092599662894));
#11023=CARTESIAN_POINT('',(18.3,-7.5,0.));
#11024=CARTESIAN_POINT('',(18.3,-7.5,-4.28264939443949));
#11025=CARTESIAN_POINT('',(15.6011689389815,-7.5,-8.13697959476674));
#11026=CARTESIAN_POINT('',(15.6202605528335,-7.5,-8.1097139444986));
#11027=CARTESIAN_POINT('',(2.16840434497101E-15,-7.5,6.07153216591882E-15));
#11028=CARTESIAN_POINT('',(-15.6202605528335,-7.5,-8.10971394449861));
#11029=CARTESIAN_POINT('',(-14.2916713281139,-7.5,-10.0071359975609));
#11030=CARTESIAN_POINT('',(-17.922787803969,-7.5,-4.82136424032002));
#11031=CARTESIAN_POINT('',(-17.922787803969,-7.5,-4.82136424032002));
#11032=CARTESIAN_POINT('',(-18.3,-7.5,-3.625));
#11033=CARTESIAN_POINT('',(-18.3,-7.5,0.));
#11034=CARTESIAN_POINT('',(-18.3,-7.5,-2.58104339448901));
#11035=CARTESIAN_POINT('',(-17.798,-7.5,-2.58104339448901));
#11036=CARTESIAN_POINT('',(-19.55,-7.5,-2.58104339448901));
#11037=CARTESIAN_POINT('',(-19.55,-7.5,-4.94196102590242));
#11038=CARTESIAN_POINT('',(-19.55,-7.5,-4.75997590876931));
#11039=CARTESIAN_POINT('',(-14.8085706952775,-7.5,-10.4105913167038));
#11040=CARTESIAN_POINT('',(-15.180713064292,-7.5,-9.96708931147422));
#11041=CARTESIAN_POINT('',(-15.180713064292,-7.5,-9.96708931147422));
#11042=CARTESIAN_POINT('',(-14.5429350962954,-7.5,-10.7755760303076));
#11043=CARTESIAN_POINT('',(8.61238503992667E-16,-7.5,-2.60208521396521E-15));
#11044=CARTESIAN_POINT('',(-2.5,-7.5,-17.9265166722372));
#11045=CARTESIAN_POINT('',(-2.5,-7.5,9.57142174731737E-16));
#11046=CARTESIAN_POINT('',(-2.5,-7.5,-18.85));
#11047=CARTESIAN_POINT('',(-7.2168519974773E-15,-7.5,-18.85));
#11048=CARTESIAN_POINT('',(2.5,-7.5,-18.85));
#11049=CARTESIAN_POINT('',(2.5,-7.5,-18.3564702489341));
#11050=CARTESIAN_POINT('',(2.5,-7.5,-17.9265166722372));
#11051=CARTESIAN_POINT('',(8.61238503992667E-16,-7.5,-2.60208521396521E-15));
#11052=CARTESIAN_POINT('',(14.795118710148,-7.5,-10.4266227683094));
#11053=CARTESIAN_POINT('',(13.8162415262479,-7.5,-11.5932031689308));
#11054=CARTESIAN_POINT('',(19.55,-7.5,-4.75997590876931));
#11055=CARTESIAN_POINT('',(19.55,-7.5,4.94196102590242));
#11056=CARTESIAN_POINT('',(-17.6207964584185,-7.5,7.83697307372473));
#11057=CARTESIAN_POINT('',(-19.7286061951568,-10.5,5.32498324746191));
#11058=CARTESIAN_POINT('',(-19.7286061951568,3.25,5.32498324746191));
#11059=CARTESIAN_POINT('',(-19.7286061951568,-10.,5.32498324746191));
#11060=CARTESIAN_POINT('',(-15.191592916837,-10.,10.731985121547));
#11061=CARTESIAN_POINT('',(-20.05,3.25,4.94196102590242));
#11062=CARTESIAN_POINT('',(-12.7783012971691,-36.71826,12.4419610259024));
#11063=CARTESIAN_POINT('',(-11.730626830222,-36.71826,12.4419610259024));
#11064=CARTESIAN_POINT('',(-11.730626830222,-10.3152011003548,12.4419610259024));
#11065=CARTESIAN_POINT('',(-11.730626830222,-7.75,12.4419610259024));
#11066=CARTESIAN_POINT('',(-13.1456306730967,-7.75,12.4419610259024));
#11067=CARTESIAN_POINT('',(-12.7992228582754,-7.75,12.4419610259024));
#11068=CARTESIAN_POINT('',(-12.7992228582754,-7.75000000000516,12.4419610259024));
#11069=CARTESIAN_POINT('',(-12.9784265253288,-7.62150321192612,12.4419610259024));
#11070=CARTESIAN_POINT('',(-13.1570083228517,-7.49214215595959,12.4419610259024));
#11071=CARTESIAN_POINT('',(-13.335013763272,-7.36199061675511,12.4419610259024));
#11072=CARTESIAN_POINT('',(-13.335013763272,-7.36199061675511,12.4419610259024));
#11073=CARTESIAN_POINT('',(-13.335013763272,-36.71826,12.4419610259024));
#11074=CARTESIAN_POINT('',(-13.335013763272,-10.,12.4419610259024));
#11075=CARTESIAN_POINT('',(-11.730626830222,-10.,12.4419610259024));
#11076=CARTESIAN_POINT('',(-12.0208845464556,-10.,12.4419610259024));
#11077=CARTESIAN_POINT('',(0.945417592434576,-24.0805652119936,12.4419610259024));
#11078=CARTESIAN_POINT('',(-2.16840434497101E-15,-7.5,-6.07153216591882E-15));
#11079=CARTESIAN_POINT('',(-0.978738923955258,0.980618775637759,17.0772146921679));
#11080=CARTESIAN_POINT('',(-1.38555325555661,-0.000248468364374629,17.0427812042247));
#11081=CARTESIAN_POINT('',(-0.979048053818289,-0.979624902180261,17.0771705067647));
#11082=CARTESIAN_POINT('',(-0.00104725545814301,-1.38506086574319,17.111409992641));
#11083=CARTESIAN_POINT('',(0.979192603740423,-0.980130544330014,17.0771894429551));
#11084=CARTESIAN_POINT('',(1.38508084696256,-0.000213493276267643,17.0428083629428));
#11085=CARTESIAN_POINT('',(0.98048351968244,0.97827695349517,17.0770871569266));
#11086=CARTESIAN_POINT('',(0.00141235463723786,1.38527515652576,17.1114244711188));
#11087=CARTESIAN_POINT('',(-0.978738923955258,0.980618775637759,17.0772146921679));
#11088=CARTESIAN_POINT('',(-1.38555325555661,-0.000248468364374629,17.0427812042247));
#11089=CARTESIAN_POINT('',(-0.979048053818289,-0.979624902180261,17.0771705067647));
#11090=CARTESIAN_POINT('',(-1.25,5.4579164672362E-17,17.0542516693052));
#11091=CARTESIAN_POINT('',(-2.16840434497101E-15,-12.5,-6.07153216591882E-15));
#11092=CARTESIAN_POINT('',(-11.730626830222,-12.5,12.4419610259024));
#11093=CARTESIAN_POINT('',(-14.9825600070716,-12.502443561512,8.24214138280621));
#11094=CARTESIAN_POINT('',(-2.16840434497101E-15,193.957417928694,-6.07153216591882E-15));
#11095=CARTESIAN_POINT('',(-15.1915929168371,-12.1394538416176,7.85019137659114));
#11096=CARTESIAN_POINT('',(-15.191592916837,-7.5,7.85019137659121));
#11097=CARTESIAN_POINT('',(-15.191592916837,3.25,7.85019137659121));
#11098=CARTESIAN_POINT('',(-2.16840434497101E-15,3.25,-6.07153216591882E-15));
#11099=CARTESIAN_POINT('',(15.191592916837,3.25,7.85019137659121));
#11100=CARTESIAN_POINT('',(15.191592916837,-7.5,7.85019137659121));
#11101=CARTESIAN_POINT('',(0.,-7.5,0.));
#11102=CARTESIAN_POINT('',(-2.16840434497101E-15,-20.1919610259024,-6.07153216591882E-15));
#11103=CARTESIAN_POINT('',(-11.730626830222,-36.71826,12.4419610259024));
#11104=CARTESIAN_POINT('',(2.325,-36.71826,23.7706017348238));
#11105=CARTESIAN_POINT('',(2.325,-5.,18.853235124467));
#11106=CARTESIAN_POINT('',(2.325,-5.,18.356470248934));
#11107=CARTESIAN_POINT('',(2.325,-5.,19.35));
#11108=CARTESIAN_POINT('',(2.325,-1.875,19.35));
#11109=CARTESIAN_POINT('',(2.325,-5.5,19.35));
#11110=CARTESIAN_POINT('',(2.325,-5.5,35.2));
#11111=CARTESIAN_POINT('',(2.325,-5.5,34.7));
#11112=CARTESIAN_POINT('',(2.325,-36.71826,34.7));
#11113=CARTESIAN_POINT('',(2.325,-36.21826,34.7));
#11114=CARTESIAN_POINT('',(2.325,-36.21826,23.7706017348238));
#11115=CARTESIAN_POINT('',(2.325,-36.21826,20.1378995925593));
#11116=CARTESIAN_POINT('',(2.325,-36.72026,20.1378995925593));
#11117=CARTESIAN_POINT('',(2.325,-11.565029316942,20.1378995921561));
#11118=CARTESIAN_POINT('',(2.325,-11.565029316942,20.1378995921561));
#11119=CARTESIAN_POINT('',(2.325,-10.2100195413818,19.2722378392219));
#11120=CARTESIAN_POINT('',(2.325,-8.85500976582164,18.4065760862878));
#11121=CARTESIAN_POINT('',(2.325,-7.49999999026145,17.5409143333536));
#11122=CARTESIAN_POINT('',(2.325,-7.5,17.9500522283363));
#11123=CARTESIAN_POINT('',(2.325,-7.36563746360478,18.0855371772277));
#11124=CARTESIAN_POINT('',(2.325,-7.23126227977272,18.2210095811668));
#11125=CARTESIAN_POINT('',(2.325,-7.09687526389124,18.356470248934));
#11126=CARTESIAN_POINT('',(2.325,-7.09687526389124,18.356470248934));
#11127=CARTESIAN_POINT('',(2.325,-7.5,18.356470248934));
#11128=CARTESIAN_POINT('',(2.325,-34.51826,26.9));
#11129=CARTESIAN_POINT('',(2.325,-34.51826,27.7));
#11130=CARTESIAN_POINT('',(2.325,-8.90913,20.6));
#11131=CARTESIAN_POINT('',(2.325,-8.90913,33.7));
#11132=CARTESIAN_POINT('',(2.325,-32.80913,23.7706017348238));
#11133=CARTESIAN_POINT('',(2.325,-32.80913,33.7));
#11134=CARTESIAN_POINT('',(2.325,-36.71826,33.7));
#11135=CARTESIAN_POINT('',(2.325,-7.2,26.9));
#11136=CARTESIAN_POINT('',(2.325,-7.2,27.7));
#11137=CARTESIAN_POINT('',(-14.2660266875095,-36.72026,21.5209805129512));
#11138=CARTESIAN_POINT('',(-6.55702089274615,-32.30913,33.6216957229065));
#11139=CARTESIAN_POINT('',(-6.55702089274615,-8.90913,33.6216957229065));
#11140=CARTESIAN_POINT('',(-6.55702089274615,-32.80913,33.6216957229065));
#11141=CARTESIAN_POINT('',(-7.675,-32.80913,31.8668200427314));
#11142=CARTESIAN_POINT('',(-7.675,-32.80913,31.8668200427314));
#11143=CARTESIAN_POINT('',(-7.675,-34.80913,31.8668200427314));
#11144=CARTESIAN_POINT('',(-7.675,-34.30913,31.8668200427314));
#11145=CARTESIAN_POINT('',(-13.3296516137851,-39.9637816137851,22.9907949609488));
#11146=CARTESIAN_POINT('',(-8.175,-34.80913,31.0819772541726));
#11147=CARTESIAN_POINT('',(-14.2660266875095,-34.80913,21.5209805129512));
#11148=CARTESIAN_POINT('',(-11.8266722442584,-34.80913,25.35));
#11149=CARTESIAN_POINT('',(-12.7460376671094,-33.3660153556502,23.9068853556502));
#11150=CARTESIAN_POINT('',(-12.1452073746621,-34.30913,24.85));
#11151=CARTESIAN_POINT('',(-12.1452073746621,-34.80913,24.85));
#11152=CARTESIAN_POINT('',(-12.1452073746621,-32.80913,24.85));
#11153=CARTESIAN_POINT('',(-14.852755983094,-32.80913,20.6));
#11154=CARTESIAN_POINT('',(-15.1214057872674,-32.80913,20.1783042770936));
#11155=CARTESIAN_POINT('',(-15.1214057872674,-10.5,20.1783042770936));
#11156=CARTESIAN_POINT('',(-15.1214057872674,-11.,20.1783042770936));
#11157=CARTESIAN_POINT('',(-14.2660266875095,-11.,21.5209805129512));
#11158=CARTESIAN_POINT('',(-19.7813501958266,-11.,12.8636567488089));
#11159=CARTESIAN_POINT('',(-19.7813501958266,-36.71826,12.8636567488089));
#11160=CARTESIAN_POINT('',(-19.7813501958266,-36.21826,12.8636567488089));
#11161=CARTESIAN_POINT('',(-5.55153017530457,-36.21826,35.2));
#11162=CARTESIAN_POINT('',(-5.82017997947798,-36.21826,34.7783042770935));
#11163=CARTESIAN_POINT('',(-5.82017997947798,-5.,34.7783042770935));
#11164=CARTESIAN_POINT('',(-5.82017997947798,-5.5,34.7783042770935));
#11165=CARTESIAN_POINT('',(-14.2660266875095,-5.5,21.5209805129512));
#11166=CARTESIAN_POINT('',(-8.40635019582659,-5.5,30.7188301885203));
#11167=CARTESIAN_POINT('',(-8.40635019582659,-36.72026,30.7188301885203));
#11168=CARTESIAN_POINT('',(-8.40635019582659,-8.90913,30.7188301885203));
#11169=CARTESIAN_POINT('',(-14.2660266875095,-8.90913,21.5209805129512));
#11170=CARTESIAN_POINT('',(-3.,-1.875,-18.602));
#11171=CARTESIAN_POINT('',(-3.,3.75,18.85));
#11172=CARTESIAN_POINT('',(-3.,3.25,18.85));
#11173=CARTESIAN_POINT('',(-3.,3.25,-18.602));
#11174=CARTESIAN_POINT('',(2.16840434497101E-15,-7.5,6.07153216591882E-15));
#11175=CARTESIAN_POINT('',(-14.9815789037913,-7.5,-8.24392464482027));
#11176=CARTESIAN_POINT('',(-14.9815789037913,3.25,-8.24392464482027));
#11177=CARTESIAN_POINT('',(-14.9815789037913,-7.,-8.24392464482027));
#11178=CARTESIAN_POINT('',(2.16840434497101E-15,-7.,6.07153216591882E-15));
#11179=CARTESIAN_POINT('',(15.191592916837,-7.,-7.85019137659121));
#11180=CARTESIAN_POINT('',(15.191592916837,-7.5,-7.85019137659121));
#11181=CARTESIAN_POINT('',(15.191592916837,3.25,-7.85019137659121));
#11182=CARTESIAN_POINT('',(2.16840434497101E-15,3.25,6.07153216591882E-15));
#11183=CARTESIAN_POINT('',(0.978738923955244,0.980618775637755,-17.0772146921679));
#11184=CARTESIAN_POINT('',(1.38555325555662,-0.000248468364373274,-17.0427812042247));
#11185=CARTESIAN_POINT('',(0.979048053818271,-0.979624902180261,-17.0771705067647));
#11186=CARTESIAN_POINT('',(0.00104725545813038,-1.38506086574319,-17.111409992641));
#11187=CARTESIAN_POINT('',(-0.979192603740434,-0.980130544330016,-17.0771894429551));
#11188=CARTESIAN_POINT('',(-1.38508084696258,-0.000213493276265882,-17.0428083629428));
#11189=CARTESIAN_POINT('',(-0.98048351968245,0.978276953495171,-17.0770871569266));
#11190=CARTESIAN_POINT('',(-0.00141235463725471,1.38527515652576,-17.1114244711189));
#11191=CARTESIAN_POINT('',(0.978738923955244,0.980618775637755,-17.0772146921679));
#11192=CARTESIAN_POINT('',(1.38555325555662,-0.000248468364373274,-17.0427812042247));
#11193=CARTESIAN_POINT('',(0.979048053818271,-0.979624902180261,-17.0771705067647));
#11194=CARTESIAN_POINT('',(1.25,7.74619205814251E-17,-17.0542516693052));
#11195=CARTESIAN_POINT('',(8.61238503992667E-16,-7.5,-2.60208521396521E-15));
#11196=CARTESIAN_POINT('',(15.191592916837,-7.5,-10.731985121547));
#11197=CARTESIAN_POINT('',(15.191592916837,-7.,-10.731985121547));
#11198=CARTESIAN_POINT('',(15.191592916837,3.25,-10.731985121547));
#11199=CARTESIAN_POINT('',(8.61238503992667E-16,-7.,-2.60208521396521E-15));
#11200=CARTESIAN_POINT('',(3.,-7.,-18.356470248934));
#11201=CARTESIAN_POINT('',(3.,-7.5,-18.356470248934));
#11202=CARTESIAN_POINT('',(3.,3.25,-18.356470248934));
#11203=CARTESIAN_POINT('',(8.61238503992667E-16,3.25,-2.60208521396521E-15));
#11204=CARTESIAN_POINT('',(17.6,0.,1.07768918324967E-15));
#11205=CARTESIAN_POINT('',(20.05,0.,1.22770841614522E-15));
#11206=CARTESIAN_POINT('',(20.05,0.,1.8));
#11207=CARTESIAN_POINT('',(17.8,0.,1.08993565124114E-15));
#11208=CARTESIAN_POINT('',(17.8,1.8,1.08993565124114E-15));
#11209=CARTESIAN_POINT('',(8.61238503992667E-16,-7.5,-2.60208521396521E-15));
#11210=CARTESIAN_POINT('',(-3.,-7.5,-18.356470248934));
#11211=CARTESIAN_POINT('',(-3.,-7.,-18.356470248934));
#11212=CARTESIAN_POINT('',(-3.,3.25,-18.356470248934));
#11213=CARTESIAN_POINT('',(8.61238503992667E-16,-7.,-2.60208521396521E-15));
#11214=CARTESIAN_POINT('',(-14.9446736348671,-7.,-11.0732438764487));
#11215=CARTESIAN_POINT('',(-14.9446736348671,-7.5,-11.0732438764487));
#11216=CARTESIAN_POINT('',(-14.9446736348671,3.25,-11.0732438764487));
#11217=CARTESIAN_POINT('',(8.61238503992667E-16,3.25,-2.60208521396521E-15));
#11218=CARTESIAN_POINT('',(-17.6207964584185,-7.5,-7.83697307372473));
#11219=CARTESIAN_POINT('',(-20.05,-7.,-4.94196102590242));
#11220=CARTESIAN_POINT('',(-15.5637352858515,-7.,-10.2884831163175));
#11221=CARTESIAN_POINT('',(-19.7286061951568,-7.,-5.3249832474619));
#11222=CARTESIAN_POINT('',(-19.7286061951568,-7.5,-5.3249832474619));
#11223=CARTESIAN_POINT('',(-19.7286061951568,3.25,-5.3249832474619));
#11224=CARTESIAN_POINT('',(-17.6207964584185,3.25,-7.83697307372473));
#11225=CARTESIAN_POINT('',(-15.5637352858515,3.25,-10.2884831163175));
#11226=CARTESIAN_POINT('',(-15.5637352858515,-7.5,-10.2884831163175));
#11227=CARTESIAN_POINT('',(-20.05,-7.5,-2.47098051295121));
#11228=CARTESIAN_POINT('',(-20.05,-11.,4.94196102590242));
#11229=CARTESIAN_POINT('',(-20.05,-11.,11.9419610259024));
#11230=CARTESIAN_POINT('',(-20.05,-11.,6.31569973562973));
#11231=CARTESIAN_POINT('',(-20.05,-10.,4.44196102590242));
#11232=CARTESIAN_POINT('',(-20.05,-10.3333333333333,5.06654059581152));
#11233=CARTESIAN_POINT('',(-20.05,-10.6666666666667,5.69112016572063));
#11234=CARTESIAN_POINT('',(-20.05,-11.,6.31569973562973));
#11235=CARTESIAN_POINT('',(-20.05,-10.,4.44196102590242));
#11236=CARTESIAN_POINT('',(-20.05,3.75,4.44196102590242));
#11237=CARTESIAN_POINT('',(-20.05,3.25,4.44196102590242));
#11238=CARTESIAN_POINT('',(-20.05,3.25,-2.47098051295121));
#11239=CARTESIAN_POINT('',(-20.05,3.25,-4.44196102590242));
#11240=CARTESIAN_POINT('',(-20.05,-7.5,-4.44196102590242));
#11241=CARTESIAN_POINT('',(-20.05,-7.,-4.44196102590242));
#11242=CARTESIAN_POINT('',(-20.05,-7.,-2.58104339448901));
#11243=CARTESIAN_POINT('',(-20.05,-7.,-2.22591925215624));
#11244=CARTESIAN_POINT('',(-20.05,-36.5535664212165,8.08399106540138));
#11245=CARTESIAN_POINT('',(-20.05,-36.21826,7.96701773357495));
#11246=CARTESIAN_POINT('',(-20.05,-36.21826,-2.47098051295121));
#11247=CARTESIAN_POINT('',(-20.05,-36.21826,11.9419610259024));
#11248=CARTESIAN_POINT('',(-20.05,-10.5,11.9419610259024));
#11249=CARTESIAN_POINT('',(-20.05,0.,1.22770841614522E-15));
#11250=CARTESIAN_POINT('',(-20.05,0.,1.8));
#11251=CARTESIAN_POINT('',(8.61238503992667E-16,-7.5,2.60208521396521E-15));
#11252=CARTESIAN_POINT('',(3.,-7.5,18.356470248934));
#11253=CARTESIAN_POINT('',(3.,-5.,18.356470248934));
#11254=CARTESIAN_POINT('',(3.,-7.,18.356470248934));
#11255=CARTESIAN_POINT('',(8.61238503992667E-16,-7.,2.60208521396521E-15));
#11256=CARTESIAN_POINT('',(15.191592916837,-7.,10.731985121547));
#11257=CARTESIAN_POINT('',(15.191592916837,-7.5,10.731985121547));
#11258=CARTESIAN_POINT('',(15.191592916837,3.25,10.731985121547));
#11259=CARTESIAN_POINT('',(8.61238503992667E-16,3.25,2.60208521396521E-15));
#11260=CARTESIAN_POINT('',(3.,3.25,18.356470248934));
#11261=CARTESIAN_POINT('',(3.,-7.5,18.356470248934));
#11262=CARTESIAN_POINT('',(17.6207964584185,-7.5,7.83697307372473));
#11263=CARTESIAN_POINT('',(20.05,-7.,4.94196102590242));
#11264=CARTESIAN_POINT('',(19.7286061951568,-7.,5.32498324746191));
#11265=CARTESIAN_POINT('',(19.7286061951568,-7.5,5.32498324746191));
#11266=CARTESIAN_POINT('',(19.7286061951568,3.25,5.32498324746191));
#11267=CARTESIAN_POINT('',(17.6207964584185,3.25,7.83697307372473));
#11268=CARTESIAN_POINT('',(20.05,-7.5,2.47098051295121));
#11269=CARTESIAN_POINT('',(20.05,3.25,2.47098051295121));
#11270=CARTESIAN_POINT('',(20.05,3.25,-4.44196102590242));
#11271=CARTESIAN_POINT('',(20.05,3.25,4.44196102590242));
#11272=CARTESIAN_POINT('',(20.05,-7.5,4.44196102590242));
#11273=CARTESIAN_POINT('',(20.05,-7.,4.44196102590242));
#11274=CARTESIAN_POINT('',(20.05,-7.,-4.94196102590242));
#11275=CARTESIAN_POINT('',(20.05,-7.,-4.44196102590242));
#11276=CARTESIAN_POINT('',(20.05,3.75,-4.44196102590242));
#11277=CARTESIAN_POINT('',(-16.4957964584185,-7.5,-5.98759568829561));
#11278=CARTESIAN_POINT('',(-16.4957964584185,-7.,-5.98759568829561));
#11279=CARTESIAN_POINT('',(-17.5132117818245,-7.,-4.53457602214449));
#11280=CARTESIAN_POINT('',(-15.509417550178,-7.,-7.39629075999178));
#11281=CARTESIAN_POINT('',(-15.5094175501779,3.75,-7.3962907599918));
#11282=CARTESIAN_POINT('',(-15.509417550178,3.25,-7.3962907599918));
#11283=CARTESIAN_POINT('',(-17.8,3.25,-4.125));
#11284=CARTESIAN_POINT('',(-17.5132117818245,3.25,-4.53457602214449));
#11285=CARTESIAN_POINT('',(-17.5132117818245,-7.5,-4.53457602214449));
#11286=CARTESIAN_POINT('',(16.4957964584185,-7.5,-5.98759568829561));
#11287=CARTESIAN_POINT('',(17.8,-7.,-4.125));
#11288=CARTESIAN_POINT('',(17.8,-7.,-4.125));
#11289=CARTESIAN_POINT('',(17.8,-7.5,-4.125));
#11290=CARTESIAN_POINT('',(17.8,3.25,-4.125));
#11291=CARTESIAN_POINT('',(16.4957964584185,3.25,-5.98759568829561));
#11292=CARTESIAN_POINT('',(17.8,-7.5,-2.0625));
#11293=CARTESIAN_POINT('',(17.8,-7.,-2.0625));
#11294=CARTESIAN_POINT('',(17.8,-7.,4.125));
#11295=CARTESIAN_POINT('',(17.8,-7.5,4.125));
#11296=CARTESIAN_POINT('',(17.8,3.25,4.125));
#11297=CARTESIAN_POINT('',(17.8,3.25,-4.125));
#11298=CARTESIAN_POINT('',(16.4957964584185,-7.5,5.9875956882956));
#11299=CARTESIAN_POINT('',(17.8,3.25,4.125));
#11300=CARTESIAN_POINT('',(16.9424249701885,-6.14242497018852,5.34974406945708));
#11301=CARTESIAN_POINT('',(-16.4957964584185,-7.5,5.98759568829561));
#11302=CARTESIAN_POINT('',(-14.9133935174359,-11.8304547812914,8.24750129432278));
#11303=CARTESIAN_POINT('',(-15.5096832118145,-12.4999743084288,7.39644983608671));
#11304=CARTESIAN_POINT('',(-16.4957964584185,-12.5,5.98759568829561));
#11305=CARTESIAN_POINT('',(-16.4957964584185,3.25,5.98759568829561));
#11306=CARTESIAN_POINT('',(17.6207964584185,-7.5,-7.83697307372473));
#11307=CARTESIAN_POINT('',(19.7286061951568,-7.5,-5.3249832474619));
#11308=CARTESIAN_POINT('',(19.7286061951568,3.25,-5.3249832474619));
#11309=CARTESIAN_POINT('',(19.7286061951568,-7.,-5.3249832474619));
#11310=CARTESIAN_POINT('',(17.6207964584185,-7.,-7.83697307372473));
#11311=CARTESIAN_POINT('',(20.05,3.25,-4.94196102590242));
#11312=CARTESIAN_POINT('',(0.,3.75,0.));
#11313=CARTESIAN_POINT('',(2.5,3.75,18.3564702489341));
#11314=CARTESIAN_POINT('',(2.5,3.75,18.85));
#11315=CARTESIAN_POINT('',(2.5,3.75,17.9265166722372));
#11316=CARTESIAN_POINT('',(8.61238503992667E-16,3.75,2.60208521396521E-15));
#11317=CARTESIAN_POINT('',(14.795118710148,3.75,10.4266227683094));
#11318=CARTESIAN_POINT('',(13.8162415262479,3.75,11.5932031689308));
#11319=CARTESIAN_POINT('',(19.55,3.75,4.75997590876932));
#11320=CARTESIAN_POINT('',(19.55,3.75,0.));
#11321=CARTESIAN_POINT('',(19.55,3.75,-4.75997590876931));
#11322=CARTESIAN_POINT('',(14.8085706952775,3.75,-10.4105913167038));
#11323=CARTESIAN_POINT('',(14.795118710148,3.75,-10.4266227683094));
#11324=CARTESIAN_POINT('',(8.61238503992667E-16,3.75,-2.60208521396521E-15));
#11325=CARTESIAN_POINT('',(2.5,3.75,-17.9265166722372));
#11326=CARTESIAN_POINT('',(2.5,3.75,-9.57142174731738E-16));
#11327=CARTESIAN_POINT('',(2.5,3.75,-18.85));
#11328=CARTESIAN_POINT('',(-3.,3.75,-18.85));
#11329=CARTESIAN_POINT('',(-2.5,3.75,-18.85));
#11330=CARTESIAN_POINT('',(-2.5,3.75,-18.356470248934));
#11331=CARTESIAN_POINT('',(-2.5,3.75,-17.9265166722372));
#11332=CARTESIAN_POINT('',(8.61238503992667E-16,3.75,-2.60208521396521E-15));
#11333=CARTESIAN_POINT('',(-14.5429350962954,3.75,-10.7755760303076));
#11334=CARTESIAN_POINT('',(-14.2041697583739,3.75,-11.2050158828176));
#11335=CARTESIAN_POINT('',(-15.180713064292,3.75,-9.96708931147422));
#11336=CARTESIAN_POINT('',(-13.8162415262479,3.75,-11.5932031689308));
#11337=CARTESIAN_POINT('',(-19.55,3.75,-4.75997590876931));
#11338=CARTESIAN_POINT('',(-19.55,3.75,0.));
#11339=CARTESIAN_POINT('',(-19.55,3.75,4.75997590876932));
#11340=CARTESIAN_POINT('',(-14.8085706952775,3.75,10.4105913167038));
#11341=CARTESIAN_POINT('',(-14.795118710148,3.75,10.4266227683094));
#11342=CARTESIAN_POINT('',(8.61238503992667E-16,3.75,2.60208521396521E-15));
#11343=CARTESIAN_POINT('',(-2.5,3.75,17.9265166722372));
#11344=CARTESIAN_POINT('',(-2.5,3.75,-9.57142174731737E-16));
#11345=CARTESIAN_POINT('',(-2.5,3.75,18.85));
#11346=CARTESIAN_POINT('',(3.,3.75,18.85));
#11347=CARTESIAN_POINT('',(-17.6848484961305,3.75,-5.57601131233828));
#11348=CARTESIAN_POINT('',(-17.922787803969,3.75,-4.82136424032002));
#11349=CARTESIAN_POINT('',(-18.3,3.75,-3.625));
#11350=CARTESIAN_POINT('',(-15.6011689389815,3.75,-8.13697959476674));
#11351=CARTESIAN_POINT('',(-15.6202605528335,3.75,-8.10971394449862));
#11352=CARTESIAN_POINT('',(2.16840434497101E-15,3.75,6.07153216591882E-15));
#11353=CARTESIAN_POINT('',(15.6202605528335,3.75,-8.10971394449861));
#11354=CARTESIAN_POINT('',(14.2916713281139,3.75,-10.0071359975609));
#11355=CARTESIAN_POINT('',(18.3,3.75,-4.28264939443949));
#11356=CARTESIAN_POINT('',(18.3,3.75,4.125));
#11357=CARTESIAN_POINT('',(18.3,3.75,4.28264939443949));
#11358=CARTESIAN_POINT('',(15.6011689389815,3.75,8.13697959476673));
#11359=CARTESIAN_POINT('',(15.6202605528335,3.75,8.10971394449858));
#11360=CARTESIAN_POINT('',(-2.16840434497101E-15,3.75,-6.07153216591882E-15));
#11361=CARTESIAN_POINT('',(-15.6202605528335,3.75,8.10971394449856));
#11362=CARTESIAN_POINT('',(-14.2916713281139,3.75,10.0071359975609));
#11363=CARTESIAN_POINT('',(-18.3,3.75,4.28264939443948));
#11364=CARTESIAN_POINT('',(-18.3,3.75,-4.125));
#11365=CARTESIAN_POINT('',(-17.6,0.,1.07768918324967E-15));
#11366=CARTESIAN_POINT('',(-7.40828043242365E-15,-1.875,19.35));
#11367=CARTESIAN_POINT('',(2.323,-5.,19.35));
#11368=CARTESIAN_POINT('',(2.5,-5.,19.35));
#11369=CARTESIAN_POINT('',(2.5,-1.875,19.35));
#11370=CARTESIAN_POINT('',(2.5,3.25,19.35));
#11371=CARTESIAN_POINT('',(-3.,3.25,19.35));
#11372=CARTESIAN_POINT('',(-2.5,3.25,19.35));
#11373=CARTESIAN_POINT('',(-2.5,-5.,19.35));
#11374=CARTESIAN_POINT('',(-0.65,-2.525,19.35));
#11375=CARTESIAN_POINT('',(-7.40828043242365E-15,0.,19.35));
#11376=CARTESIAN_POINT('',(-1.25000000000001,0.,19.35));
#11377=CARTESIAN_POINT('',(3.,-1.875,-18.602));
#11378=CARTESIAN_POINT('',(3.,3.25,19.35));
#11379=CARTESIAN_POINT('',(3.,3.25,18.85));
#11380=CARTESIAN_POINT('',(3.,-1.875,18.85));
#11381=CARTESIAN_POINT('',(3.,-5.,18.85));
#11382=CARTESIAN_POINT('',(3.,-5.,18.853235124467));
#11383=CARTESIAN_POINT('',(-7.40828043242365E-15,0.,19.35));
#11384=CARTESIAN_POINT('',(3.,-1.875,19.352));
#11385=CARTESIAN_POINT('',(3.,-7.,-19.35));
#11386=CARTESIAN_POINT('',(3.,-7.,-18.85));
#11387=CARTESIAN_POINT('',(3.,3.75,-18.85));
#11388=CARTESIAN_POINT('',(3.,3.25,-18.85));
#11389=CARTESIAN_POINT('',(3.,3.25,19.352));
#11390=CARTESIAN_POINT('',(-7.40828043242365E-15,-1.875,-19.35));
#11391=CARTESIAN_POINT('',(2.5,-7.5,-19.35));
#11392=CARTESIAN_POINT('',(2.5,3.25,-19.35));
#11393=CARTESIAN_POINT('',(2.5,-7.,-19.35));
#11394=CARTESIAN_POINT('',(-7.40828043242365E-15,-7.,-19.35));
#11395=CARTESIAN_POINT('',(-2.5,-7.,-19.35));
#11396=CARTESIAN_POINT('',(-2.5,-1.875,-19.35));
#11397=CARTESIAN_POINT('',(-2.5,3.25,-19.35));
#11398=CARTESIAN_POINT('',(3.,3.25,-19.35));
#11399=CARTESIAN_POINT('',(-7.40828043242365E-15,0.,-19.35));
#11400=CARTESIAN_POINT('',(1.24999999999999,0.,-19.35));
#11401=CARTESIAN_POINT('',(-3.,-1.875,19.352));
#11402=CARTESIAN_POINT('',(-3.,-1.875,-18.85));
#11403=CARTESIAN_POINT('',(-3.,3.25,-18.85));
#11404=CARTESIAN_POINT('',(-3.,-7.,-18.85));
#11405=CARTESIAN_POINT('',(-3.,-7.,19.352));
#11406=CARTESIAN_POINT('',(-3.,3.25,-19.35));
#11407=CARTESIAN_POINT('',(-7.40828043242365E-15,0.,-19.35));
#11408=CARTESIAN_POINT('',(-8.45281341511102,-36.72026,16.3709805129512));
#11409=CARTESIAN_POINT('',(-15.4271738850238,-29.0923195875775,8.01101771895495));
#11410=CARTESIAN_POINT('',(-7.19460913403381,-10.75,17.8791533443425));
#11411=CARTESIAN_POINT('',(-7.07775440602547,-10.4896453193774,18.019223703864));
#11412=CARTESIAN_POINT('',(0.644677847754569,-24.5069799506712,27.275878360483));
#11413=CARTESIAN_POINT('',(-5.75898015029984,-12.8834118735085,19.6));
#11414=CARTESIAN_POINT('',(-5.75898015029984,-36.72026,19.6));
#11415=CARTESIAN_POINT('',(-5.75898015029984,-17.1759416766577,19.6));
#11416=CARTESIAN_POINT('',(-4.46288066887858,-36.0526869444461,21.1535967044925));
#11417=CARTESIAN_POINT('',(-6.08003579290649,-12.5,19.2151599507119));
#11418=CARTESIAN_POINT('',(-11.730626830222,-12.5,12.4419610259024));
#11419=CARTESIAN_POINT('',(-1.49773061843425,-22.5810757958796,24.7078357214272));
#11420=CARTESIAN_POINT('',(-11.3678926491292,-10.75,12.8767599255476));
#11421=CARTESIAN_POINT('',(-8.45281341511102,-10.75,16.3709805129512));
#11422=CARTESIAN_POINT('',(-22.675,-9.40913,26.9));
#11423=CARTESIAN_POINT('',(1.825,-9.40913,33.2));
#11424=CARTESIAN_POINT('',(1.825,-9.40913,33.2));
#11425=CARTESIAN_POINT('',(-5.177,-9.40913,33.2));
#11426=CARTESIAN_POINT('',(-6.23282617320247,-9.40913,33.2));
#11427=CARTESIAN_POINT('',(-13.8344011548069,-9.40913,21.2679173879984));
#11428=CARTESIAN_POINT('',(-8.175,-9.40913,30.1513977558208));
#11429=CARTESIAN_POINT('',(-8.175,-9.40913,26.9));
#11430=CARTESIAN_POINT('',(3.21202919001861,-12.5000000210158,20.0155812812543));
#11431=CARTESIAN_POINT('',(0.0803956193987463,-12.5000000210158,20.5181346820238));
#11432=CARTESIAN_POINT('',(-3.0827543017536,-12.5000000210158,20.2853873564274));
#11433=CARTESIAN_POINT('',(-6.10710186701084,-12.5000000210158,19.3298715031937));
#11434=CARTESIAN_POINT('',(1.87392868398836,-7.49999999999999,16.9970112457257));
#11435=CARTESIAN_POINT('',(-0.785420063837887,-7.49999999999999,17.2902057272281));
#11436=CARTESIAN_POINT('',(-3.440747664962,-7.49999999999999,16.962586898012));
#11437=CARTESIAN_POINT('',(-5.94907892900787,-7.49999999999999,16.0317952798941));
#11438=CARTESIAN_POINT('',(1.82704850735334,-7.50000000894604,17.0021143962846));
#11439=CARTESIAN_POINT('',(1.82681157522477,-9.03087676989373,17.9712295335542));
#11440=CARTESIAN_POINT('',(1.82661275373708,-10.6975434405837,19.0336547221679));
#11441=CARTESIAN_POINT('',(1.8264438591517,-12.5000000210158,20.1892230750318));
#11442=CARTESIAN_POINT('',(1.82644385794272,-12.5,20.1892230616679));
#11443=CARTESIAN_POINT('',(0.,-12.5,0.));
#11444=CARTESIAN_POINT('',(-5.175,-12.5,19.6));
#11445=CARTESIAN_POINT('',(-5.175,-10.,17.9490701156635));
#11446=CARTESIAN_POINT('',(-5.175,-7.70861667091778,16.4359048298826));
#11447=CARTESIAN_POINT('',(-5.175,-7.70861667091778,16.4359048298826));
#11448=CARTESIAN_POINT('',(-5.42364318990033,-7.64328822799069,16.3144760996932));
#11449=CARTESIAN_POINT('',(-5.66686445608248,-7.57370189031519,16.1851330410825));
#11450=CARTESIAN_POINT('',(-5.90484505433154,-7.5,16.048140231327));
#11451=CARTESIAN_POINT('',(-12.6125,-10.5,17.7709805129512));
#11452=CARTESIAN_POINT('',(-12.6125,-10.5,17.7792560925308));
#11453=CARTESIAN_POINT('',(-8.175,-10.5,17.7792560925308));
#11454=CARTESIAN_POINT('',(-7.60352415602967,-10.5,17.7792560925308));
#11455=CARTESIAN_POINT('',(-9.66313966840354,-10.5,15.3104549561883));
#11456=CARTESIAN_POINT('',(-11.6390731561072,-10.5,12.9419610259024));
#11457=CARTESIAN_POINT('',(-13.8259757641161,-10.5,12.9419610259024));
#11458=CARTESIAN_POINT('',(-13.335013763272,-10.5,12.9419610259024));
#11459=CARTESIAN_POINT('',(-13.335013763272,-10.5,12.9419610259024));
#11460=CARTESIAN_POINT('',(-14.5398680492689,-10.5,12.3855656758119));
#11461=CARTESIAN_POINT('',(8.61238503992667E-16,-10.5,2.60208521396521E-15));
#11462=CARTESIAN_POINT('',(-15.5878871916483,-10.5,11.0375619092464));
#11463=CARTESIAN_POINT('',(-20.4330222215595,-10.5,5.26335483074569));
#11464=CARTESIAN_POINT('',(-19.55,-10.5,6.31569973562973));
#11465=CARTESIAN_POINT('',(-19.55,-10.5,12.4419610259024));
#11466=CARTESIAN_POINT('',(-19.55,-10.5,12.2962243161094));
#11467=CARTESIAN_POINT('',(-15.0663000087506,-10.5,19.3342235244954));
#11468=CARTESIAN_POINT('',(-14.5784465897806,-10.5,20.1));
#11469=CARTESIAN_POINT('',(-8.675,-10.5,20.1));
#11470=CARTESIAN_POINT('',(-9.175,-10.5,20.1));
#11471=CARTESIAN_POINT('',(-9.175,-10.5,18.2792560925308));
#11472=CARTESIAN_POINT('',(-9.175,-10.5,18.5482552117063));
#11473=CARTESIAN_POINT('',(-8.175,-10.5,17.7792560925308));
#11474=CARTESIAN_POINT('',(-8.50833333333334,-10.5,18.035589132256));
#11475=CARTESIAN_POINT('',(-8.84166666666667,-10.5,18.2919221719811));
#11476=CARTESIAN_POINT('',(-9.175,-10.5,18.5482552117063));
#11477=CARTESIAN_POINT('',(-3.675,-34.51826,26.9));
#11478=CARTESIAN_POINT('',(-4.15568849522205,-34.51826,26.9));
#11479=CARTESIAN_POINT('',(-3.675,-34.51826,26.9));
#11480=CARTESIAN_POINT('',(-3.675,-34.51826,27.7));
#11481=CARTESIAN_POINT('',(2.325,-34.51826,26.9));
#11482=CARTESIAN_POINT('',(-3.675,-7.2,26.9));
#11483=CARTESIAN_POINT('',(-4.15568849522205,-7.2,26.9));
#11484=CARTESIAN_POINT('',(-3.675,-7.2,26.9));
#11485=CARTESIAN_POINT('',(-3.675,-7.2,27.7));
#11486=CARTESIAN_POINT('',(2.325,-7.2,26.9));
#11487=CARTESIAN_POINT('',(2.323,-7.5,18.356470248934));
#11488=CARTESIAN_POINT('',(2.325,-7.09687526389124,18.356470248934));
#11489=CARTESIAN_POINT('',(2.55056665572513,-7.06853180936448,18.356470248934));
#11490=CARTESIAN_POINT('',(2.7755608865904,-7.03619985700155,18.356470248934));
#11491=CARTESIAN_POINT('',(3.,-7.,18.356470248934));
#11492=CARTESIAN_POINT('',(2.323,-5.,18.356470248934));
#11493=CARTESIAN_POINT('',(2.323,-5.,18.853235124467));
#11494=CARTESIAN_POINT('',(2.6598824377665,-5.,19.1901175622335));
#11495=CARTESIAN_POINT('',(0.,-36.72026,0.));
#11496=CARTESIAN_POINT('',(0.,-36.21826,0.));
#11497=CARTESIAN_POINT('',(-5.175,-36.21826,19.6));
#11498=CARTESIAN_POINT('',(-5.175,-36.72026,19.6));
#11499=CARTESIAN_POINT('',(1.82644451610472,-12.5000011080709,20.1892230021264));
#11500=CARTESIAN_POINT('',(1.99388217306975,-12.1889098389153,20.1740755350684));
#11501=CARTESIAN_POINT('',(2.16005339651068,-11.8772352265084,20.1569433290421));
#11502=CARTESIAN_POINT('',(2.32500000026968,-11.5650293170598,20.1378995925282));
#11503=CARTESIAN_POINT('',(-16.3332329094928,-36.72026,19.6));
#11504=CARTESIAN_POINT('',(-20.6448179032832,-33.6260796706724,19.6));
#11505=CARTESIAN_POINT('',(-5.48382716624658,-12.5,19.6));
#11506=CARTESIAN_POINT('',(-16.3332329094928,-12.5,19.6));
#11507=CARTESIAN_POINT('',(-16.3332329094928,-36.21826,19.6));
#11508=CARTESIAN_POINT('',(-7.80692343840193,-36.21826,19.6));
#11509=CARTESIAN_POINT('',(-5.26184689253319,-12.5534651664387,19.6));
#11510=CARTESIAN_POINT('',(-16.3332329094928,-10.,17.9490701156635));
#11511=CARTESIAN_POINT('',(-8.175,-7.41605076309537,16.2427025097378));
#11512=CARTESIAN_POINT('',(-7.80849488273782,-7.51968830210277,16.3111418338524));
#11513=CARTESIAN_POINT('',(-7.4396212996285,-7.61733969981848,16.3756280781468));
#11514=CARTESIAN_POINT('',(-7.0684248457574,-7.70861667091779,16.4359048298826));
#11515=CARTESIAN_POINT('',(-8.175,-7.41605076309537,16.2427025097378));
#11516=CARTESIAN_POINT('',(-7.0684248457574,-7.70861667091778,16.4359048298826));
#11517=CARTESIAN_POINT('',(-16.3332329094928,-7.70861667091778,16.4359048298826));
#11518=CARTESIAN_POINT('',(-8.51374914366324,-7.00025213968418,15.9681207604355));
#11519=CARTESIAN_POINT('',(-6.72918424971428,-10.2394962622205,18.1072267302582));
#11520=CARTESIAN_POINT('',(-7.45831722695764,-9.87414998724665,17.8659622968641));
#11521=CARTESIAN_POINT('',(-7.21527290120985,-9.99593207890461,17.9463837746621));
#11522=CARTESIAN_POINT('',(-6.97222857546206,-10.1177141705625,18.0268052524602));
#11523=CARTESIAN_POINT('',(-6.72918424971428,-10.2394962622205,18.1072267302582));
#11524=CARTESIAN_POINT('',(-7.45831722695764,-9.87414998724665,17.8659622968641));
#11525=CARTESIAN_POINT('',(-16.3332329094928,-9.87414998724665,17.8659622968641));
#11526=CARTESIAN_POINT('',(-8.175,-9.87414998724665,17.8659622968641));
#11527=CARTESIAN_POINT('',(-8.175,-7.5,16.298140231327));
#11528=CARTESIAN_POINT('',(-11.1467055776998,-36.71826,16.2639486427346));
#11529=CARTESIAN_POINT('',(-8.68096484920487,-36.6841262471497,19.2151599507119));
#11530=CARTESIAN_POINT('',(-8.63104478507754,-36.2199562882661,19.2151599507119));
#11531=CARTESIAN_POINT('',(-11.1151068109102,-36.2199562882661,16.2375871390502));
#11532=CARTESIAN_POINT('',(-13.16172727333,-36.2199562882661,13.784362790657));
#11533=CARTESIAN_POINT('',(-13.1617272733301,-36.2199562882661,13.784362790657));
#11534=CARTESIAN_POINT('',(-12.6840487962,-28.3132993897726,13.3376680546794));
#11535=CARTESIAN_POINT('',(-12.2069792491488,-20.4066470251496,12.8902439964256));
#11536=CARTESIAN_POINT('',(-11.7306268302212,-12.5,12.4419610259035));
#11537=CARTESIAN_POINT('',(-2.16840434497101E-15,-12.5,-6.07153216591882E-15));
#11538=CARTESIAN_POINT('',(-2.16840434497101E-15,-36.2199562882661,-6.07153216591882E-15));
#11539=CARTESIAN_POINT('',(-16.6561004783846,-36.2199333588173,9.26415552331305));
#11540=CARTESIAN_POINT('',(-14.9812653482626,-12.5024674122586,8.24372974246225));
#11541=CARTESIAN_POINT('',(-15.5412153309317,-20.4086221413139,8.58142182759522));
#11542=CARTESIAN_POINT('',(-16.0995719309849,-28.3144365056554,8.92161269418544));
#11543=CARTESIAN_POINT('',(-16.6563351484224,-36.2199105052832,9.26430234223293));
#11544=CARTESIAN_POINT('',(-16.4957964584185,-12.5,5.98759568829561));
#11545=CARTESIAN_POINT('',(-17.1911505021679,-36.2972306366367,8.42080187527075));
#11546=CARTESIAN_POINT('',(-17.357705250872,-36.3411741670861,8.18926393899392));
#11547=CARTESIAN_POINT('',(-17.5240418103171,-36.391120342642,7.95890185735424));
#11548=CARTESIAN_POINT('',(-17.6901707534307,-36.4467782895384,7.72965865125988));
#11549=CARTESIAN_POINT('',(-17.1909133564013,-36.296974673052,8.42065410258613));
#11550=CARTESIAN_POINT('',(-17.6901707534307,-36.4467782895384,7.72965865125989));
#11551=CARTESIAN_POINT('',(-23.6464480405494,-29.7168914549849,-1.74574168388178));
#11552=CARTESIAN_POINT('',(-15.5094210064511,-12.5000000496717,7.39628583107376));
#11553=CARTESIAN_POINT('',(-16.0699909755187,-20.4323178498916,7.73778720134019));
#11554=CARTESIAN_POINT('',(-16.6305609445863,-28.3646356501114,8.07928857160661));
#11555=CARTESIAN_POINT('',(-17.1911309136539,-36.2969534503313,8.42078994187304));
#11556=CARTESIAN_POINT('',(-42.8,-23.10913,2.86428012895443));
#11557=CARTESIAN_POINT('',(-20.05,-36.2461625258408,7.44720001245867));
#11558=CARTESIAN_POINT('',(-19.55,-36.2461625258408,7.44720001245867));
#11559=CARTESIAN_POINT('',(-19.55,-7.5,-2.58104339448901));
#11560=CARTESIAN_POINT('',(-38.099576671296,-27.299576671296,4.32613853060419));
#11561=CARTESIAN_POINT('',(-5.177,-20.85913,33.2));
#11562=CARTESIAN_POINT('',(1.825,-20.85913,33.2));
#11563=CARTESIAN_POINT('',(-10.6747910084735,-36.0554451446693,33.2));
#11564=CARTESIAN_POINT('',(-6.32567069691956,-32.3874342770935,33.2));
#11565=CARTESIAN_POINT('',(-6.32567069691956,-9.40913,33.2));
#11566=CARTESIAN_POINT('',(-6.32567069691956,-9.33082572290644,33.2));
#11567=CARTESIAN_POINT('',(-10.6747910084736,-5.66281485533073,33.2));
#11568=CARTESIAN_POINT('',(-9.91010368733106,-34.80913,24.85));
#11569=CARTESIAN_POINT('',(-7.675,-34.30913,24.85));
#11570=CARTESIAN_POINT('',(-7.675,-34.30913,24.85));
#11571=CARTESIAN_POINT('',(-7.675,-34.80913,24.85));
#11572=CARTESIAN_POINT('',(-7.675,-32.80913,24.85));
#11573=CARTESIAN_POINT('',(-9.91010368733106,-32.80913,24.85));
#11574=CARTESIAN_POINT('',(-7.675,-34.80913,28.3584100213657));
#11575=CARTESIAN_POINT('',(-7.675,-34.30913,31.8668200427314));
#11576=CARTESIAN_POINT('',(-7.675,-32.80913,28.3584100213657));
#11577=CARTESIAN_POINT('',(-6.26387799154698,-34.80913,27.9));
#11578=CARTESIAN_POINT('',(-8.175,-34.80913,24.85));
#11579=CARTESIAN_POINT('',(-8.175,-34.80913,25.35));
#11580=CARTESIAN_POINT('',(-12.1452073746621,-34.80913,25.35));
#11581=CARTESIAN_POINT('',(-2.675,-1.875,27.85));
#11582=CARTESIAN_POINT('',(-2.675,-5.,27.35));
#11583=CARTESIAN_POINT('',(-2.675,0.75,27.35));
#11584=CARTESIAN_POINT('',(-2.675,-4.5,27.35));
#11585=CARTESIAN_POINT('',(-2.675,-4.5,22.85));
#11586=CARTESIAN_POINT('',(-2.675,-4.5,23.35));
#11587=CARTESIAN_POINT('',(-2.675,-1.875,23.35));
#11588=CARTESIAN_POINT('',(-2.675,0.75,23.35));
#11589=CARTESIAN_POINT('',(-2.675,0.75,27.85));
#11590=CARTESIAN_POINT('',(-0.0875000000000114,4.07376074651673,27.85));
#11591=CARTESIAN_POINT('',(-0.0875000000000096,4.07376074651673,23.35));
#11592=CARTESIAN_POINT('',(-2.33720489619217,1.61863866840506,23.35));
#11593=CARTESIAN_POINT('',(2.16220489619216,6.52888282462841,23.35));
#11594=CARTESIAN_POINT('',(2.16220489619216,6.52888282462841,27.85));
#11595=CARTESIAN_POINT('',(2.16220489619216,6.52888282462841,27.35));
#11596=CARTESIAN_POINT('',(-2.675,1.25,27.35));
#11597=CARTESIAN_POINT('',(-2.33720489619217,1.61863866840506,27.35));
#11598=CARTESIAN_POINT('',(-2.33720489619217,1.61863866840506,22.85));
#11599=CARTESIAN_POINT('',(2.5,9.36297574651673,27.85));
#11600=CARTESIAN_POINT('',(2.5,17.12843,24.85));
#11601=CARTESIAN_POINT('',(2.5,17.12843,23.35));
#11602=CARTESIAN_POINT('',(2.5,17.12843,24.35));
#11603=CARTESIAN_POINT('',(2.5,9.36297574651673,24.35));
#11604=CARTESIAN_POINT('',(2.5,12.32843,24.35));
#11605=CARTESIAN_POINT('',(2.5,12.32843,24.35));
#11606=CARTESIAN_POINT('',(2.5,11.82843,24.85));
#11607=CARTESIAN_POINT('',(2.5,12.32843,24.35));
#11608=CARTESIAN_POINT('',(2.5,11.32843,25.35));
#11609=CARTESIAN_POINT('',(2.5,11.32843,27.85));
#11610=CARTESIAN_POINT('',(2.5,11.32843,27.35));
#11611=CARTESIAN_POINT('',(2.5,6.89752149303347,27.35));
#11612=CARTESIAN_POINT('',(2.5,7.39752149303348,27.35));
#11613=CARTESIAN_POINT('',(2.5,7.39752149303348,27.85));
#11614=CARTESIAN_POINT('',(2.5,7.39752149303348,23.35));
#11615=CARTESIAN_POINT('',(2.5,9.36297574651673,23.35));
#11616=CARTESIAN_POINT('',(-1.05879017293475E-14,11.82843,27.85));
#11617=CARTESIAN_POINT('',(2.,11.82843,27.85));
#11618=CARTESIAN_POINT('',(2.,11.82843,27.35));
#11619=CARTESIAN_POINT('',(2.,11.82843,25.35));
#11620=CARTESIAN_POINT('',(-2.5,11.82843,25.35));
#11621=CARTESIAN_POINT('',(-2.,11.82843,25.35));
#11622=CARTESIAN_POINT('',(-2.,11.82843,27.85));
#11623=CARTESIAN_POINT('',(-2.,11.82843,27.35));
#11624=CARTESIAN_POINT('',(2.5,11.82843,27.35));
#11625=CARTESIAN_POINT('',(-2.5,10.3351725761492,27.85));
#11626=CARTESIAN_POINT('',(-2.5,11.32843,25.35));
#11627=CARTESIAN_POINT('',(-2.5,12.32843,24.35));
#11628=CARTESIAN_POINT('',(-2.5,11.82843,24.85));
#11629=CARTESIAN_POINT('',(-2.5,10.3351725761492,24.35));
#11630=CARTESIAN_POINT('',(-2.5,17.12843,24.35));
#11631=CARTESIAN_POINT('',(-2.5,17.12843,22.85));
#11632=CARTESIAN_POINT('',(-2.5,17.12843,23.35));
#11633=CARTESIAN_POINT('',(-2.5,10.3351725761492,23.35));
#11634=CARTESIAN_POINT('',(-2.5,9.34191515229842,23.35));
#11635=CARTESIAN_POINT('',(-2.5,9.34191515229842,27.85));
#11636=CARTESIAN_POINT('',(-2.5,9.34191515229842,27.35));
#11637=CARTESIAN_POINT('',(-2.5,11.82843,27.35));
#11638=CARTESIAN_POINT('',(-2.5,11.32843,27.35));
#11639=CARTESIAN_POINT('',(-2.5,11.32843,27.85));
#11640=CARTESIAN_POINT('',(-2.5,11.32843,25.35));
#11641=CARTESIAN_POINT('',(-2.5,11.32843,25.35));
#11642=CARTESIAN_POINT('',(-5.5875,5.47250015524704,27.85));
#11643=CARTESIAN_POINT('',(-5.5875,5.47250015524704,23.35));
#11644=CARTESIAN_POINT('',(-2.83779510380784,8.47327648389336,23.35));
#11645=CARTESIAN_POINT('',(-8.33720489619217,2.47172382660074,23.35));
#11646=CARTESIAN_POINT('',(-8.33720489619217,2.47172382660074,27.85));
#11647=CARTESIAN_POINT('',(-8.33720489619217,2.47172382660074,27.35));
#11648=CARTESIAN_POINT('',(-2.5,8.84191515229841,27.35));
#11649=CARTESIAN_POINT('',(-2.83779510380785,8.47327648389336,27.35));
#11650=CARTESIAN_POINT('',(-2.83779510380784,8.47327648389336,22.85));
#11651=CARTESIAN_POINT('',(-3.3677989537506E-15,17.62843,24.85));
#11652=CARTESIAN_POINT('',(-3.3677989537506E-15,17.62843,24.85));
#11653=CARTESIAN_POINT('',(-2.,17.62843,24.85));
#11654=CARTESIAN_POINT('',(2.,17.62843,24.85));
#11655=CARTESIAN_POINT('',(2.,17.62843,22.85));
#11656=CARTESIAN_POINT('',(2.,17.62843,23.35));
#11657=CARTESIAN_POINT('',(-2.5,17.62843,23.35));
#11658=CARTESIAN_POINT('',(-2.,17.62843,23.35));
#11659=CARTESIAN_POINT('',(-2.,17.62843,24.85));
#11660=CARTESIAN_POINT('',(-3.0875,6.314215,24.85));
#11661=CARTESIAN_POINT('',(-9.96098929852226E-15,15.82843,24.85));
#11662=CARTESIAN_POINT('',(-0.80000000000001,15.82843,24.85));
#11663=CARTESIAN_POINT('',(2.5,12.32843,24.85));
#11664=CARTESIAN_POINT('',(-2.,12.32843,24.85));
#11665=CARTESIAN_POINT('',(2.,12.32843,24.85));
#11666=CARTESIAN_POINT('',(2.,6.314215,24.85));
#11667=CARTESIAN_POINT('',(-2.,6.314215,24.85));
#11668=CARTESIAN_POINT('',(-9.19527555873686E-15,15.82843,22.85));
#11669=CARTESIAN_POINT('',(17.8,3.25,-2.0625));
#11670=CARTESIAN_POINT('',(17.2504663272362,2.7004663272362,-3.95173269852935));
#11671=CARTESIAN_POINT('',(16.8707350326025,2.32073503260255,3.83200388123192));
#11672=CARTESIAN_POINT('',(16.4957964584185,3.25,5.9875956882956));
#11673=CARTESIAN_POINT('',(15.6202605528335,3.75,8.10971394449858));
#11674=CARTESIAN_POINT('',(15.4774147956021,3.58333068575392,8.02313974610943));
#11675=CARTESIAN_POINT('',(15.3345262157343,3.41666398057325,7.93663125354982));
#11676=CARTESIAN_POINT('',(15.191592916837,3.25,7.85019137659115));
#11677=CARTESIAN_POINT('',(14.2916713281139,3.75,-10.0071359975609));
#11678=CARTESIAN_POINT('',(15.6202605528335,3.75,-8.10971394449861));
#11679=CARTESIAN_POINT('',(15.4774147956021,3.58333068575392,-8.02313974610945));
#11680=CARTESIAN_POINT('',(15.3345262157343,3.41666398057325,-7.93663125354983));
#11681=CARTESIAN_POINT('',(15.191592916837,3.25,-7.85019137659116));
#11682=CARTESIAN_POINT('',(-2.16840434497101E-15,3.75,-6.07153216591882E-15));
#11683=CARTESIAN_POINT('',(-15.6202605528335,3.75,8.10971394449856));
#11684=CARTESIAN_POINT('',(-15.4774147956021,3.58333068575392,8.02313974610941));
#11685=CARTESIAN_POINT('',(-15.3345262157344,3.41666398057325,7.93663125354981));
#11686=CARTESIAN_POINT('',(-15.1915929168371,3.25,7.85019137659114));
#11687=CARTESIAN_POINT('',(2.16840434497101E-15,3.75,6.07153216591882E-15));
#11688=CARTESIAN_POINT('',(-14.9815789037913,3.25,-8.24392464482027));
#11689=CARTESIAN_POINT('',(-15.1975226566807,3.40667441609059,-8.17647547691779));
#11690=CARTESIAN_POINT('',(-15.409641356639,3.57588080531978,-8.13751133626315));
#11691=CARTESIAN_POINT('',(-15.6202605528335,3.75,-8.10971394449859));
#11692=CARTESIAN_POINT('',(18.3,-7.5,0.));
#11693=CARTESIAN_POINT('',(17.6568135676932,-6.85681356769316,-4.07985349130975));
#11694=CARTESIAN_POINT('',(-14.2916713281139,3.75,10.0071359975609));
#11695=CARTESIAN_POINT('',(-17.2504663272362,2.70046632723616,3.95173269852934));
#11696=CARTESIAN_POINT('',(-15.6202605528335,3.75,-8.10971394449863));
#11697=CARTESIAN_POINT('',(-15.2202650006209,3.25,-7.86062867948086));
#11698=CARTESIAN_POINT('',(-15.6202605528335,3.75,-8.10971394449862));
#11699=CARTESIAN_POINT('',(16.4957964584185,-7.,-5.98759568829561));
#11700=CARTESIAN_POINT('',(15.6202605528335,-7.5,-8.1097139444986));
#11701=CARTESIAN_POINT('',(15.4774147956021,-7.33333068575392,-8.02313974610944));
#11702=CARTESIAN_POINT('',(15.3345262157343,-7.16666398057325,-7.93663125354982));
#11703=CARTESIAN_POINT('',(15.191592916837,-7.,-7.85019137659115));
#11704=CARTESIAN_POINT('',(-17.8,3.25,2.0625));
#11705=CARTESIAN_POINT('',(-18.3,3.75,-3.625));
#11706=CARTESIAN_POINT('',(-16.4957964584185,3.25,-5.98759568829561));
#11707=CARTESIAN_POINT('',(-17.5132117818245,3.25,-4.53457602214449));
#11708=CARTESIAN_POINT('',(-15.5094175501779,-7.5,-7.39629075999181));
#11709=CARTESIAN_POINT('',(-15.509417550178,-7.,-7.39629075999178));
#11710=CARTESIAN_POINT('',(2.16840434497101E-15,-7.,6.07153216591882E-15));
#11711=CARTESIAN_POINT('',(-15.6202605528335,-7.5,-8.10971394449861));
#11712=CARTESIAN_POINT('',(-15.409641356639,-7.32588080531979,-8.13751133626318));
#11713=CARTESIAN_POINT('',(-15.1975226566807,-7.15667441609059,-8.17647547691775));
#11714=CARTESIAN_POINT('',(-14.9815789037913,-7.,-8.24392464482023));
#11715=CARTESIAN_POINT('',(-17.8,3.25,-3.625));
#11716=CARTESIAN_POINT('',(-17.8,3.25,-3.625));
#11717=CARTESIAN_POINT('',(-15.509417550178,-7.,-7.39629075999178));
#11718=CARTESIAN_POINT('',(-15.509417550178,-7.,-7.39629075999178));
#11719=CARTESIAN_POINT('',(-17.8,-7.5,-3.625));
#11720=CARTESIAN_POINT('',(-17.5132117818245,-7.,-4.53457602214449));
#11721=CARTESIAN_POINT('',(-14.2916713281139,-7.5,-10.0071359975609));
#11722=CARTESIAN_POINT('',(-17.922787803969,-7.5,-4.82136424032002));
#11723=CARTESIAN_POINT('',(-17.5132117818245,-7.,-4.53457602214449));
#11724=CARTESIAN_POINT('',(-17.8,-7.,-3.625));
#11725=CARTESIAN_POINT('',(-18.3,-7.5,0.));
#11726=CARTESIAN_POINT('',(2.,6.314215,24.85));
#11727=CARTESIAN_POINT('',(2.5,12.32843,24.35));
#11728=CARTESIAN_POINT('',(5.771405,13.857025,21.078595));
#11729=CARTESIAN_POINT('',(2.,17.62843,24.85));
#11730=CARTESIAN_POINT('',(2.5,17.12843,23.35));
#11731=CARTESIAN_POINT('',(2.,12.32843,24.85));
#11732=CARTESIAN_POINT('',(2.,12.32843,24.85));
#11733=CARTESIAN_POINT('',(2.,11.82843,25.35));
#11734=CARTESIAN_POINT('',(2.5,17.12843,23.35));
#11735=CARTESIAN_POINT('',(2.5,17.12843,23.35));
#11736=CARTESIAN_POINT('',(2.,17.37843,23.1));
#11737=CARTESIAN_POINT('',(-3.0875,17.12843,22.85));
#11738=CARTESIAN_POINT('',(-2.,17.12843,22.85));
#11739=CARTESIAN_POINT('',(-2.5,17.12843,27.85));
#11740=CARTESIAN_POINT('',(-2.25,17.37843,23.35));
#11741=CARTESIAN_POINT('',(-4.76441914128361,14.8640108587164,22.0855808587164));
#11742=CARTESIAN_POINT('',(-2.5,10.3351725761492,24.35));
#11743=CARTESIAN_POINT('',(-2.,12.32843,24.85));
#11744=CARTESIAN_POINT('',(-9.63075955461577E-15,11.82843,25.35));
#11745=CARTESIAN_POINT('',(-2.,11.82843,25.35));
#11746=CARTESIAN_POINT('',(2.,11.82843,27.85));
#11747=CARTESIAN_POINT('',(2.5,11.32843,27.35));
#11748=CARTESIAN_POINT('',(2.5,9.36297574651673,23.35));
#11749=CARTESIAN_POINT('',(2.,7.09196085895997,22.85));
#11750=CARTESIAN_POINT('',(-2.,17.12843,22.85));
#11751=CARTESIAN_POINT('',(-2.,17.12843,22.85));
#11752=CARTESIAN_POINT('',(-2.,11.82843,25.35));
#11753=CARTESIAN_POINT('',(-2.5,11.32843,25.35));
#11754=CARTESIAN_POINT('',(2.5,11.32843,27.35));
#11755=CARTESIAN_POINT('',(2.5,11.32843,27.35));
#11756=CARTESIAN_POINT('',(2.,11.57843,27.6));
#11757=CARTESIAN_POINT('',(2.,7.09196085895996,22.85));
#11758=CARTESIAN_POINT('',(2.,7.09196085895996,22.85));
#11759=CARTESIAN_POINT('',(2.33110244809607,6.96320215883094,23.35));
#11760=CARTESIAN_POINT('',(-2.5,10.3351725761492,23.35));
#11761=CARTESIAN_POINT('',(-2.5,9.34191515229842,23.35));
#11762=CARTESIAN_POINT('',(-2.5,11.32843,27.85));
#11763=CARTESIAN_POINT('',(-2.,11.82843,27.35));
#11764=CARTESIAN_POINT('',(-3.0875,11.32843,27.85));
#11765=CARTESIAN_POINT('',(-2.,11.82843,27.35));
#11766=CARTESIAN_POINT('',(2.,3.60965,27.85));
#11767=CARTESIAN_POINT('',(2.5,7.39752149303348,27.35));
#11768=CARTESIAN_POINT('',(2.5,7.39752149303348,27.85));
#11769=CARTESIAN_POINT('',(2.5,7.39752149303348,27.35));
#11770=CARTESIAN_POINT('',(-0.0875000000000096,4.07376074651673,23.35));
#11771=CARTESIAN_POINT('',(-2.70584356459723,1.95643377221289,22.85));
#11772=CARTESIAN_POINT('',(-2.83779510380784,8.47327648389336,23.35));
#11773=CARTESIAN_POINT('',(-2.46915643540278,8.13548138008553,22.85));
#11774=CARTESIAN_POINT('',(-2.83779510380784,8.47327648389336,23.35));
#11775=CARTESIAN_POINT('',(-2.,11.82843,27.35));
#11776=CARTESIAN_POINT('',(-2.25,11.32843,27.6));
#11777=CARTESIAN_POINT('',(2.5,7.39752149303348,27.35));
#11778=CARTESIAN_POINT('',(2.04347789120129,6.94103171878467,27.7159784870187));
#11779=CARTESIAN_POINT('',(-2.33720489619217,1.61863866840506,23.35));
#11780=CARTESIAN_POINT('',(-2.33720489619217,1.61863866840506,23.35));
#11781=CARTESIAN_POINT('',(-2.675,0.75,23.35));
#11782=CARTESIAN_POINT('',(-8.175,-5.,14.3583333333333));
#11783=CARTESIAN_POINT('',(-8.175,-5.,22.35));
#11784=CARTESIAN_POINT('',(-8.175,-4.5,22.85));
#11785=CARTESIAN_POINT('',(-8.675,-4.5,23.35));
#11786=CARTESIAN_POINT('',(-8.175,-4.5,22.85));
#11787=CARTESIAN_POINT('',(-8.675,-3.65302242090216,23.35));
#11788=CARTESIAN_POINT('',(-8.175,1.90864579226918,22.85));
#11789=CARTESIAN_POINT('',(-5.5875,5.47250015524704,23.35));
#11790=CARTESIAN_POINT('',(-8.175,1.90864579226918,22.85));
#11791=CARTESIAN_POINT('',(-2.83779510380785,8.47327648389336,27.85));
#11792=CARTESIAN_POINT('',(-2.83779510380785,8.47327648389336,27.35));
#11793=CARTESIAN_POINT('',(-2.,3.60965,27.85));
#11794=CARTESIAN_POINT('',(-2.,9.34191515229842,27.85));
#11795=CARTESIAN_POINT('',(-2.05657738678726,2.66498347151366,27.85));
#11796=CARTESIAN_POINT('',(-2.33720489619217,1.61863866840506,27.35));
#11797=CARTESIAN_POINT('',(-2.33720489619217,1.61863866840506,27.85));
#11798=CARTESIAN_POINT('',(-2.33720489619217,1.61863866840506,27.35));
#11799=CARTESIAN_POINT('',(-2.675,-1.875,23.35));
#11800=CARTESIAN_POINT('',(-3.175,-4.5,22.85));
#11801=CARTESIAN_POINT('',(-3.0875,-4.5,22.85));
#11802=CARTESIAN_POINT('',(-3.175,-5.,22.35));
#11803=CARTESIAN_POINT('',(8.61238503992667E-16,-7.5,2.60208521396521E-15));
#11804=CARTESIAN_POINT('',(14.795118710148,-7.5,10.4266227683094));
#11805=CARTESIAN_POINT('',(14.9273067942663,-7.33333433555048,10.528372889467));
#11806=CARTESIAN_POINT('',(15.0594644566308,-7.1666676553096,10.6301608461496));
#11807=CARTESIAN_POINT('',(15.191592916837,-7.,10.731985121547));
#11808=CARTESIAN_POINT('',(-8.175,1.90864579226918,22.85));
#11809=CARTESIAN_POINT('',(-8.50610244809609,2.0374044923982,23.35));
#11810=CARTESIAN_POINT('',(-2.5,9.34191515229842,27.35));
#11811=CARTESIAN_POINT('',(-2.83779510380785,8.47327648389336,27.35));
#11812=CARTESIAN_POINT('',(-2.675,0.75,27.35));
#11813=CARTESIAN_POINT('',(-3.175,0.75,27.85));
#11814=CARTESIAN_POINT('',(-3.175,-4.5,22.85));
#11815=CARTESIAN_POINT('',(-2.675,-4.5,23.35));
#11816=CARTESIAN_POINT('',(17.6207964584185,-7.,7.83697307372473));
#11817=CARTESIAN_POINT('',(19.55,-7.5,4.75997590876932));
#11818=CARTESIAN_POINT('',(19.7286061951568,-7.5,5.32498324746191));
#11819=CARTESIAN_POINT('',(19.8893030975784,-7.,4.88347213668217));
#11820=CARTESIAN_POINT('',(20.05,3.25,4.44196102590242));
#11821=CARTESIAN_POINT('',(19.55,3.75,0.));
#11822=CARTESIAN_POINT('',(20.05,3.25,4.44196102590242));
#11823=CARTESIAN_POINT('',(19.55,3.75,-4.75997590876931));
#11824=CARTESIAN_POINT('',(20.05,3.25,4.44196102590242));
#11825=CARTESIAN_POINT('',(19.5974263089717,3.6172321838274,4.91000548972873));
#11826=CARTESIAN_POINT('',(-8.675,1.60308515819568,27.85));
#11827=CARTESIAN_POINT('',(-8.675,1.60308515819568,27.35));
#11828=CARTESIAN_POINT('',(-5.00568673402776,5.36734430197631,27.85));
#11829=CARTESIAN_POINT('',(-8.2184778912013,2.05957493244449,27.7159784870187));
#11830=CARTESIAN_POINT('',(-3.175,3.60965,27.85));
#11831=CARTESIAN_POINT('',(-2.675,-4.5,27.35));
#11832=CARTESIAN_POINT('',(-2.675,-4.5,27.85));
#11833=CARTESIAN_POINT('',(-2.175,-5.,27.35));
#11834=CARTESIAN_POINT('',(19.55,-7.5,4.75997590876932));
#11835=CARTESIAN_POINT('',(19.55,-7.5,4.75997590876932));
#11836=CARTESIAN_POINT('',(19.55,3.75,-4.75997590876931));
#11837=CARTESIAN_POINT('',(19.55,3.75,-4.75997590876931));
#11838=CARTESIAN_POINT('',(19.8893030975784,3.25,-4.88347213668216));
#11839=CARTESIAN_POINT('',(13.8162415262479,3.75,11.5932031689308));
#11840=CARTESIAN_POINT('',(15.191592916837,3.25,10.731985121547));
#11841=CARTESIAN_POINT('',(15.0594644566308,3.4166676553096,10.6301608461496));
#11842=CARTESIAN_POINT('',(14.9273067942662,3.58333433555048,10.528372889467));
#11843=CARTESIAN_POINT('',(14.795118710148,3.75,10.4266227683094));
#11844=CARTESIAN_POINT('',(-8.675,1.60308515819568,27.35));
#11845=CARTESIAN_POINT('',(-8.675,1.60308515819568,27.35));
#11846=CARTESIAN_POINT('',(-2.675,-4.5,27.35));
#11847=CARTESIAN_POINT('',(-3.175,-4.5,27.85));
#11848=CARTESIAN_POINT('',(20.05,-7.,2.47098051295121));
#11849=CARTESIAN_POINT('',(20.05,-7.,-4.44196102590242));
#11850=CARTESIAN_POINT('',(20.05,-7.5,-4.44196102590242));
#11851=CARTESIAN_POINT('',(20.05,-7.,-4.44196102590242));
#11852=CARTESIAN_POINT('',(17.6207964584185,3.25,-7.83697307372473));
#11853=CARTESIAN_POINT('',(14.795118710148,3.75,-10.4266227683094));
#11854=CARTESIAN_POINT('',(14.9273067942663,3.58333433555048,-10.528372889467));
#11855=CARTESIAN_POINT('',(15.0594644566308,3.4166676553096,-10.6301608461496));
#11856=CARTESIAN_POINT('',(15.191592916837,3.25,-10.7319851215471));
#11857=CARTESIAN_POINT('',(-12.6125,-10.5,17.7792560925308));
#11858=CARTESIAN_POINT('',(-8.175,-10.0827666581644,18.0037268954196));
#11859=CARTESIAN_POINT('',(-8.175,-10.3029269970528,17.885281020943));
#11860=CARTESIAN_POINT('',(-12.6125,-10.3029269970528,17.885281020943));
#11861=CARTESIAN_POINT('',(-7.45831722695764,-10.3029269970528,17.885281020943));
#11862=CARTESIAN_POINT('',(-8.23124561287455,-12.0250269624486,16.9587942732957));
#11863=CARTESIAN_POINT('',(-7.56632948376605,-10.5435804742717,17.7558098741461));
#11864=CARTESIAN_POINT('',(-9.41168296288783,-8.38140576147721,18.9190560606367));
#11865=CARTESIAN_POINT('',(8.61238503992667E-16,3.25,2.60208521396521E-15));
#11866=CARTESIAN_POINT('',(3.,3.25,18.356470248934));
#11867=CARTESIAN_POINT('',(2.83280480598265,3.41719519401735,18.2143816561218));
#11868=CARTESIAN_POINT('',(2.66612891449909,3.58387108550091,18.0710852526017));
#11869=CARTESIAN_POINT('',(2.5,3.75,17.9265166722372));
#11870=CARTESIAN_POINT('',(-6.55702089274615,-36.72026,33.6216957229065));
#11871=CARTESIAN_POINT('',(-7.48954398965277,-34.5088951550369,35.3214608779433));
#11872=CARTESIAN_POINT('',(-4.44424537920557,-12.7602112335311,29.7706144893754));
#11873=CARTESIAN_POINT('',(-13.8344011548069,-32.30913,21.2679173879984));
#11874=CARTESIAN_POINT('',(-6.50102072333352,-31.6351507233335,31.5246362884382));
#11875=CARTESIAN_POINT('',(-8.675,-9.85769273435873,18.4542794846641));
#11876=CARTESIAN_POINT('',(-8.60881365747495,-7.,16.4878236104973));
#11877=CARTESIAN_POINT('',(-8.46432021319792,-7.13900162193343,16.4064597465724));
#11878=CARTESIAN_POINT('',(-8.31971805795751,-7.2776920714825,16.324760117154));
#11879=CARTESIAN_POINT('',(-8.175,-7.41605076309537,16.2427025097378));
#11880=CARTESIAN_POINT('',(-9.87437801504248,-6.56449745173858,17.7168445441204));
#11881=CARTESIAN_POINT('',(-8.05793337363966,-10.1021450850573,17.876234709529));
#11882=CARTESIAN_POINT('',(-8.675,-10.,18.5482552117063));
#11883=CARTESIAN_POINT('',(-8.46931112454656,-10.0340483616858,18.3242483776472));
#11884=CARTESIAN_POINT('',(-8.26362224909311,-10.0680967233715,18.1002415435881));
#11885=CARTESIAN_POINT('',(-8.05793337363966,-10.1021450850573,17.8762347095289));
#11886=CARTESIAN_POINT('',(-8.175,3.60965,27.85));
#11887=CARTESIAN_POINT('',(-8.175,-4.5,27.85));
#11888=CARTESIAN_POINT('',(-8.8625,-5.,28.35));
#11889=CARTESIAN_POINT('',(-8.175,-5.,28.35));
#11890=CARTESIAN_POINT('',(20.05,-7.,-4.44196102590242));
#11891=CARTESIAN_POINT('',(19.5974263089717,-7.3672321838274,-4.91000548972873));
#11892=CARTESIAN_POINT('',(8.61238503992667E-16,3.75,-2.60208521396521E-15));
#11893=CARTESIAN_POINT('',(2.5,3.75,-17.9265166722372));
#11894=CARTESIAN_POINT('',(2.66612891449909,3.58387108550091,-18.0710852526017));
#11895=CARTESIAN_POINT('',(2.83280480598265,3.41719519401735,-18.2143816561218));
#11896=CARTESIAN_POINT('',(3.,3.25,-18.3564702489341));
#11897=CARTESIAN_POINT('',(3.,3.25,-18.602));
#11898=CARTESIAN_POINT('',(2.75,3.5,18.85));
#11899=CARTESIAN_POINT('',(3.,-1.875,18.85));
#11900=CARTESIAN_POINT('',(2.5,3.25,19.35));
#11901=CARTESIAN_POINT('',(8.61238503992667E-16,-7.5,2.60208521396521E-15));
#11902=CARTESIAN_POINT('',(-13.335013763272,-7.36199061675511,12.4419610259024));
#11903=CARTESIAN_POINT('',(-13.6117498155587,-7.24683245894353,12.3141657775606));
#11904=CARTESIAN_POINT('',(-13.8864265105728,-7.12598532142545,12.187321529538));
#11905=CARTESIAN_POINT('',(-14.1592432312252,-7.,12.0613362078587));
#11906=CARTESIAN_POINT('',(-12.7992228582754,-7.75,12.4419610259024));
#11907=CARTESIAN_POINT('',(-12.8344218179081,-7.66669451200214,12.5252665139003));
#11908=CARTESIAN_POINT('',(-12.8694874411161,-7.58336097006212,12.6086000558403));
#11909=CARTESIAN_POINT('',(-12.9044227023339,-7.5,12.6919610259024));
#11910=CARTESIAN_POINT('',(2.0888218318519E-15,12.0237761545216,-20.2415253526417));
#11911=CARTESIAN_POINT('',(-8.675,-10.,18.5482552117063));
#11912=CARTESIAN_POINT('',(-8.175,-10.0827666581644,18.0037268954196));
#11913=CARTESIAN_POINT('',(-8.0542309738815,-10.1027579555676,17.8722025865159));
#11914=CARTESIAN_POINT('',(-9.175,-10.5,18.5482552117063));
#11915=CARTESIAN_POINT('',(-8.175,-10.5,17.7792560925308));
#11916=CARTESIAN_POINT('',(-7.933461947763,-10.5,17.5935135431132));
#11917=CARTESIAN_POINT('',(-8.05793337363966,-10.1021450850573,17.876234709529));
#11918=CARTESIAN_POINT('',(-8.0886370132089,-10.1735521183611,17.8794519827086));
#11919=CARTESIAN_POINT('',(-8.1307437736839,-10.2391354837211,17.8824068681399));
#11920=CARTESIAN_POINT('',(-8.175,-10.3029269970528,17.885281020943));
#11921=CARTESIAN_POINT('',(-9.175,-10.5,18.5482552117063));
#11922=CARTESIAN_POINT('',(-13.8344011548069,-9.40913,21.2679173879984));
#11923=CARTESIAN_POINT('',(-8.40635019582659,-8.90913,30.7188301885203));
#11924=CARTESIAN_POINT('',(-8.175,-9.40913,26.9));
#11925=CARTESIAN_POINT('',(-6.075,-11.50913,22.7));
#11926=CARTESIAN_POINT('',(-8.30661787756141,-9.27751212243859,30.0581429911109));
#11927=CARTESIAN_POINT('',(-7.175,-32.30913,26.9));
#11928=CARTESIAN_POINT('',(-8.025,-33.15913,25.2));
#11929=CARTESIAN_POINT('',(-8.40635019582659,-8.90913,30.7188301885203));
#11930=CARTESIAN_POINT('',(-8.40635019582659,-8.90913,30.7188301885203));
#11931=CARTESIAN_POINT('',(-8.175,-5.,28.35));
#11932=CARTESIAN_POINT('',(-8.675,-5.5,28.35));
#11933=CARTESIAN_POINT('',(13.8162415262479,-7.5,-11.5932031689308));
#11934=CARTESIAN_POINT('',(15.191592916837,-7.,-10.731985121547));
#11935=CARTESIAN_POINT('',(15.0594644566308,-7.16666765530961,-10.6301608461496));
#11936=CARTESIAN_POINT('',(14.9273067942663,-7.33333433555048,-10.528372889467));
#11937=CARTESIAN_POINT('',(14.795118710148,-7.5,-10.4266227683094));
#11938=CARTESIAN_POINT('',(2.5,3.75,-9.57142174731738E-16));
#11939=CARTESIAN_POINT('',(3.,3.25,-18.85));
#11940=CARTESIAN_POINT('',(2.5,3.25,19.35));
#11941=CARTESIAN_POINT('',(2.5,3.25,19.35));
#11942=CARTESIAN_POINT('',(-14.1592432312252,-7.5,12.0613362078587));
#11943=CARTESIAN_POINT('',(-13.335013763272,-10.,12.4419610259024));
#11944=CARTESIAN_POINT('',(-12.6125,-10.5,12.9419610259024));
#11945=CARTESIAN_POINT('',(-12.315944015382,-10.183195561796,12.6251565876984));
#11946=CARTESIAN_POINT('',(-11.5811315051534,-10.5271191645016,12.9690801904041));
#11947=CARTESIAN_POINT('',(-11.864169422779,-10.187849855029,12.6298108809314));
#11948=CARTESIAN_POINT('',(-13.335013763272,-10.5,12.9419610259024));
#11949=CARTESIAN_POINT('',(-9.175,-10.5,17.7709805129512));
#11950=CARTESIAN_POINT('',(-9.175,-10.5,20.1));
#11951=CARTESIAN_POINT('',(-8.675,-3.65302242090216,20.1));
#11952=CARTESIAN_POINT('',(-8.175,-10.,20.6));
#11953=CARTESIAN_POINT('',(-22.675,-32.30913,24.35));
#11954=CARTESIAN_POINT('',(-11.392881242566,-31.4378205398884,23.4786905398884));
#11955=CARTESIAN_POINT('',(-8.675,-3.65302242090216,29.7971344656139));
#11956=CARTESIAN_POINT('',(-8.5406750979133,-5.5,30.2579823270671));
#11957=CARTESIAN_POINT('',(-8.175,-5.,14.3583333333333));
#11958=CARTESIAN_POINT('',(-8.175,-5.,30.1513977558208));
#11959=CARTESIAN_POINT('',(1.825,-5.,14.3583333333333));
#11960=CARTESIAN_POINT('',(1.825,-5.,34.7));
#11961=CARTESIAN_POINT('',(8.61238503992667E-16,-7.,-2.60208521396521E-15));
#11962=CARTESIAN_POINT('',(3.,-7.,-18.356470248934));
#11963=CARTESIAN_POINT('',(2.83280480598265,-7.16719519401735,-18.2143816561218));
#11964=CARTESIAN_POINT('',(2.66612891449909,-7.33387108550091,-18.0710852526017));
#11965=CARTESIAN_POINT('',(2.5,-7.5,-17.9265166722373));
#11966=CARTESIAN_POINT('',(3.,3.25,-18.85));
#11967=CARTESIAN_POINT('',(2.5,3.5,-19.1));
#11968=CARTESIAN_POINT('',(3.,3.25,-18.85));
#11969=CARTESIAN_POINT('',(-7.40828043242365E-15,3.25,19.35));
#11970=CARTESIAN_POINT('',(-2.5,3.5,19.1));
#11971=CARTESIAN_POINT('',(-2.5,-1.875,19.35));
#11972=CARTESIAN_POINT('',(-3.,3.25,18.85));
#11973=CARTESIAN_POINT('',(-13.335013763272,-10.,12.4419610259024));
#11974=CARTESIAN_POINT('',(-14.1592432312252,-10.,12.0613362078587));
#11975=CARTESIAN_POINT('',(-8.675,-10.,20.1));
#11976=CARTESIAN_POINT('',(-9.175,-10.5,20.1));
#11977=CARTESIAN_POINT('',(-13.8344011548069,-32.30913,21.2679173879984));
#11978=CARTESIAN_POINT('',(-13.7736259970172,-32.069712686833,20.9177215902605));
#11979=CARTESIAN_POINT('',(-8.175,-5.,30.1513977558208));
#11980=CARTESIAN_POINT('',(-8.175,-5.,30.1513977558208));
#11981=CARTESIAN_POINT('',(1.825,-5.,34.7));
#11982=CARTESIAN_POINT('',(2.075,-5.5,34.95));
#11983=CARTESIAN_POINT('',(1.825,-5.,34.7));
#11984=CARTESIAN_POINT('',(3.,-7.,19.352));
#11985=CARTESIAN_POINT('',(2.75,-7.25,-18.85));
#11986=CARTESIAN_POINT('',(2.5,-1.875,-19.35));
#11987=CARTESIAN_POINT('',(2.5,-7.,-19.35));
#11988=CARTESIAN_POINT('',(-7.2168519974773E-15,3.75,-18.85));
#11989=CARTESIAN_POINT('',(-2.5,3.25,-19.35));
#11990=CARTESIAN_POINT('',(-3.,3.25,18.85));
#11991=CARTESIAN_POINT('',(-3.,3.25,18.85));
#11992=CARTESIAN_POINT('',(8.61238503992667E-16,-10.5,2.60208521396521E-15));
#11993=CARTESIAN_POINT('',(-15.191592916837,-10.,10.731985121547));
#11994=CARTESIAN_POINT('',(-15.3237198405411,-10.1666657171563,10.8338082128451));
#11995=CARTESIAN_POINT('',(-15.4558175519371,-10.3333323963441,10.9356676146716));
#11996=CARTESIAN_POINT('',(-15.5878871916482,-10.5,11.0375619092465));
#11997=CARTESIAN_POINT('',(-22.675,-11.,20.6));
#11998=CARTESIAN_POINT('',(-14.352755983094,-11.,20.6));
#11999=CARTESIAN_POINT('',(-14.352755983094,-20.85913,20.6));
#12000=CARTESIAN_POINT('',(-14.352755983094,-11.,20.6));
#12001=CARTESIAN_POINT('',(-14.2660266875095,-5.5,21.5209805129512));
#12002=CARTESIAN_POINT('',(-5.27722078199124,-5.,34.7));
#12003=CARTESIAN_POINT('',(-8.8625,-5.,34.7));
#12004=CARTESIAN_POINT('',(-5.27722078199123,-5.,34.7));
#12005=CARTESIAN_POINT('',(2.325,-36.71826,34.7));
#12006=CARTESIAN_POINT('',(1.825,-36.21826,35.2));
#12007=CARTESIAN_POINT('',(2.325,-36.21826,23.7706017348238));
#12008=CARTESIAN_POINT('',(1.825,-36.71826,20.6913428878707));
#12009=CARTESIAN_POINT('',(1.99251773637629,-36.5507422636237,20.508399561626));
#12010=CARTESIAN_POINT('',(2.15919883205358,-36.3840611679464,20.323944534533));
#12011=CARTESIAN_POINT('',(2.325,-36.21826,20.1378995925593));
#12012=CARTESIAN_POINT('',(2.075,-36.46826,34.7));
#12013=CARTESIAN_POINT('',(2.5,-7.,-19.35));
#12014=CARTESIAN_POINT('',(2.5,-7.,-19.35));
#12015=CARTESIAN_POINT('',(-2.5,3.25,-19.35));
#12016=CARTESIAN_POINT('',(-2.75,3.5,-18.85));
#12017=CARTESIAN_POINT('',(-2.5,3.25,-19.35));
#12018=CARTESIAN_POINT('',(-2.5,3.75,-9.57142174731737E-16));
#12019=CARTESIAN_POINT('',(-2.5,3.75,17.9265166722372));
#12020=CARTESIAN_POINT('',(-2.66612891449909,3.58387108550091,18.0710852526017));
#12021=CARTESIAN_POINT('',(-2.83280480598265,3.41719519401735,18.2143816561218));
#12022=CARTESIAN_POINT('',(-3.,3.25,18.3564702489341));
#12023=CARTESIAN_POINT('',(-11.0429674550632,-10.5,16.453986333374));
#12024=CARTESIAN_POINT('',(-19.55,-10.5,6.31569973562973));
#12025=CARTESIAN_POINT('',(-19.6095353983856,-10.3333333333334,5.98546090624045));
#12026=CARTESIAN_POINT('',(-19.6690707967712,-10.1666666666667,5.65522207685119));
#12027=CARTESIAN_POINT('',(-19.7286061951568,-10.,5.32498324746191));
#12028=CARTESIAN_POINT('',(-14.352755983094,-11.,20.6));
#12029=CARTESIAN_POINT('',(-14.7426455578735,-10.651207465361,20.1236803825325));
#12030=CARTESIAN_POINT('',(-5.27722078199124,-5.,34.7));
#12031=CARTESIAN_POINT('',(-5.43585507739128,-5.5,34.9891521385468));
#12032=CARTESIAN_POINT('',(1.825,-36.21826,35.2));
#12033=CARTESIAN_POINT('',(1.825,-36.21826,35.2));
#12034=CARTESIAN_POINT('',(0.,-36.21826,0.));
#12035=CARTESIAN_POINT('',(-5.23949382129982,-36.71826,20.1));
#12036=CARTESIAN_POINT('',(-5.21812710683282,-36.5515848700693,19.9333248700693));
#12037=CARTESIAN_POINT('',(-5.1966307882369,-36.3849180988042,19.7666580988042));
#12038=CARTESIAN_POINT('',(-5.175,-36.21826,19.6));
#12039=CARTESIAN_POINT('',(-7.40828043242365E-15,-7.,-19.35));
#12040=CARTESIAN_POINT('',(-2.5,-7.25,-19.1));
#12041=CARTESIAN_POINT('',(-3.,-1.875,-18.85));
#12042=CARTESIAN_POINT('',(-3.,-7.,-18.85));
#12043=CARTESIAN_POINT('',(-3.,3.25,19.352));
#12044=CARTESIAN_POINT('',(-2.5,3.75,-17.9265166722372));
#12045=CARTESIAN_POINT('',(-2.66612891449909,3.58387108550091,-18.0710852526017));
#12046=CARTESIAN_POINT('',(-2.83280480598265,3.41719519401735,-18.2143816561218));
#12047=CARTESIAN_POINT('',(-3.,3.25,-18.3564702489341));
#12048=CARTESIAN_POINT('',(8.61238503992667E-16,3.25,2.60208521396521E-15));
#12049=CARTESIAN_POINT('',(-14.795118710148,3.75,10.4266227683094));
#12050=CARTESIAN_POINT('',(-14.9273067942663,3.58333433555048,10.528372889467));
#12051=CARTESIAN_POINT('',(-15.0594644566308,3.4166676553096,10.6301608461497));
#12052=CARTESIAN_POINT('',(-15.191592916837,3.25,10.7319851215471));
#12053=CARTESIAN_POINT('',(-19.7286061951568,-10.,5.32498324746191));
#12054=CARTESIAN_POINT('',(-19.55,-10.5,6.31569973562973));
#12055=CARTESIAN_POINT('',(-20.05,-10.,4.44196102590242));
#12056=CARTESIAN_POINT('',(-20.05,-11.,6.31569973562973));
#12057=CARTESIAN_POINT('',(-19.7286061951568,-10.,5.32498324746191));
#12058=CARTESIAN_POINT('',(-20.05,-11.,6.31569973562973));
#12059=CARTESIAN_POINT('',(-19.55,-10.5,17.7709805129512));
#12060=CARTESIAN_POINT('',(-19.6816178775614,-10.6316178775614,12.2029695513994));
#12061=CARTESIAN_POINT('',(-14.2660266875095,-11.,21.5209805129512));
#12062=CARTESIAN_POINT('',(-19.7813501958266,-11.,12.8636567488089));
#12063=CARTESIAN_POINT('',(-5.05153017530456,-20.85913,35.2));
#12064=CARTESIAN_POINT('',(-5.05153017530456,-36.21826,35.2));
#12065=CARTESIAN_POINT('',(-5.177,-36.21826,35.2));
#12066=CARTESIAN_POINT('',(-5.05153017530456,-36.21826,35.2));
#12067=CARTESIAN_POINT('',(-8.8625,-36.71826,20.1));
#12068=CARTESIAN_POINT('',(-7.80692343840193,-36.21826,19.6));
#12069=CARTESIAN_POINT('',(-7.95778533941745,-37.6210138549001,19.6));
#12070=CARTESIAN_POINT('',(-8.63104478507754,-36.2199562882661,19.2151599507119));
#12071=CARTESIAN_POINT('',(-8.35633766951901,-36.2193908588441,19.3434399671413));
#12072=CARTESIAN_POINT('',(-8.08163055396047,-36.218825429422,19.4717199835706));
#12073=CARTESIAN_POINT('',(-7.80692343840193,-36.21826,19.6));
#12074=CARTESIAN_POINT('',(-3.,-7.,-18.85));
#12075=CARTESIAN_POINT('',(-3.,-7.,-18.85));
#12076=CARTESIAN_POINT('',(8.61238503992667E-16,3.75,-2.60208521396521E-15));
#12077=CARTESIAN_POINT('',(-14.5429350962954,3.75,-10.7755760303076));
#12078=CARTESIAN_POINT('',(-17.6207964584185,3.25,7.83697307372473));
#12079=CARTESIAN_POINT('',(-19.5974263089717,3.6172321838274,4.91000548972873));
#12080=CARTESIAN_POINT('',(-20.05,-7.5,4.44196102590242));
#12081=CARTESIAN_POINT('',(-20.05,3.25,4.44196102590242));
#12082=CARTESIAN_POINT('',(-19.7813501958266,-11.,12.8636567488089));
#12083=CARTESIAN_POINT('',(-19.7813501958266,-11.,12.8636567488089));
#12084=CARTESIAN_POINT('',(-5.05153017530456,-36.21826,35.2));
#12085=CARTESIAN_POINT('',(-5.44141975008411,-36.567052534639,34.7236803825325));
#12086=CARTESIAN_POINT('',(-7.80692343840193,-36.21826,19.6));
#12087=CARTESIAN_POINT('',(-8.63104478507754,-36.2199562882661,19.2151599507119));
#12088=CARTESIAN_POINT('',(-7.80692343840193,-36.71826,20.1));
#12089=CARTESIAN_POINT('',(-9.0465796593899,-36.71826,19.5618229769344));
#12090=CARTESIAN_POINT('',(-9.0465796593899,-36.71826,19.5618229769344));
#12091=CARTESIAN_POINT('',(-2.5,-7.5,9.57142174731737E-16));
#12092=CARTESIAN_POINT('',(-3.,-7.,-18.356470248934));
#12093=CARTESIAN_POINT('',(-2.83280480598265,-7.16719519401735,-18.2143816561218));
#12094=CARTESIAN_POINT('',(-2.66612891449909,-7.33387108550091,-18.0710852526017));
#12095=CARTESIAN_POINT('',(-2.5,-7.5,-17.9265166722373));
#12096=CARTESIAN_POINT('',(-14.9446736348671,3.25,-11.0732438764487));
#12097=CARTESIAN_POINT('',(-14.9446736348671,3.25,-11.0732438764487));
#12098=CARTESIAN_POINT('',(-15.5637352858515,3.25,-10.2884831163175));
#12099=CARTESIAN_POINT('',(-20.05,3.25,4.44196102590242));
#12100=CARTESIAN_POINT('',(-20.05,3.25,4.44196102590242));
#12101=CARTESIAN_POINT('',(-20.05,-7.5,11.9419610259024));
#12102=CARTESIAN_POINT('',(-19.9156750979133,-36.21826,12.4028088873556));
#12103=CARTESIAN_POINT('',(-15.5301636061626,-36.71826,18.6061035258879));
#12104=CARTESIAN_POINT('',(-19.55,-36.71826,12.2962243161094));
#12105=CARTESIAN_POINT('',(-11.5306416852226,-36.71826,16.5842501652727));
#12106=CARTESIAN_POINT('',(-13.16172727333,-36.2199562882661,13.784362790657));
#12107=CARTESIAN_POINT('',(-13.2936889239181,-36.3860555163656,13.907764990025));
#12108=CARTESIAN_POINT('',(-13.425698812919,-36.5521567815806,14.0311128208457));
#12109=CARTESIAN_POINT('',(-13.5577549533372,-36.71826,14.1544085226215));
#12110=CARTESIAN_POINT('',(-16.1010782120974,-24.6076042161838,8.34040192006227));
#12111=CARTESIAN_POINT('',(-17.1906914831753,-36.2967216149051,8.42048232339538));
#12112=CARTESIAN_POINT('',(-17.0123301932586,-36.2627900486015,8.70084372147124));
#12113=CARTESIAN_POINT('',(-16.8342179289289,-36.2373122605604,8.98212628938217));
#12114=CARTESIAN_POINT('',(-16.656361211591,-36.2205095818849,9.26435414203488));
#12115=CARTESIAN_POINT('',(8.61238503992667E-16,-7.,-2.60208521396521E-15));
#12116=CARTESIAN_POINT('',(-14.9446736348671,-7.,-11.0732438764487));
#12117=CARTESIAN_POINT('',(-14.9446736348671,-7.5,-11.0732438764487));
#12118=CARTESIAN_POINT('',(-15.5637352858515,-7.,-10.2884831163175));
#12119=CARTESIAN_POINT('',(-13.8162415262479,3.75,-11.5932031689308));
#12120=CARTESIAN_POINT('',(-19.5974263089717,3.6172321838274,-4.91000548972872));
#12121=CARTESIAN_POINT('',(-19.55,3.75,0.));
#12122=CARTESIAN_POINT('',(-20.05,3.25,-4.44196102590242));
#12123=CARTESIAN_POINT('',(-19.55,-36.71826,12.2962243161094));
#12124=CARTESIAN_POINT('',(-19.55,-36.71826,12.2962243161094));
#12125=CARTESIAN_POINT('',(-2.16840434497101E-15,-36.71826,-6.07153216591882E-15));
#12126=CARTESIAN_POINT('',(-2.16840434497101E-15,-49.0026557360299,25.4078110911556));
#12127=CARTESIAN_POINT('',(-15.5637352858515,-7.,-10.2884831163175));
#12128=CARTESIAN_POINT('',(-15.180713064292,-7.5,-9.96708931147422));
#12129=CARTESIAN_POINT('',(-20.05,3.25,-4.44196102590242));
#12130=CARTESIAN_POINT('',(-20.05,3.25,-4.44196102590242));
#12131=CARTESIAN_POINT('',(-20.05,-36.21826,-2.47098051295121));
#12132=CARTESIAN_POINT('',(-20.05,-36.21826,7.96701773357495));
#12133=CARTESIAN_POINT('',(-8.8625,-36.71826,8.11189359124219));
#12134=CARTESIAN_POINT('',(-19.55,-36.4822112629204,7.77954680185043));
#12135=CARTESIAN_POINT('',(-17.6207964584185,-7.,-7.83697307372473));
#12136=CARTESIAN_POINT('',(-19.55,-7.5,-4.75997590876931));
#12137=CARTESIAN_POINT('',(-19.7286061951568,-7.5,-5.3249832474619));
#12138=CARTESIAN_POINT('',(-19.8893030975784,-7.,-4.88347213668215));
#12139=CARTESIAN_POINT('',(-20.05,-36.21826,7.96701773357495));
#12140=CARTESIAN_POINT('',(-20.05,-36.21826,7.96701773357495));
#12141=CARTESIAN_POINT('',(-19.55,-7.5,-4.75997590876931));
#12142=CARTESIAN_POINT('',(-19.55,-7.5,-4.75997590876931));
#12143=CARTESIAN_POINT('',(-19.55,-23.10913,2.86428012895443));
#12144=CARTESIAN_POINT('',(-19.9805020433129,-7.06949795668709,-2.27528005668101));
#12145=CARTESIAN_POINT('',(-20.05,-7.,-2.47098051295121));
#12146=CARTESIAN_POINT('',(-9.91010368733106,-34.30913,24.85));
#12147=CARTESIAN_POINT('',(-8.8444700071219,-35.4786000071219,26.0194700071219));
#12148=CARTESIAN_POINT('',(-7.675,-34.30913,28.3584100213657));
#12149=CARTESIAN_POINT('',(2.325,-32.80913,23.7706017348238));
#12150=CARTESIAN_POINT('',(3.62804333333334,-34.1121733333334,35.0030433333334));
#12151=CARTESIAN_POINT('',(2.325,-36.71826,33.7));
#12152=CARTESIAN_POINT('',(-0.275000000000005,-11.50913,31.1));
#12153=CARTESIAN_POINT('',(1.825,-9.40913,26.9));
#12154=CARTESIAN_POINT('',(1.8270530255434,-7.46993665813988,16.9830819798586));
#12155=CARTESIAN_POINT('',(1.82678854117486,-9.16022476300149,18.0529820540904));
#12156=CARTESIAN_POINT('',(1.82659701692118,-10.846103243129,19.1288158755368));
#12157=CARTESIAN_POINT('',(1.82644097691908,-12.5299515742955,20.2084245362414));
#12158=CARTESIAN_POINT('',(2.325,-7.22673008815377,17.3673155680454));
#12159=CARTESIAN_POINT('',(2.325,-8.91449716777062,18.4390611144548));
#12160=CARTESIAN_POINT('',(2.325,-10.598395239859,19.5164424827948));
#12161=CARTESIAN_POINT('',(2.325,-12.2805594178961,20.5974097465654));
#12162=CARTESIAN_POINT('',(-16.3332329094928,-7.70861667091778,16.4359048298826));
#12163=CARTESIAN_POINT('',(-1.49773061843428,-22.5810757958796,24.7078357214272));
#12164=CARTESIAN_POINT('',(-10.7528349556419,-11.3928686364206,12.6104750175179));
#12165=CARTESIAN_POINT('',(-8.45281341511102,-10.75,16.3709805129512));
#12166=CARTESIAN_POINT('',(-8.12613352620714,-10.2327164469869,17.5700568658042));
#12167=CARTESIAN_POINT('',(-16.3332329094928,-9.87414998724665,17.8659622968641));
#12168=CARTESIAN_POINT('',(-7.45831722695764,-10.3029269970528,17.885281020943));
#12169=CARTESIAN_POINT('',(-15.4271738850238,-29.0923195875774,8.01101771895492));
#12170=CARTESIAN_POINT('',(-7.07775440602547,-10.4896453193774,18.019223703864));
#12171=CARTESIAN_POINT('',(-7.20460867966952,-10.4274058786026,17.9745761428903));
#12172=CARTESIAN_POINT('',(-7.33146295331359,-10.3651664378277,17.9299285819166));
#12173=CARTESIAN_POINT('',(-7.45831722695764,-10.3029269970528,17.885281020943));
#12174=CARTESIAN_POINT('',(-7.07775440602547,-10.4896453193774,18.019223703864));
#12175=CARTESIAN_POINT('',(-7.45831722695764,-10.3029269970528,17.885281020943));
#12176=CARTESIAN_POINT('',(-6.72918424971428,-10.2394962622205,18.1072267302582));
#12177=CARTESIAN_POINT('',(-7.45831722695764,-9.87414998724665,17.8659622968641));
#12178=CARTESIAN_POINT('',(-6.72918424971428,-10.2394962622205,18.1072267302582));
#12179=CARTESIAN_POINT('',(0.64467784775459,-24.5069799506712,27.275878360483));
#12180=CARTESIAN_POINT('',(-12.7783012971691,-7.75,12.4419610259024));
#12181=CARTESIAN_POINT('',(0.,0.,0.));
#12182=CARTESIAN_POINT('',(0.,-3.75,0.));
#12183=CARTESIAN_POINT('',(22.3195790078166,-3.75,5.64879669453617));
#12184=CARTESIAN_POINT('',(22.8,-3.75,4.44196102590242));
#12185=CARTESIAN_POINT('',(22.3195790078166,-3.75,5.64879669453617));
#12186=CARTESIAN_POINT('',(22.8,-3.75,-4.94196102590241));
#12187=CARTESIAN_POINT('',(22.8,-3.75,-4.44196102590242));
#12188=CARTESIAN_POINT('',(22.8,-3.75,-4.44196102590242));
#12189=CARTESIAN_POINT('',(22.3195790078166,-3.75,-5.64879669453617));
#12190=CARTESIAN_POINT('',(14.5976246649646,-3.75,-13.810726997049));
#12191=CARTESIAN_POINT('',(16.8495312303039,-3.75,-11.4305129193674));
#12192=CARTESIAN_POINT('',(-3.03576608295941E-15,-3.75,4.33680868994202E-15));
#12193=CARTESIAN_POINT('',(4.12649172571309,-3.75,-19.9382896537902));
#12194=CARTESIAN_POINT('',(4.12649172571309,-3.75,-19.9382896537902));
#12195=CARTESIAN_POINT('',(3.03553390593274,-3.75,-20.05));
#12196=CARTESIAN_POINT('',(-3.5,-3.75,-20.05));
#12197=CARTESIAN_POINT('',(-3.03553390593276,-3.75,-20.05));
#12198=CARTESIAN_POINT('',(-3.03553390593276,-3.75,-20.05));
#12199=CARTESIAN_POINT('',(-4.12649172571309,-3.75,-19.9382896537902));
#12200=CARTESIAN_POINT('',(3.03576608295941E-15,-3.75,4.33680868994202E-15));
#12201=CARTESIAN_POINT('',(-16.849531230304,-3.75,-11.4305129193674));
#12202=CARTESIAN_POINT('',(-22.6632073382252,-3.75,-5.28558935631099));
#12203=CARTESIAN_POINT('',(-22.3195790078166,-3.75,-5.64879669453616));
#12204=CARTESIAN_POINT('',(-22.3195790078166,-3.75,-5.64879669453616));
#12205=CARTESIAN_POINT('',(-22.8,-3.75,-4.44196102590241));
#12206=CARTESIAN_POINT('',(-22.8,-3.75,0.));
#12207=CARTESIAN_POINT('',(-22.8,-3.75,4.44196102590242));
#12208=CARTESIAN_POINT('',(-22.8,-3.75,4.44196102590242));
#12209=CARTESIAN_POINT('',(-22.3195790078166,-3.75,5.64879669453616));
#12210=CARTESIAN_POINT('',(-14.5976246649646,-3.75,13.810726997049));
#12211=CARTESIAN_POINT('',(-16.849531230304,-3.75,11.4305129193674));
#12212=CARTESIAN_POINT('',(3.03576608295941E-15,-3.75,-4.33680868994202E-15));
#12213=CARTESIAN_POINT('',(-3.54412588388371,-3.75,20.05));
#12214=CARTESIAN_POINT('',(3.5,-3.75,20.05));
#12215=CARTESIAN_POINT('',(3.03553390593274,-3.75,20.05));
#12216=CARTESIAN_POINT('',(3.03553390593274,-3.75,20.05));
#12217=CARTESIAN_POINT('',(4.12649172571308,-3.75,19.9382896537902));
#12218=CARTESIAN_POINT('',(-3.03576608295941E-15,-3.75,-4.33680868994202E-15));
#12219=CARTESIAN_POINT('',(16.8495312303039,-3.75,11.4305129193674));
#12220=CARTESIAN_POINT('',(22.6632073382252,-3.75,5.28558935631098));
#12221=CARTESIAN_POINT('',(-22.2571067811866,-3.75,-21.55));
#12222=CARTESIAN_POINT('',(-21.05,-3.75,-21.05));
#12223=CARTESIAN_POINT('',(-22.2571067811866,-3.75,-21.55));
#12224=CARTESIAN_POINT('',(21.55,-3.75,-21.05));
#12225=CARTESIAN_POINT('',(21.05,-3.75,-21.05));
#12226=CARTESIAN_POINT('',(21.05,-3.75,-21.05));
#12227=CARTESIAN_POINT('',(22.2571067811866,-3.75,-21.55));
#12228=CARTESIAN_POINT('',(26.4457936163769,-3.75,-25.7386868351904));
#12229=CARTESIAN_POINT('',(26.0898118599202,-3.75,-25.3827050787336));
#12230=CARTESIAN_POINT('',(1.7347234759768E-15,-3.75,1.7347234759768E-15));
#12231=CARTESIAN_POINT('',(26.0898118599202,-3.75,25.3827050787336));
#12232=CARTESIAN_POINT('',(0.353553390593277,-3.75,-0.353553390593277));
#12233=CARTESIAN_POINT('',(22.2571067811866,-3.75,21.55));
#12234=CARTESIAN_POINT('',(22.2571067811866,-3.75,21.55));
#12235=CARTESIAN_POINT('',(21.05,-3.75,21.05));
#12236=CARTESIAN_POINT('',(-21.55,-3.75,21.05));
#12237=CARTESIAN_POINT('',(-21.05,-3.75,21.05));
#12238=CARTESIAN_POINT('',(-21.05,-3.75,21.05));
#12239=CARTESIAN_POINT('',(-22.2571067811866,-3.75,21.55));
#12240=CARTESIAN_POINT('',(-26.4457936163769,-3.75,25.7386868351904));
#12241=CARTESIAN_POINT('',(-26.0898118599202,-3.75,25.3827050787336));
#12242=CARTESIAN_POINT('',(-1.7347234759768E-15,-3.75,1.7347234759768E-15));
#12243=CARTESIAN_POINT('',(-26.0898118599202,-3.75,-25.3827050787336));
#12244=CARTESIAN_POINT('',(-0.353553390593277,-3.75,0.353553390593277));
#12245=CARTESIAN_POINT('',(-22.3,8.75,2.47098051295121));
#12246=CARTESIAN_POINT('',(-22.3,4.05,-0.5));
#12247=CARTESIAN_POINT('',(-22.3,3.05,0.5));
#12248=CARTESIAN_POINT('',(-22.3,4.05,-0.5));
#12249=CARTESIAN_POINT('',(-22.3,3.05,4.94196102590242));
#12250=CARTESIAN_POINT('',(-22.3,3.05,4.44196102590242));
#12251=CARTESIAN_POINT('',(-22.3,-3.75,4.44196102590242));
#12252=CARTESIAN_POINT('',(-22.3,-3.25,4.44196102590242));
#12253=CARTESIAN_POINT('',(-22.3,-3.25,2.47098051295121));
#12254=CARTESIAN_POINT('',(-22.3,-3.25,-4.44196102590241));
#12255=CARTESIAN_POINT('',(-22.3,8.75,-4.44196102590241));
#12256=CARTESIAN_POINT('',(-22.3,8.25,-4.44196102590241));
#12257=CARTESIAN_POINT('',(-22.3,8.25,0.));
#12258=CARTESIAN_POINT('',(-22.3,8.25,-0.5));
#12259=CARTESIAN_POINT('',(-22.3,3.55,-0.5));
#12260=CARTESIAN_POINT('',(-33.,36.75,2.5));
#12261=CARTESIAN_POINT('',(-24.2,36.75,-13.22));
#12262=CARTESIAN_POINT('',(-33.7,36.75,-13.22));
#12263=CARTESIAN_POINT('',(-23.7,36.75,-13.22));
#12264=CARTESIAN_POINT('',(-23.7,36.75,-6.72));
#12265=CARTESIAN_POINT('',(-23.7,36.75,-6.22));
#12266=CARTESIAN_POINT('',(-33.,36.75,-6.22));
#12267=CARTESIAN_POINT('',(-33.7,36.75,-6.22));
#12268=CARTESIAN_POINT('',(-33.7,36.75,-12.72));
#12269=CARTESIAN_POINT('',(-32.3668286985302,36.75,-17.22));
#12270=CARTESIAN_POINT('',(-20.860272020302,36.75,-17.22));
#12271=CARTESIAN_POINT('',(-32.0691689945343,36.75,-17.22));
#12272=CARTESIAN_POINT('',(-1.7347234759768E-15,36.75,1.7347234759768E-15));
#12273=CARTESIAN_POINT('',(-36.3965657720615,36.75,-0.5));
#12274=CARTESIAN_POINT('',(-33.,36.75,-0.5));
#12275=CARTESIAN_POINT('',(-22.8,36.75,-0.5));
#12276=CARTESIAN_POINT('',(-22.8,36.75,-4.94196102590242));
#12277=CARTESIAN_POINT('',(-22.8,36.75,-4.94196102590242));
#12278=CARTESIAN_POINT('',(17.0284675227342,36.75,-4.94196102590242));
#12279=CARTESIAN_POINT('',(0.,8.75,0.));
#12280=CARTESIAN_POINT('',(-5.18119169399197E-15,8.75,-18.22));
#12281=CARTESIAN_POINT('',(-31.5117692299242,8.75,-18.22));
#12282=CARTESIAN_POINT('',(-19.9907442285863,8.75,-18.22));
#12283=CARTESIAN_POINT('',(17.0284675227342,8.75,-4.94196102590242));
#12284=CARTESIAN_POINT('',(-20.6004625779732,8.75,-16.3783930378034));
#12285=CARTESIAN_POINT('',(-20.6004625779732,8.75,-16.3783930378034));
#12286=CARTESIAN_POINT('',(-21.2458589375604,8.75,-15.9));
#12287=CARTESIAN_POINT('',(-29.6,8.75,-15.9));
#12288=CARTESIAN_POINT('',(-33.2,8.75,-15.9));
#12289=CARTESIAN_POINT('',(-33.2,8.75,-15.9));
#12290=CARTESIAN_POINT('',(-33.2,8.75,-0.5));
#12291=CARTESIAN_POINT('',(-6.12323399573682E-17,8.75,-0.5));
#12292=CARTESIAN_POINT('',(-22.8,8.75,-0.5));
#12293=CARTESIAN_POINT('',(-22.8,8.75,-4.94196102590242));
#12294=CARTESIAN_POINT('',(-22.8,8.75,-4.44196102590241));
#12295=CARTESIAN_POINT('',(-21.2075109626049,8.75,-8.44235360554862));
#12296=CARTESIAN_POINT('',(-22.3195790078166,8.75,-5.64879669453616));
#12297=CARTESIAN_POINT('',(-14.5976246649646,8.75,-13.810726997049));
#12298=CARTESIAN_POINT('',(-16.8495312303039,8.75,-11.4305129193674));
#12299=CARTESIAN_POINT('',(3.03576608295941E-15,8.75,4.33680868994202E-15));
#12300=CARTESIAN_POINT('',(-4.12649172571309,8.75,-19.9382896537902));
#12301=CARTESIAN_POINT('',(-2.06324586285659,8.75,-20.1495589673023));
#12302=CARTESIAN_POINT('',(-3.03553390593276,8.75,-20.05));
#12303=CARTESIAN_POINT('',(0.,8.75,-20.05));
#12304=CARTESIAN_POINT('',(3.03553390593274,8.75,-20.05));
#12305=CARTESIAN_POINT('',(2.06324586285651,8.75,-20.1495589673024));
#12306=CARTESIAN_POINT('',(4.12649172571309,8.75,-19.9382896537902));
#12307=CARTESIAN_POINT('',(-3.03576608295941E-15,8.75,4.33680868994202E-15));
#12308=CARTESIAN_POINT('',(16.8495312303039,8.75,-11.4305129193674));
#12309=CARTESIAN_POINT('',(22.6632073382252,8.75,-5.28558935631098));
#12310=CARTESIAN_POINT('',(22.3195790078166,8.75,-5.64879669453617));
#12311=CARTESIAN_POINT('',(21.2075109626049,8.75,-8.44235360554862));
#12312=CARTESIAN_POINT('',(22.8,8.75,-4.44196102590242));
#12313=CARTESIAN_POINT('',(22.8,8.75,0.));
#12314=CARTESIAN_POINT('',(22.8,8.75,4.44196102590242));
#12315=CARTESIAN_POINT('',(21.2075109626049,8.75,8.44235360554863));
#12316=CARTESIAN_POINT('',(22.3195790078166,8.75,5.64879669453617));
#12317=CARTESIAN_POINT('',(14.5976246649646,8.75,13.810726997049));
#12318=CARTESIAN_POINT('',(16.8495312303039,8.75,11.4305129193674));
#12319=CARTESIAN_POINT('',(-3.03576608295941E-15,8.75,-4.33680868994202E-15));
#12320=CARTESIAN_POINT('',(4.12649172571308,8.75,19.9382896537902));
#12321=CARTESIAN_POINT('',(2.06324586285651,8.75,20.1495589673023));
#12322=CARTESIAN_POINT('',(3.03553390593274,8.75,20.05));
#12323=CARTESIAN_POINT('',(0.,8.75,20.05));
#12324=CARTESIAN_POINT('',(-5.,8.75,20.05));
#12325=CARTESIAN_POINT('',(-5.,8.75,0.));
#12326=CARTESIAN_POINT('',(-5.,8.75,21.05));
#12327=CARTESIAN_POINT('',(6.77789868571913E-15,8.75,21.05));
#12328=CARTESIAN_POINT('',(21.05,8.75,21.05));
#12329=CARTESIAN_POINT('',(-4.35959774397682,8.75,10.525));
#12330=CARTESIAN_POINT('',(22.2571067811866,8.75,21.55));
#12331=CARTESIAN_POINT('',(26.4457936163769,8.75,25.7386868351904));
#12332=CARTESIAN_POINT('',(26.0898118599202,8.75,25.3827050787336));
#12333=CARTESIAN_POINT('',(1.7347234759768E-15,8.75,1.7347234759768E-15));
#12334=CARTESIAN_POINT('',(26.0898118599202,8.75,-25.3827050787336));
#12335=CARTESIAN_POINT('',(0.353553390593277,8.75,0.353553390593277));
#12336=CARTESIAN_POINT('',(22.2571067811866,8.75,-21.55));
#12337=CARTESIAN_POINT('',(-4.35959774397682,8.75,-10.525));
#12338=CARTESIAN_POINT('',(21.05,8.75,-21.05));
#12339=CARTESIAN_POINT('',(-6.77789868571913E-15,8.75,-21.05));
#12340=CARTESIAN_POINT('',(-21.05,8.75,-21.05));
#12341=CARTESIAN_POINT('',(4.35959774397682,8.75,-10.525));
#12342=CARTESIAN_POINT('',(-22.2571067811866,8.75,-21.55));
#12343=CARTESIAN_POINT('',(-26.4457936163769,8.75,-25.7386868351904));
#12344=CARTESIAN_POINT('',(-26.0898118599202,8.75,-25.3827050787336));
#12345=CARTESIAN_POINT('',(-1.7347234759768E-15,8.75,1.7347234759768E-15));
#12346=CARTESIAN_POINT('',(-1.7347234759768E-15,8.75,1.7347234759768E-15));
#12347=CARTESIAN_POINT('',(-31.456833095063,-0.97874829699154,19.2939404839489));
#12348=CARTESIAN_POINT('',(-31.9610541639145,-1.3855470890492,18.4524331464968));
#12349=CARTESIAN_POINT('',(-32.4369746471537,-0.979063346811674,17.596326930064));
#12350=CARTESIAN_POINT('',(-32.6259390920884,-0.00101707243438632,17.237278868059));
#12351=CARTESIAN_POINT('',(-32.4372479124433,0.979135945736241,17.5958335166613));
#12352=CARTESIAN_POINT('',(-31.9610109504315,1.38509889841662,18.452483402537));
#12353=CARTESIAN_POINT('',(-31.4580642636806,0.980467987759367,19.2919264769847));
#12354=CARTESIAN_POINT('',(-31.2407710275552,0.00147087256702619,19.6364464506825));
#12355=CARTESIAN_POINT('',(-31.456833095063,-0.97874829699154,19.2939404839489));
#12356=CARTESIAN_POINT('',(-31.9610541639145,-1.3855470890492,18.4524331464968));
#12357=CARTESIAN_POINT('',(-32.4369746471537,-0.979063346811674,17.596326930064));
#12358=CARTESIAN_POINT('',(-31.9563373996457,-1.25,18.45));
#12359=CARTESIAN_POINT('',(-32.4374591457363,-0.97874829699158,-17.5954463409572));
#12360=CARTESIAN_POINT('',(-31.9608029484575,-1.38554708904919,-18.452868264432));
#12361=CARTESIAN_POINT('',(-31.4573534583086,-0.979063346811674,-19.2930806013149));
#12362=CARTESIAN_POINT('',(-31.2408909379,-0.00101707243436638,-19.6362526420429));
#12363=CARTESIAN_POINT('',(-31.457062782412,0.979135945736265,-19.293563962699));
#12364=CARTESIAN_POINT('',(-31.9608248647235,1.38509889841662,-18.4528057124377));
#12365=CARTESIAN_POINT('',(-32.4363305488507,0.980467987759336,-17.5975195677384));
#12366=CARTESIAN_POINT('',(-32.6260469801214,0.0014708725669958,-17.2370781183344));
#12367=CARTESIAN_POINT('',(-32.4374591457363,-0.97874829699158,-17.5954463409572));
#12368=CARTESIAN_POINT('',(-31.9608029484575,-1.38554708904919,-18.452868264432));
#12369=CARTESIAN_POINT('',(-31.4573534583086,-0.979063346811674,-19.2930806013149));
#12370=CARTESIAN_POINT('',(-31.9563373996457,-1.25,-18.45));
#12371=CARTESIAN_POINT('',(-32.6048124030471,8.75,-17.2782003739425));
#12372=CARTESIAN_POINT('',(-32.6048124030471,36.25,-17.2782003739425));
#12373=CARTESIAN_POINT('',(-32.6048124030471,9.25,-17.2782003739425));
#12374=CARTESIAN_POINT('',(-31.9446232028628,8.25,-18.4702747252747));
#12375=CARTESIAN_POINT('',(-32.1739960251832,8.57787525774601,-18.073570913827));
#12376=CARTESIAN_POINT('',(-32.3944715061215,8.90985165770035,-17.6751239734217));
#12377=CARTESIAN_POINT('',(-32.6048124030471,9.25,-17.2782003739425));
#12378=CARTESIAN_POINT('',(-31.9446232028628,8.25,-18.4702747252747));
#12379=CARTESIAN_POINT('',(-1.7347234759768E-15,8.25,1.7347234759768E-15));
#12380=CARTESIAN_POINT('',(-26.4433661451787,8.25,-25.7363242696391));
#12381=CARTESIAN_POINT('',(-26.4433661451787,8.75,-25.7363242696391));
#12382=CARTESIAN_POINT('',(-26.4433661451787,-3.25,-25.7363242696391));
#12383=CARTESIAN_POINT('',(-1.7347234759768E-15,-3.25,1.7347234759768E-15));
#12384=CARTESIAN_POINT('',(-26.4433661451787,-3.25,25.7363242696391));
#12385=CARTESIAN_POINT('',(-26.4433661451787,8.75,25.7363242696391));
#12386=CARTESIAN_POINT('',(-26.4433661451787,3.05,25.7363242696391));
#12387=CARTESIAN_POINT('',(-1.7347234759768E-15,3.05,1.7347234759768E-15));
#12388=CARTESIAN_POINT('',(-36.8965185986008,3.05,0.506868131868133));
#12389=CARTESIAN_POINT('',(-36.8999999999996,3.55000565345869,5.653718298652E-6));
#12390=CARTESIAN_POINT('',(-36.8999999741999,3.38275639916497,0.168391883906781));
#12391=CARTESIAN_POINT('',(-36.898847348432,3.21608681968422,0.337351139071101));
#12392=CARTESIAN_POINT('',(-36.8965185986008,3.05,0.506868131868133));
#12393=CARTESIAN_POINT('',(-36.9,3.55,6.25367016483054E-15));
#12394=CARTESIAN_POINT('',(-36.8966129325324,4.05,-0.499954104776854));
#12395=CARTESIAN_POINT('',(-36.8988633003172,3.88276670445753,-0.333876962258059));
#12396=CARTESIAN_POINT('',(-36.9000000256217,3.7161039197116,-0.167221763906248));
#12397=CARTESIAN_POINT('',(-36.8999999999996,3.55000565345869,5.653718298652E-6));
#12398=CARTESIAN_POINT('',(-36.8966129325324,4.05,-0.499954104776854));
#12399=CARTESIAN_POINT('',(-36.8966129325324,8.75,-0.499954104776854));
#12400=CARTESIAN_POINT('',(-36.8966129325324,36.25,-0.499954104776854));
#12401=CARTESIAN_POINT('',(-1.7347234759768E-15,36.25,1.7347234759768E-15));
#12402=CARTESIAN_POINT('',(-23.8211201128918,8.75,23.8211201128918));
#12403=CARTESIAN_POINT('',(-21.9035533905933,3.55,21.9035533905933));
#12404=CARTESIAN_POINT('',(-21.9035533905933,-3.25,21.9035533905933));
#12405=CARTESIAN_POINT('',(-21.9035533905933,3.05,21.9035533905933));
#12406=CARTESIAN_POINT('',(-23.8211201128918,3.05,23.8211201128918));
#12407=CARTESIAN_POINT('',(-25.741082073425,3.05,25.741082073425));
#12408=CARTESIAN_POINT('',(-25.741082073425,8.75,25.741082073425));
#12409=CARTESIAN_POINT('',(-25.741082073425,-3.25,25.741082073425));
#12410=CARTESIAN_POINT('',(-21.55,-3.25,21.55));
#12411=CARTESIAN_POINT('',(3.03576608295941E-15,8.75,-4.33680868994202E-15));
#12412=CARTESIAN_POINT('',(-16.1952881120454,8.75,11.4963099718057));
#12413=CARTESIAN_POINT('',(-16.1952881120454,-3.25,11.4963099718057));
#12414=CARTESIAN_POINT('',(-16.1952881120454,3.05,11.4963099718057));
#12415=CARTESIAN_POINT('',(3.03576608295941E-15,3.05,-4.33680868994202E-15));
#12416=CARTESIAN_POINT('',(-3.5,3.05,19.55));
#12417=CARTESIAN_POINT('',(-3.5,8.75,19.55));
#12418=CARTESIAN_POINT('',(-3.5,-3.25,19.55));
#12419=CARTESIAN_POINT('',(3.03576608295941E-15,-3.25,-4.33680868994202E-15));
#12420=CARTESIAN_POINT('',(-19.3791591915271,8.75,8.02922340081641));
#12421=CARTESIAN_POINT('',(-21.9563716695915,3.55,5.30516836412759));
#12422=CARTESIAN_POINT('',(-21.9563716695915,-3.25,5.30516836412759));
#12423=CARTESIAN_POINT('',(-21.9563716695915,3.05,5.30516836412759));
#12424=CARTESIAN_POINT('',(-16.4583183830543,3.05,11.1164857757304));
#12425=CARTESIAN_POINT('',(-16.8283381576328,3.05,10.7253832806144));
#12426=CARTESIAN_POINT('',(-16.8283381576328,8.75,10.7253832806144));
#12427=CARTESIAN_POINT('',(-16.8283381576328,-3.25,10.7253832806144));
#12428=CARTESIAN_POINT('',(-19.3791591915271,-3.25,8.02922340081641));
#12429=CARTESIAN_POINT('',(-29.6,36.752,2.53071093307079E-16));
#12430=CARTESIAN_POINT('',(-29.6,8.25,2.53071093307079E-16));
#12431=CARTESIAN_POINT('',(-22.8,8.25,-5.79688730113121E-16));
#12432=CARTESIAN_POINT('',(-33.7,8.25,7.55176280957495E-16));
#12433=CARTESIAN_POINT('',(-33.7,32.15,7.55176280957495E-16));
#12434=CARTESIAN_POINT('',(-33.7,32.65,7.55176280957495E-16));
#12435=CARTESIAN_POINT('',(-29.6,32.65,2.53071093307079E-16));
#12436=CARTESIAN_POINT('',(-22.8,32.65,-5.7968873011312E-16));
#12437=CARTESIAN_POINT('',(-22.8,36.75,-5.7968873011312E-16));
#12438=CARTESIAN_POINT('',(-22.8,36.25,-5.79688730113121E-16));
#12439=CARTESIAN_POINT('',(-29.6,36.25,2.53071093307079E-16));
#12440=CARTESIAN_POINT('',(-36.4033873783966,36.25,1.08624575093837E-15));
#12441=CARTESIAN_POINT('',(-36.4033873783966,36.752,1.08624575093836E-15));
#12442=CARTESIAN_POINT('',(-36.4033873783966,4.05,1.08624575093837E-15));
#12443=CARTESIAN_POINT('',(-22.3,4.05,-6.40921070070488E-16));
#12444=CARTESIAN_POINT('',(-22.8,4.05,-5.79688730113121E-16));
#12445=CARTESIAN_POINT('',(-22.8,8.75,-5.7968873011312E-16));
#12446=CARTESIAN_POINT('',(-26.9,34.35,1.3010426069826E-15));
#12447=CARTESIAN_POINT('',(-26.9,35.15,1.3010426069826E-15));
#12448=CARTESIAN_POINT('',(-26.9,6.55,1.3010426069826E-15));
#12449=CARTESIAN_POINT('',(-26.9,7.35,1.3010426069826E-15));
#12450=CARTESIAN_POINT('',(-22.3,8.75,2.47098051295121));
#12451=CARTESIAN_POINT('',(-22.3,32.15,-0.5));
#12452=CARTESIAN_POINT('',(-22.3,36.25,-0.5));
#12453=CARTESIAN_POINT('',(-22.3,32.65,-0.5));
#12454=CARTESIAN_POINT('',(-22.3,32.65,-4.94196102590242));
#12455=CARTESIAN_POINT('',(-22.3,32.65,-4.94196102590242));
#12456=CARTESIAN_POINT('',(-22.3,36.752,-4.94196102590242));
#12457=CARTESIAN_POINT('',(-22.3,36.25,-4.94196102590242));
#12458=CARTESIAN_POINT('',(-22.3,36.25,0.));
#12459=CARTESIAN_POINT('',(17.0284675227342,36.752,-4.94196102590242));
#12460=CARTESIAN_POINT('',(17.0284675227342,32.65,-4.94196102590242));
#12461=CARTESIAN_POINT('',(-20.6004625779732,32.65,-16.3783930378034));
#12462=CARTESIAN_POINT('',(-20.6004625779732,36.752,-16.3783930378034));
#12463=CARTESIAN_POINT('',(17.0284675227342,22.0280389740976,-4.94196102590242));
#12464=CARTESIAN_POINT('',(-20.1662912164108,9.25,-17.72));
#12465=CARTESIAN_POINT('',(-20.1662912164108,36.752,-17.72));
#12466=CARTESIAN_POINT('',(-20.1662912164108,36.25,-17.72));
#12467=CARTESIAN_POINT('',(17.0284675227342,36.25,-4.94196102590242));
#12468=CARTESIAN_POINT('',(1.7347234759768E-15,8.75,1.7347234759768E-15));
#12469=CARTESIAN_POINT('',(1.7347234759768E-15,-3.25,1.7347234759768E-15));
#12470=CARTESIAN_POINT('',(26.4433661451787,-3.25,25.7363242696391));
#12471=CARTESIAN_POINT('',(26.4433661451787,-3.25,-25.7363242696391));
#12472=CARTESIAN_POINT('',(26.4433661451787,8.75,-25.7363242696391));
#12473=CARTESIAN_POINT('',(26.4433661451787,8.25,-25.7363242696391));
#12474=CARTESIAN_POINT('',(1.7347234759768E-15,8.25,1.7347234759768E-15));
#12475=CARTESIAN_POINT('',(26.4433661451787,8.25,25.7363242696391));
#12476=CARTESIAN_POINT('',(26.4433661451787,8.75,25.7363242696391));
#12477=CARTESIAN_POINT('',(31.456833095063,-0.97874829699154,19.2939404839489));
#12478=CARTESIAN_POINT('',(31.9610541639145,-1.3855470890492,18.4524331464968));
#12479=CARTESIAN_POINT('',(32.4369746471537,-0.979063346811674,17.596326930064));
#12480=CARTESIAN_POINT('',(32.6259390920884,-0.00101707243438632,17.237278868059));
#12481=CARTESIAN_POINT('',(32.4372479124433,0.979135945736241,17.5958335166613));
#12482=CARTESIAN_POINT('',(31.9610109504315,1.38509889841662,18.452483402537));
#12483=CARTESIAN_POINT('',(31.4580642636806,0.980467987759367,19.2919264769847));
#12484=CARTESIAN_POINT('',(31.2407710275552,0.00147087256702619,19.6364464506825));
#12485=CARTESIAN_POINT('',(31.456833095063,-0.97874829699154,19.2939404839489));
#12486=CARTESIAN_POINT('',(31.9610541639145,-1.3855470890492,18.4524331464968));
#12487=CARTESIAN_POINT('',(32.4369746471537,-0.979063346811674,17.596326930064));
#12488=CARTESIAN_POINT('',(31.9563373996457,-1.25,18.45));
#12489=CARTESIAN_POINT('',(32.4374591457363,-0.97874829699158,-17.5954463409572));
#12490=CARTESIAN_POINT('',(31.9608029484575,-1.38554708904919,-18.452868264432));
#12491=CARTESIAN_POINT('',(31.4573534583086,-0.979063346811674,-19.2930806013149));
#12492=CARTESIAN_POINT('',(31.2408909379,-0.00101707243436638,-19.6362526420429));
#12493=CARTESIAN_POINT('',(31.457062782412,0.979135945736265,-19.293563962699));
#12494=CARTESIAN_POINT('',(31.9608248647235,1.38509889841662,-18.4528057124377));
#12495=CARTESIAN_POINT('',(32.4363305488507,0.980467987759336,-17.5975195677384));
#12496=CARTESIAN_POINT('',(32.6260469801214,0.0014708725669958,-17.2370781183344));
#12497=CARTESIAN_POINT('',(32.4374591457363,-0.97874829699158,-17.5954463409572));
#12498=CARTESIAN_POINT('',(31.9608029484575,-1.38554708904919,-18.452868264432));
#12499=CARTESIAN_POINT('',(31.4573534583086,-0.979063346811674,-19.2930806013149));
#12500=CARTESIAN_POINT('',(31.9563373996457,-1.25,-18.45));
#12501=CARTESIAN_POINT('',(-10.775,8.75,21.55));
#12502=CARTESIAN_POINT('',(-5.,8.75,21.55));
#12503=CARTESIAN_POINT('',(-5.,8.25,21.55));
#12504=CARTESIAN_POINT('',(-5.,3.05,21.55));
#12505=CARTESIAN_POINT('',(-10.775,3.05,21.55));
#12506=CARTESIAN_POINT('',(-21.05,3.05,21.55));
#12507=CARTESIAN_POINT('',(-21.05,-3.75,21.55));
#12508=CARTESIAN_POINT('',(-21.05,-3.25,21.55));
#12509=CARTESIAN_POINT('',(21.55,-3.25,21.55));
#12510=CARTESIAN_POINT('',(21.05,-3.25,21.55));
#12511=CARTESIAN_POINT('',(21.05,8.75,21.55));
#12512=CARTESIAN_POINT('',(21.05,8.25,21.55));
#12513=CARTESIAN_POINT('',(-10.775,8.25,21.55));
#12514=CARTESIAN_POINT('',(-8.25056554618758E-15,0.,21.55));
#12515=CARTESIAN_POINT('',(1.79999999999999,0.,21.55));
#12516=CARTESIAN_POINT('',(23.8211201128918,8.75,23.8211201128918));
#12517=CARTESIAN_POINT('',(23.8211201128918,-3.25,23.8211201128918));
#12518=CARTESIAN_POINT('',(21.9035533905933,-3.25,21.9035533905933));
#12519=CARTESIAN_POINT('',(25.741082073425,-3.25,25.741082073425));
#12520=CARTESIAN_POINT('',(25.741082073425,8.75,25.741082073425));
#12521=CARTESIAN_POINT('',(25.741082073425,8.25,25.741082073425));
#12522=CARTESIAN_POINT('',(21.55,8.25,21.55));
#12523=CARTESIAN_POINT('',(21.9035533905933,8.25,21.9035533905933));
#12524=CARTESIAN_POINT('',(21.9035533905933,8.75,21.9035533905933));
#12525=CARTESIAN_POINT('',(23.8211201128918,8.75,-23.8211201128918));
#12526=CARTESIAN_POINT('',(23.8211201128918,8.25,-23.8211201128918));
#12527=CARTESIAN_POINT('',(21.9035533905933,8.25,-21.9035533905933));
#12528=CARTESIAN_POINT('',(25.741082073425,8.25,-25.741082073425));
#12529=CARTESIAN_POINT('',(25.741082073425,-3.75,-25.741082073425));
#12530=CARTESIAN_POINT('',(25.741082073425,-3.25,-25.741082073425));
#12531=CARTESIAN_POINT('',(21.55,-3.25,-21.55));
#12532=CARTESIAN_POINT('',(21.9035533905933,-3.25,-21.9035533905933));
#12533=CARTESIAN_POINT('',(21.9035533905933,8.75,-21.9035533905933));
#12534=CARTESIAN_POINT('',(10.775,8.75,-21.55));
#12535=CARTESIAN_POINT('',(-21.55,-3.25,-21.55));
#12536=CARTESIAN_POINT('',(21.05,-3.25,-21.55));
#12537=CARTESIAN_POINT('',(-21.05,-3.25,-21.55));
#12538=CARTESIAN_POINT('',(-21.05,8.75,-21.55));
#12539=CARTESIAN_POINT('',(-21.05,8.25,-21.55));
#12540=CARTESIAN_POINT('',(10.775,8.25,-21.55));
#12541=CARTESIAN_POINT('',(21.05,8.25,-21.55));
#12542=CARTESIAN_POINT('',(21.05,-3.75,-21.55));
#12543=CARTESIAN_POINT('',(-8.25056554618758E-15,0.,-21.55));
#12544=CARTESIAN_POINT('',(-1.80000000000001,0.,-21.55));
#12545=CARTESIAN_POINT('',(22.3,8.75,2.47098051295121));
#12546=CARTESIAN_POINT('',(22.3,8.25,2.47098051295121));
#12547=CARTESIAN_POINT('',(22.3,8.25,4.44196102590242));
#12548=CARTESIAN_POINT('',(22.3,8.25,-4.44196102590242));
#12549=CARTESIAN_POINT('',(22.3,8.75,-4.44196102590242));
#12550=CARTESIAN_POINT('',(22.3,-3.25,-4.44196102590242));
#12551=CARTESIAN_POINT('',(22.3,-3.25,4.94196102590241));
#12552=CARTESIAN_POINT('',(22.3,-3.25,4.44196102590242));
#12553=CARTESIAN_POINT('',(22.3,8.75,4.44196102590242));
#12554=CARTESIAN_POINT('',(19.3791591915271,8.75,8.02922340081642));
#12555=CARTESIAN_POINT('',(19.3791591915271,8.25,8.02922340081642));
#12556=CARTESIAN_POINT('',(16.8283381576327,8.25,10.7253832806145));
#12557=CARTESIAN_POINT('',(21.9563716695915,8.25,5.3051683641276));
#12558=CARTESIAN_POINT('',(21.9563716695915,-3.75,5.3051683641276));
#12559=CARTESIAN_POINT('',(21.9563716695915,-3.25,5.3051683641276));
#12560=CARTESIAN_POINT('',(16.4583183830543,-3.25,11.1164857757304));
#12561=CARTESIAN_POINT('',(16.8283381576327,-3.25,10.7253832806145));
#12562=CARTESIAN_POINT('',(16.8283381576327,8.75,10.7253832806145));
#12563=CARTESIAN_POINT('',(-3.03576608295941E-15,8.75,-4.33680868994202E-15));
#12564=CARTESIAN_POINT('',(-3.03576608295941E-15,8.25,-4.33680868994202E-15));
#12565=CARTESIAN_POINT('',(4.025157642718,8.25,19.4486659170049));
#12566=CARTESIAN_POINT('',(16.1952881120454,8.25,11.4963099718058));
#12567=CARTESIAN_POINT('',(16.1952881120454,8.75,11.4963099718058));
#12568=CARTESIAN_POINT('',(16.1952881120454,-3.25,11.4963099718058));
#12569=CARTESIAN_POINT('',(-3.03576608295941E-15,-3.25,-4.33680868994202E-15));
#12570=CARTESIAN_POINT('',(4.025157642718,-3.25,19.4486659170049));
#12571=CARTESIAN_POINT('',(4.02515764271799,8.75,19.4486659170049));
#12572=CARTESIAN_POINT('',(1.75,8.75,19.55));
#12573=CARTESIAN_POINT('',(-5.5,3.55,19.55));
#12574=CARTESIAN_POINT('',(-5.5,3.49809832794552,19.55));
#12575=CARTESIAN_POINT('',(-5.5,8.25,19.55));
#12576=CARTESIAN_POINT('',(1.75,8.25,19.55));
#12577=CARTESIAN_POINT('',(3.03553390593274,8.25,19.55));
#12578=CARTESIAN_POINT('',(3.03553390593274,-3.75,19.55));
#12579=CARTESIAN_POINT('',(3.03553390593274,-3.25,19.55));
#12580=CARTESIAN_POINT('',(-3.5,-3.25,19.55));
#12581=CARTESIAN_POINT('',(-3.5,3.05,19.55));
#12582=CARTESIAN_POINT('',(-4.17353846239243,3.16869518154239,19.55));
#12583=CARTESIAN_POINT('',(-4.83991923592389,3.31933731943153,19.55));
#12584=CARTESIAN_POINT('',(-5.5,3.49809832794552,19.55));
#12585=CARTESIAN_POINT('',(-7.48485180640219E-15,0.,19.55));
#12586=CARTESIAN_POINT('',(-7.48485180640219E-15,1.8,19.55));
#12587=CARTESIAN_POINT('',(-19.3791591915271,8.75,-8.02922340081642));
#12588=CARTESIAN_POINT('',(-19.3791591915271,8.25,-8.02922340081642));
#12589=CARTESIAN_POINT('',(-16.8283381576327,8.25,-10.7253832806145));
#12590=CARTESIAN_POINT('',(-21.9563716695915,8.25,-5.30516836412759));
#12591=CARTESIAN_POINT('',(-21.9563716695915,8.75,-5.30516836412759));
#12592=CARTESIAN_POINT('',(-21.9563716695915,-3.25,-5.30516836412759));
#12593=CARTESIAN_POINT('',(-16.4583183830543,-3.25,-11.1164857757304));
#12594=CARTESIAN_POINT('',(-16.8283381576327,-3.25,-10.7253832806145));
#12595=CARTESIAN_POINT('',(-16.8283381576327,8.75,-10.7253832806145));
#12596=CARTESIAN_POINT('',(3.03576608295941E-15,8.75,4.33680868994202E-15));
#12597=CARTESIAN_POINT('',(3.03576608295941E-15,-3.25,4.33680868994202E-15));
#12598=CARTESIAN_POINT('',(-16.1952881120454,-3.25,-11.4963099718057));
#12599=CARTESIAN_POINT('',(-4.02515764271801,-3.25,-19.4486659170049));
#12600=CARTESIAN_POINT('',(-4.02515764271801,8.75,-19.4486659170049));
#12601=CARTESIAN_POINT('',(-4.02515764271801,8.25,-19.4486659170049));
#12602=CARTESIAN_POINT('',(3.03576608295941E-15,8.25,4.33680868994202E-15));
#12603=CARTESIAN_POINT('',(-16.1952881120454,8.25,-11.4963099718057));
#12604=CARTESIAN_POINT('',(-16.1952881120454,8.75,-11.4963099718057));
#12605=CARTESIAN_POINT('',(-1.75,8.75,-19.55));
#12606=CARTESIAN_POINT('',(3.5,-3.25,-19.55));
#12607=CARTESIAN_POINT('',(-3.03553390593276,-3.25,-19.55));
#12608=CARTESIAN_POINT('',(3.03553390593274,-3.25,-19.55));
#12609=CARTESIAN_POINT('',(3.03553390593274,8.75,-19.55));
#12610=CARTESIAN_POINT('',(3.03553390593274,8.25,-19.55));
#12611=CARTESIAN_POINT('',(-1.75,8.25,-19.55));
#12612=CARTESIAN_POINT('',(-3.03553390593276,8.25,-19.55));
#12613=CARTESIAN_POINT('',(-3.03553390593276,-3.75,-19.55));
#12614=CARTESIAN_POINT('',(-7.48485180640219E-15,0.,-19.55));
#12615=CARTESIAN_POINT('',(-1.80000000000001,0.,-19.55));
#12616=CARTESIAN_POINT('',(-3.03576608295941E-15,8.75,4.33680868994202E-15));
#12617=CARTESIAN_POINT('',(-3.03576608295941E-15,8.25,4.33680868994202E-15));
#12618=CARTESIAN_POINT('',(16.1952881120454,8.25,-11.4963099718057));
#12619=CARTESIAN_POINT('',(4.02515764271801,8.25,-19.4486659170049));
#12620=CARTESIAN_POINT('',(4.02515764271801,8.75,-19.4486659170049));
#12621=CARTESIAN_POINT('',(4.02515764271801,-3.25,-19.4486659170049));
#12622=CARTESIAN_POINT('',(-3.03576608295941E-15,-3.25,4.33680868994202E-15));
#12623=CARTESIAN_POINT('',(16.1952881120454,-3.25,-11.4963099718057));
#12624=CARTESIAN_POINT('',(16.1952881120454,8.75,-11.4963099718057));
#12625=CARTESIAN_POINT('',(19.3791591915271,8.75,-8.02922340081642));
#12626=CARTESIAN_POINT('',(19.3791591915271,-3.25,-8.02922340081642));
#12627=CARTESIAN_POINT('',(16.8283381576327,-3.25,-10.7253832806145));
#12628=CARTESIAN_POINT('',(21.9563716695915,-3.25,-5.30516836412759));
#12629=CARTESIAN_POINT('',(21.9563716695915,8.75,-5.30516836412759));
#12630=CARTESIAN_POINT('',(21.9563716695915,8.25,-5.30516836412759));
#12631=CARTESIAN_POINT('',(16.4583183830543,8.25,-11.1164857757304));
#12632=CARTESIAN_POINT('',(16.8283381576327,8.25,-10.7253832806145));
#12633=CARTESIAN_POINT('',(16.8283381576327,8.75,-10.7253832806145));
#12634=CARTESIAN_POINT('',(-23.8211201128918,8.75,-23.8211201128918));
#12635=CARTESIAN_POINT('',(-23.8211201128918,-3.25,-23.8211201128918));
#12636=CARTESIAN_POINT('',(-21.9035533905933,-3.25,-21.9035533905933));
#12637=CARTESIAN_POINT('',(-25.741082073425,-3.25,-25.741082073425));
#12638=CARTESIAN_POINT('',(-25.741082073425,8.75,-25.741082073425));
#12639=CARTESIAN_POINT('',(-25.741082073425,8.25,-25.741082073425));
#12640=CARTESIAN_POINT('',(-21.55,8.25,-21.55));
#12641=CARTESIAN_POINT('',(-21.9035533905933,8.25,-21.9035533905933));
#12642=CARTESIAN_POINT('',(-21.9035533905933,8.75,-21.9035533905933));
#12643=CARTESIAN_POINT('',(-7.40828043242365E-15,0.,19.35));
#12644=CARTESIAN_POINT('',(-7.40828043242365E-15,0.,-19.35));
#12645=CARTESIAN_POINT('',(31.9563373996458,0.,18.45));
#12646=CARTESIAN_POINT('',(23.2777425336377,0.,13.4394109179225));
#12647=CARTESIAN_POINT('',(22.6527425336377,0.,14.521942672653));
#12648=CARTESIAN_POINT('',(23.9027425336377,0.,12.356879163192));
#12649=CARTESIAN_POINT('',(31.9563373996458,0.,-18.45));
#12650=CARTESIAN_POINT('',(23.2777425336377,0.,-13.4394109179225));
#12651=CARTESIAN_POINT('',(23.9027425336377,0.,-12.3568791631919));
#12652=CARTESIAN_POINT('',(23.9027425336377,0.,-12.356879163192));
#12653=CARTESIAN_POINT('',(-22.6527425336377,0.,14.5219426726531));
#12654=CARTESIAN_POINT('',(-23.2777425336377,0.,13.4394109179225));
#12655=CARTESIAN_POINT('',(-23.9027425336377,0.,12.3568791631919));
#12656=CARTESIAN_POINT('',(-31.9563373996458,0.,18.45));
#12657=CARTESIAN_POINT('',(-22.6527425336377,0.,-14.5219426726531));
#12658=CARTESIAN_POINT('',(-23.2777425336377,0.,-13.4394109179225));
#12659=CARTESIAN_POINT('',(-22.6527425336377,0.,-14.521942672653));
#12660=CARTESIAN_POINT('',(-31.9563373996458,0.,-18.45));
#12661=CARTESIAN_POINT('',(-26.2665599574705,36.752,-17.72));
#12662=CARTESIAN_POINT('',(-26.2665599574705,9.25,-17.72));
#12663=CARTESIAN_POINT('',(-31.8706904467606,9.25,-17.72));
#12664=CARTESIAN_POINT('',(-31.8706904467606,36.75,-17.72));
#12665=CARTESIAN_POINT('',(-31.8706904467606,36.25,-17.72));
#12666=CARTESIAN_POINT('',(-20.1662912164108,36.25,-17.72));
#12667=CARTESIAN_POINT('',(-26.9,32.15,-15.9));
#12668=CARTESIAN_POINT('',(-33.2,32.15,-15.9));
#12669=CARTESIAN_POINT('',(-33.2,32.15,-6.22));
#12670=CARTESIAN_POINT('',(-33.2,32.15,-0.5));
#12671=CARTESIAN_POINT('',(-26.9,32.15,-6.22));
#12672=CARTESIAN_POINT('',(-23.7,32.15,-6.22));
#12673=CARTESIAN_POINT('',(-23.7,32.15,-12.72));
#12674=CARTESIAN_POINT('',(-23.7,32.15,-13.22));
#12675=CARTESIAN_POINT('',(-33.2,32.15,-13.22));
#12676=CARTESIAN_POINT('',(-33.2,32.15,-13.22));
#12677=CARTESIAN_POINT('',(-33.2,32.15,-15.9));
#12678=CARTESIAN_POINT('',(-33.2,32.15,-15.9));
#12679=CARTESIAN_POINT('',(-26.9,32.15,-15.9));
#12680=CARTESIAN_POINT('',(-21.262891907952,32.15,-15.9));
#12681=CARTESIAN_POINT('',(17.0284675227342,32.15,-4.94196102590242));
#12682=CARTESIAN_POINT('',(-22.8,32.15,-4.94196102590242));
#12683=CARTESIAN_POINT('',(-22.8,32.15,-6.40921070070488E-16));
#12684=CARTESIAN_POINT('',(-22.8,32.15,-0.5));
#12685=CARTESIAN_POINT('',(-26.9,32.15,-0.5));
#12686=CARTESIAN_POINT('',(-33.2,20.45,-15.9));
#12687=CARTESIAN_POINT('',(-33.2,32.148,-12.72));
#12688=CARTESIAN_POINT('',(-33.2,32.65,-12.72));
#12689=CARTESIAN_POINT('',(-33.2,36.25,-12.72));
#12690=CARTESIAN_POINT('',(-33.2,36.25,-6.72));
#12691=CARTESIAN_POINT('',(-33.2,36.25,-6.72));
#12692=CARTESIAN_POINT('',(-33.2,32.148,-6.72));
#12693=CARTESIAN_POINT('',(-33.2,32.65,-6.72));
#12694=CARTESIAN_POINT('',(-33.2,31.14,-5.21));
#12695=CARTESIAN_POINT('',(-33.2,8.75,-0.5));
#12696=CARTESIAN_POINT('',(-33.2,20.45,-15.9));
#12697=CARTESIAN_POINT('',(-33.2,24.96,-20.41));
#12698=CARTESIAN_POINT('',(-28.75,22.75,-15.9));
#12699=CARTESIAN_POINT('',(-21.2458589375604,22.75,-15.9));
#12700=CARTESIAN_POINT('',(-21.2458589375604,32.1663753377128,-15.9));
#12701=CARTESIAN_POINT('',(-21.2458589375604,32.1663753377128,-15.9));
#12702=CARTESIAN_POINT('',(-21.2515366403101,32.1609169396064,-15.9));
#12703=CARTESIAN_POINT('',(-21.2572142970868,32.1554584936825,-15.9));
#12704=CARTESIAN_POINT('',(-21.2628919079512,32.1500000000008,-15.9));
#12705=CARTESIAN_POINT('',(-5.5,3.55,20.55));
#12706=CARTESIAN_POINT('',(-5.5,3.55,20.55));
#12707=CARTESIAN_POINT('',(-5.5,3.55,19.6039110455239));
#12708=CARTESIAN_POINT('',(-5.5,3.55,21.05));
#12709=CARTESIAN_POINT('',(-5.5,3.55,21.05));
#12710=CARTESIAN_POINT('',(-5.5,8.25,21.05));
#12711=CARTESIAN_POINT('',(-5.5,8.25,20.55));
#12712=CARTESIAN_POINT('',(-5.5,3.49809832794553,19.55));
#12713=CARTESIAN_POINT('',(-5.5,3.51539797970087,19.5679712203507));
#12714=CARTESIAN_POINT('',(-5.5,3.53269853944835,19.585941566552));
#12715=CARTESIAN_POINT('',(-5.5,3.55,19.6039110455239));
#12716=CARTESIAN_POINT('',(0.,3.55,0.));
#12717=CARTESIAN_POINT('',(4.35959774397682,3.55,10.525));
#12718=CARTESIAN_POINT('',(-21.05,3.55,21.05));
#12719=CARTESIAN_POINT('',(-22.2571067811866,3.55,21.55));
#12720=CARTESIAN_POINT('',(6.77789868571913E-15,3.55,21.05));
#12721=CARTESIAN_POINT('',(3.03576608295941E-15,3.55,-4.33680868994202E-15));
#12722=CARTESIAN_POINT('',(-16.849531230304,3.55,11.4305129193674));
#12723=CARTESIAN_POINT('',(-22.6632073382252,3.55,5.28558935631099));
#12724=CARTESIAN_POINT('',(-22.3195790078166,3.55,5.64879669453616));
#12725=CARTESIAN_POINT('',(-21.2075109626049,3.55,8.44235360554863));
#12726=CARTESIAN_POINT('',(-22.8,3.55,4.44196102590242));
#12727=CARTESIAN_POINT('',(-22.8,3.55,0.));
#12728=CARTESIAN_POINT('',(-22.8,3.55,0.5));
#12729=CARTESIAN_POINT('',(-36.9,3.55,0.5));
#12730=CARTESIAN_POINT('',(-36.3965657720615,3.55,0.5));
#12731=CARTESIAN_POINT('',(-1.7347234759768E-15,3.55,1.7347234759768E-15));
#12732=CARTESIAN_POINT('',(-26.0898118599202,3.55,25.3827050787336));
#12733=CARTESIAN_POINT('',(-0.353553390593277,3.55,-0.353553390593277));
#12734=CARTESIAN_POINT('',(-26.9,6.55,-6.));
#12735=CARTESIAN_POINT('',(-26.9,6.55,-6.48068849522205));
#12736=CARTESIAN_POINT('',(-26.9,6.55,-6.));
#12737=CARTESIAN_POINT('',(-26.9,7.35,-6.));
#12738=CARTESIAN_POINT('',(-26.9,6.55,2.5));
#12739=CARTESIAN_POINT('',(-26.9,34.35,-6.));
#12740=CARTESIAN_POINT('',(-26.9,34.35,-6.48068849522205));
#12741=CARTESIAN_POINT('',(-26.9,34.35,-6.));
#12742=CARTESIAN_POINT('',(-26.9,35.15,-6.));
#12743=CARTESIAN_POINT('',(-26.9,34.35,2.5));
#12744=CARTESIAN_POINT('',(-28.7,32.148,-6.72));
#12745=CARTESIAN_POINT('',(-24.2,32.148,-6.72));
#12746=CARTESIAN_POINT('',(-24.2,32.65,-6.72));
#12747=CARTESIAN_POINT('',(-24.2,36.25,-6.72));
#12748=CARTESIAN_POINT('',(-28.7,32.65,-6.72));
#12749=CARTESIAN_POINT('',(-28.7,36.25,-6.72));
#12750=CARTESIAN_POINT('',(-24.2,32.148,-9.72));
#12751=CARTESIAN_POINT('',(-24.2,32.148,-12.72));
#12752=CARTESIAN_POINT('',(-24.2,32.65,-12.72));
#12753=CARTESIAN_POINT('',(-24.2,36.25,-12.72));
#12754=CARTESIAN_POINT('',(-24.2,32.65,-6.72));
#12755=CARTESIAN_POINT('',(-24.2,36.25,-12.72));
#12756=CARTESIAN_POINT('',(-28.7,32.148,-12.72));
#12757=CARTESIAN_POINT('',(-24.2,32.65,-12.72));
#12758=CARTESIAN_POINT('',(-33.2,36.25,-12.72));
#12759=CARTESIAN_POINT('',(-26.9,32.15,-13.22));
#12760=CARTESIAN_POINT('',(-22.8066666666667,31.2566666666667,-14.1133333333333));
#12761=CARTESIAN_POINT('',(-23.7,32.15,-15.9));
#12762=CARTESIAN_POINT('',(-25.7,34.15,-8.22));
#12763=CARTESIAN_POINT('',(-28.7,32.65,-6.72));
#12764=CARTESIAN_POINT('',(-33.7,36.75,2.5));
#12765=CARTESIAN_POINT('',(-31.7,34.75,-11.22));
#12766=CARTESIAN_POINT('',(-36.6066666666667,39.6566666666667,-3.31333333333334));
#12767=CARTESIAN_POINT('',(-33.,36.75,-6.22));
#12768=CARTESIAN_POINT('',(-25.2,35.25,-7.72));
#12769=CARTESIAN_POINT('',(-28.7,36.25,-12.72));
#12770=CARTESIAN_POINT('',(-25.2,35.25,-11.72));
#12771=CARTESIAN_POINT('',(-24.2,36.25,-9.72));
#12772=CARTESIAN_POINT('',(25.741082073425,8.25,-25.741082073425));
#12773=CARTESIAN_POINT('',(26.0898118599202,8.75,-25.3827050787336));
#12774=CARTESIAN_POINT('',(26.2076635163326,8.58333343982849,-25.5005780649966));
#12775=CARTESIAN_POINT('',(26.3255149417047,8.41666677173836,-25.6184511296659));
#12776=CARTESIAN_POINT('',(26.4433661451787,8.25,-25.7363242696391));
#12777=CARTESIAN_POINT('',(25.741082073425,8.25,-25.741082073425));
#12778=CARTESIAN_POINT('',(25.741082073425,8.25,-25.741082073425));
#12779=CARTESIAN_POINT('',(25.741082073425,8.75,-25.741082073425));
#12780=CARTESIAN_POINT('',(26.0922236604383,-3.25,-25.738703174573));
#12781=CARTESIAN_POINT('',(23.8211201128918,8.25,-23.8211201128918));
#12782=CARTESIAN_POINT('',(22.2571067811866,8.75,-21.55));
#12783=CARTESIAN_POINT('',(1.7347234759768E-15,8.75,1.7347234759768E-15));
#12784=CARTESIAN_POINT('',(26.4433661451787,8.25,25.7363242696391));
#12785=CARTESIAN_POINT('',(26.3255149417047,8.41666677173836,25.6184511296659));
#12786=CARTESIAN_POINT('',(26.2076635163326,8.58333343982849,25.5005780649966));
#12787=CARTESIAN_POINT('',(26.0898118599202,8.75,25.3827050787336));
#12788=CARTESIAN_POINT('',(26.0898118599202,-3.75,-25.3827050787336));
#12789=CARTESIAN_POINT('',(26.0898118599202,-3.75,-25.3827050787336));
#12790=CARTESIAN_POINT('',(26.4433661451787,-3.25,-25.7363242696391));
#12791=CARTESIAN_POINT('',(26.3255149417047,-3.41666677173835,-25.6184511296659));
#12792=CARTESIAN_POINT('',(26.2076635163326,-3.58333343982848,-25.5005780649966));
#12793=CARTESIAN_POINT('',(26.0898118599202,-3.75,-25.3827050787336));
#12794=CARTESIAN_POINT('',(21.9035533905933,8.25,-21.9035533905933));
#12795=CARTESIAN_POINT('',(21.05,8.25,-21.55));
#12796=CARTESIAN_POINT('',(21.05,8.25,-21.55));
#12797=CARTESIAN_POINT('',(26.4433661451787,8.25,25.7363242696391));
#12798=CARTESIAN_POINT('',(25.9130682892218,8.49658951207665,25.5643380569041));
#12799=CARTESIAN_POINT('',(26.4433661451787,8.25,25.7363242696391));
#12800=CARTESIAN_POINT('',(26.4433661451787,8.75,25.7363242696391));
#12801=CARTESIAN_POINT('',(26.0922236604383,-3.25,25.738703174573));
#12802=CARTESIAN_POINT('',(1.7347234759768E-15,-3.25,1.7347234759768E-15));
#12803=CARTESIAN_POINT('',(26.0898118599202,-3.75,25.3827050787336));
#12804=CARTESIAN_POINT('',(26.2076635163326,-3.58333343982848,25.5005780649966));
#12805=CARTESIAN_POINT('',(26.3255149417047,-3.41666677173835,25.6184511296659));
#12806=CARTESIAN_POINT('',(26.4433661451787,-3.25,25.7363242696391));
#12807=CARTESIAN_POINT('',(0.353553390593277,-3.75,0.353553390593277));
#12808=CARTESIAN_POINT('',(21.9035533905933,-3.25,-21.9035533905933));
#12809=CARTESIAN_POINT('',(21.05,8.75,-21.55));
#12810=CARTESIAN_POINT('',(21.05,-3.25,-21.55));
#12811=CARTESIAN_POINT('',(10.775,8.25,-21.55));
#12812=CARTESIAN_POINT('',(-21.05,8.75,-21.05));
#12813=CARTESIAN_POINT('',(0.353553390593277,8.75,-0.353553390593277));
#12814=CARTESIAN_POINT('',(21.9035533905933,8.25,21.9035533905933));
#12815=CARTESIAN_POINT('',(26.0898118599202,-3.75,25.3827050787336));
#12816=CARTESIAN_POINT('',(26.0898118599202,-3.75,25.3827050787336));
#12817=CARTESIAN_POINT('',(21.05,-3.25,-21.55));
#12818=CARTESIAN_POINT('',(21.05,-3.75,-21.05));
#12819=CARTESIAN_POINT('',(-21.05,8.25,-21.55));
#12820=CARTESIAN_POINT('',(-21.9035533905933,8.25,-21.9035533905933));
#12821=CARTESIAN_POINT('',(-21.9035533905933,8.25,-21.9035533905933));
#12822=CARTESIAN_POINT('',(21.05,8.25,21.55));
#12823=CARTESIAN_POINT('',(21.05,8.75,21.05));
#12824=CARTESIAN_POINT('',(21.9035533905933,8.25,21.9035533905933));
#12825=CARTESIAN_POINT('',(21.9035533905933,8.75,21.9035533905933));
#12826=CARTESIAN_POINT('',(21.9035533905933,-3.25,21.9035533905933));
#12827=CARTESIAN_POINT('',(23.8211201128918,-3.25,23.8211201128918));
#12828=CARTESIAN_POINT('',(22.2571067811866,-3.75,21.55));
#12829=CARTESIAN_POINT('',(-6.77789868571913E-15,-3.75,-21.05));
#12830=CARTESIAN_POINT('',(-21.05,-3.25,-21.55));
#12831=CARTESIAN_POINT('',(-21.9035533905933,8.75,-21.9035533905933));
#12832=CARTESIAN_POINT('',(-21.9035533905933,-3.25,-21.9035533905933));
#12833=CARTESIAN_POINT('',(-0.353553390593277,8.75,0.353553390593277));
#12834=CARTESIAN_POINT('',(-25.9130682892218,8.49658951207665,-25.5643380569041));
#12835=CARTESIAN_POINT('',(19.3791591915271,8.25,8.02922340081642));
#12836=CARTESIAN_POINT('',(21.9563716695915,8.25,5.3051683641276));
#12837=CARTESIAN_POINT('',(16.8433668298292,8.60456567411402,11.2254128120189));
#12838=CARTESIAN_POINT('',(21.9563716695915,8.75,5.3051683641276));
#12839=CARTESIAN_POINT('',(21.9563716695915,8.25,5.3051683641276));
#12840=CARTESIAN_POINT('',(21.9563716695915,-3.25,5.3051683641276));
#12841=CARTESIAN_POINT('',(22.8,-3.75,0.));
#12842=CARTESIAN_POINT('',(22.8,-3.75,-4.44196102590242));
#12843=CARTESIAN_POINT('',(22.3,-3.25,4.44196102590242));
#12844=CARTESIAN_POINT('',(21.9563716695915,-3.25,5.3051683641276));
#12845=CARTESIAN_POINT('',(22.3195790078166,-3.75,5.64879669453617));
#12846=CARTESIAN_POINT('',(16.1952881120454,8.25,11.4963099718058));
#12847=CARTESIAN_POINT('',(16.1952881120454,8.25,11.4963099718058));
#12848=CARTESIAN_POINT('',(16.4172908169554,8.40953475847427,11.4591758543507));
#12849=CARTESIAN_POINT('',(16.6346265301374,8.57755686922781,11.4401326524374));
#12850=CARTESIAN_POINT('',(16.8495312303039,8.75,11.4305129193674));
#12851=CARTESIAN_POINT('',(16.1952881120454,8.25,11.4963099718058));
#12852=CARTESIAN_POINT('',(-5.,8.75,0.));
#12853=CARTESIAN_POINT('',(-5.25,8.5,21.05));
#12854=CARTESIAN_POINT('',(-11.6833333333333,2.06666666666667,13.3666666666667));
#12855=CARTESIAN_POINT('',(-10.775,8.25,21.55));
#12856=CARTESIAN_POINT('',(-5.,8.25,21.55));
#12857=CARTESIAN_POINT('',(21.9035533905933,-3.25,21.9035533905933));
#12858=CARTESIAN_POINT('',(21.05,-3.25,21.55));
#12859=CARTESIAN_POINT('',(-21.9035533905933,-3.25,-21.9035533905933));
#12860=CARTESIAN_POINT('',(-22.2571067811866,-3.75,-21.55));
#12861=CARTESIAN_POINT('',(-26.4433661451787,8.25,-25.7363242696391));
#12862=CARTESIAN_POINT('',(-26.4433661451787,8.25,-25.7363242696391));
#12863=CARTESIAN_POINT('',(-26.3255149417047,8.41666677173836,-25.6184511296659));
#12864=CARTESIAN_POINT('',(-26.2076635163326,8.58333343982849,-25.5005780649966));
#12865=CARTESIAN_POINT('',(-26.0898118599202,8.75,-25.3827050787336));
#12866=CARTESIAN_POINT('',(-26.4433661451787,8.25,-25.7363242696391));
#12867=CARTESIAN_POINT('',(22.3,8.25,4.44196102590242));
#12868=CARTESIAN_POINT('',(22.8,8.75,4.44196102590242));
#12869=CARTESIAN_POINT('',(22.3,-3.25,-4.44196102590242));
#12870=CARTESIAN_POINT('',(22.3,-3.25,-4.44196102590242));
#12871=CARTESIAN_POINT('',(21.9563716695915,-3.25,-5.30516836412759));
#12872=CARTESIAN_POINT('',(14.5976246649646,-3.75,13.810726997049));
#12873=CARTESIAN_POINT('',(16.8495312303039,-3.75,11.4305129193674));
#12874=CARTESIAN_POINT('',(16.1952881120454,8.75,11.4963099718058));
#12875=CARTESIAN_POINT('',(16.4910438847285,-3.25,11.1361393647194));
#12876=CARTESIAN_POINT('',(-3.03576608295941E-15,8.25,-4.33680868994202E-15));
#12877=CARTESIAN_POINT('',(4.12649172571308,8.75,19.9382896537902));
#12878=CARTESIAN_POINT('',(1.75,8.25,19.55));
#12879=CARTESIAN_POINT('',(3.03553390593274,8.25,19.55));
#12880=CARTESIAN_POINT('',(-5.,8.25,21.55));
#12881=CARTESIAN_POINT('',(-5.,8.25,21.55));
#12882=CARTESIAN_POINT('',(6.77789868571913E-15,-3.75,21.05));
#12883=CARTESIAN_POINT('',(-21.05,-3.75,21.05));
#12884=CARTESIAN_POINT('',(-23.8211201128918,-3.25,-23.8211201128918));
#12885=CARTESIAN_POINT('',(-25.741082073425,-3.25,-25.741082073425));
#12886=CARTESIAN_POINT('',(-26.4433661451787,8.75,-25.7363242696391));
#12887=CARTESIAN_POINT('',(-25.741082073425,-3.25,-25.741082073425));
#12888=CARTESIAN_POINT('',(-1.7347234759768E-15,8.25,1.7347234759768E-15));
#12889=CARTESIAN_POINT('',(-31.5117692299242,8.75,-18.22));
#12890=CARTESIAN_POINT('',(-26.2665599574705,9.25,-17.72));
#12891=CARTESIAN_POINT('',(-31.8706904467606,9.25,-17.72));
#12892=CARTESIAN_POINT('',(-31.7510500411485,9.08333333333333,-17.8866666666667));
#12893=CARTESIAN_POINT('',(-31.6314096355364,8.91666666666667,-18.0533333333333));
#12894=CARTESIAN_POINT('',(-31.5117692299242,8.75,-18.22));
#12895=CARTESIAN_POINT('',(22.3,8.25,2.47098051295121));
#12896=CARTESIAN_POINT('',(22.3,8.25,-4.44196102590242));
#12897=CARTESIAN_POINT('',(22.3,8.75,-4.44196102590242));
#12898=CARTESIAN_POINT('',(22.3,8.25,-4.44196102590242));
#12899=CARTESIAN_POINT('',(19.3791591915271,-3.25,-8.02922340081642));
#12900=CARTESIAN_POINT('',(16.8433668298292,-3.60456567411405,-11.2254128120189));
#12901=CARTESIAN_POINT('',(16.8495312303039,-3.75,11.4305129193674));
#12902=CARTESIAN_POINT('',(16.8495312303039,-3.75,11.4305129193674));
#12903=CARTESIAN_POINT('',(16.6346265301374,-3.57755686922781,11.4401326524374));
#12904=CARTESIAN_POINT('',(16.4172908169554,-3.40953475847428,11.4591758543507));
#12905=CARTESIAN_POINT('',(16.1952881120454,-3.25,11.4963099718058));
#12906=CARTESIAN_POINT('',(4.025157642718,8.25,19.4486659170049));
#12907=CARTESIAN_POINT('',(3.03553390593274,8.25,19.55));
#12908=CARTESIAN_POINT('',(-5.5,3.55,21.05));
#12909=CARTESIAN_POINT('',(-6.925,4.975,19.625));
#12910=CARTESIAN_POINT('',(-21.05,-3.25,21.55));
#12911=CARTESIAN_POINT('',(-21.05,-3.25,21.55));
#12912=CARTESIAN_POINT('',(-21.9035533905933,-3.25,21.9035533905933));
#12913=CARTESIAN_POINT('',(-25.741082073425,-3.25,-25.741082073425));
#12914=CARTESIAN_POINT('',(-26.0898118599202,-3.75,-25.3827050787336));
#12915=CARTESIAN_POINT('',(-26.2076635163326,-3.58333343982848,-25.5005780649966));
#12916=CARTESIAN_POINT('',(-26.3255149417047,-3.41666677173835,-25.6184511296659));
#12917=CARTESIAN_POINT('',(-26.4433661451787,-3.25,-25.7363242696391));
#12918=CARTESIAN_POINT('',(-31.5117692299242,8.75,-18.22));
#12919=CARTESIAN_POINT('',(-31.8706904467606,9.25,-17.72));
#12920=CARTESIAN_POINT('',(-31.9446232028628,8.25,-18.4702747252747));
#12921=CARTESIAN_POINT('',(-32.6048124030471,9.25,-17.2782003739425));
#12922=CARTESIAN_POINT('',(-31.9532030708973,8.24008918876702,-18.4752355763919));
#12923=CARTESIAN_POINT('',(-32.6193638913086,9.25,-17.2694431885492));
#12924=CARTESIAN_POINT('',(-32.6048124030471,9.25,-17.2782003739425));
#12925=CARTESIAN_POINT('',(21.9563716695915,8.25,-5.30516836412759));
#12926=CARTESIAN_POINT('',(22.3195790078166,8.75,-5.64879669453617));
#12927=CARTESIAN_POINT('',(16.1952881120454,-3.25,-11.4963099718057));
#12928=CARTESIAN_POINT('',(16.1952881120454,-3.25,-11.4963099718057));
#12929=CARTESIAN_POINT('',(16.4172908169555,-3.40953475847427,-11.4591758543507));
#12930=CARTESIAN_POINT('',(16.6346265301374,-3.57755686922782,-11.4401326524374));
#12931=CARTESIAN_POINT('',(16.8495312303039,-3.75,-11.4305129193674));
#12932=CARTESIAN_POINT('',(16.1952881120454,-3.25,-11.4963099718057));
#12933=CARTESIAN_POINT('',(-3.03576608295941E-15,-3.75,-4.33680868994202E-15));
#12934=CARTESIAN_POINT('',(4.025157642718,-3.25,19.4486659170049));
#12935=CARTESIAN_POINT('',(3.03553390593274,8.75,19.55));
#12936=CARTESIAN_POINT('',(3.03553390593274,-3.25,19.55));
#12937=CARTESIAN_POINT('',(-10.775,3.05,21.55));
#12938=CARTESIAN_POINT('',(-21.05,3.05,21.55));
#12939=CARTESIAN_POINT('',(-21.05,8.75,21.55));
#12940=CARTESIAN_POINT('',(-21.05,3.05,21.55));
#12941=CARTESIAN_POINT('',(-0.353553390593277,-3.75,-0.353553390593277));
#12942=CARTESIAN_POINT('',(-25.741082073425,-3.25,25.741082073425));
#12943=CARTESIAN_POINT('',(-1.7347234759768E-15,-3.75,1.7347234759768E-15));
#12944=CARTESIAN_POINT('',(-26.4433661451787,-3.25,25.7363242696391));
#12945=CARTESIAN_POINT('',(-26.3255149417047,-3.41666677173835,25.6184511296659));
#12946=CARTESIAN_POINT('',(-26.2076635163326,-3.58333343982848,25.5005780649966));
#12947=CARTESIAN_POINT('',(-26.0898118599202,-3.75,25.3827050787336));
#12948=CARTESIAN_POINT('',(-32.6048124030471,8.75,-17.2782003739425));
#12949=CARTESIAN_POINT('',(-32.6048124030471,36.25,-17.2782003739425));
#12950=CARTESIAN_POINT('',(-33.,36.75,-17.22));
#12951=CARTESIAN_POINT('',(-20.1662912164108,36.25,-17.72));
#12952=CARTESIAN_POINT('',(-20.3987123844065,36.4159072897162,-17.5540927102838));
#12953=CARTESIAN_POINT('',(-20.6300290640674,36.5825810731348,-17.3874189268652));
#12954=CARTESIAN_POINT('',(-20.860272020302,36.75,-17.22));
#12955=CARTESIAN_POINT('',(-32.0055894537981,36.5898327137884,-17.3801672862116));
#12956=CARTESIAN_POINT('',(14.5976246649646,8.75,-13.810726997049));
#12957=CARTESIAN_POINT('',(16.8495312303039,8.75,-11.4305129193674));
#12958=CARTESIAN_POINT('',(16.8283381576327,8.75,-10.7253832806145));
#12959=CARTESIAN_POINT('',(16.4910438847285,8.25,-11.1361393647194));
#12960=CARTESIAN_POINT('',(-3.03576608295941E-15,-3.25,4.33680868994202E-15));
#12961=CARTESIAN_POINT('',(4.12649172571309,-3.75,-19.9382896537902));
#12962=CARTESIAN_POINT('',(3.03553390593274,-3.25,19.55));
#12963=CARTESIAN_POINT('',(3.03553390593274,-3.75,20.05));
#12964=CARTESIAN_POINT('',(-21.9035533905933,3.05,21.9035533905933));
#12965=CARTESIAN_POINT('',(-22.2571067811866,3.55,21.55));
#12966=CARTESIAN_POINT('',(-25.741082073425,-3.25,25.741082073425));
#12967=CARTESIAN_POINT('',(-25.741082073425,-3.25,25.741082073425));
#12968=CARTESIAN_POINT('',(-32.6048124030471,36.25,-17.2782003739425));
#12969=CARTESIAN_POINT('',(-32.6048124030471,36.25,-17.2782003739425));
#12970=CARTESIAN_POINT('',(-32.4264170819441,36.4168069120344,-17.2586017428004));
#12971=CARTESIAN_POINT('',(-32.247872530759,36.5834765694147,-17.2391973850287));
#12972=CARTESIAN_POINT('',(-32.0691689945343,36.75,-17.22));
#12973=CARTESIAN_POINT('',(17.0284675227342,36.25,-4.94196102590242));
#12974=CARTESIAN_POINT('',(-22.3,36.25,-4.94196102590242));
#12975=CARTESIAN_POINT('',(16.8495312303039,8.75,-11.4305129193674));
#12976=CARTESIAN_POINT('',(16.8495312303039,8.75,-11.4305129193674));
#12977=CARTESIAN_POINT('',(16.6346265301374,8.57755686922782,-11.4401326524374));
#12978=CARTESIAN_POINT('',(16.4172908169555,8.40953475847427,-11.4591758543507));
#12979=CARTESIAN_POINT('',(16.1952881120454,8.25,-11.4963099718057));
#12980=CARTESIAN_POINT('',(4.02515764271801,-3.25,-19.4486659170049));
#12981=CARTESIAN_POINT('',(4.02515764271801,-3.25,-19.4486659170049));
#12982=CARTESIAN_POINT('',(3.03553390593274,-3.25,-19.55));
#12983=CARTESIAN_POINT('',(0.,-3.75,20.05));
#12984=CARTESIAN_POINT('',(-3.5,-3.25,19.55));
#12985=CARTESIAN_POINT('',(-3.51480098478354,-3.41666259134025,19.7166625913402));
#12986=CARTESIAN_POINT('',(-3.52950846729563,-3.58332930855087,19.8833293085509));
#12987=CARTESIAN_POINT('',(-3.54412588388371,-3.75,20.05));
#12988=CARTESIAN_POINT('',(3.03576608295941E-15,3.55,-4.33680868994202E-15));
#12989=CARTESIAN_POINT('',(-16.849531230304,3.55,11.4305129193674));
#12990=CARTESIAN_POINT('',(-16.6346265301374,3.37755686922781,11.4401326524374));
#12991=CARTESIAN_POINT('',(-16.4172908169555,3.20953475847428,11.4591758543507));
#12992=CARTESIAN_POINT('',(-16.1952881120454,3.05,11.4963099718057));
#12993=CARTESIAN_POINT('',(-23.8211201128918,3.05,23.8211201128918));
#12994=CARTESIAN_POINT('',(-25.9130682892218,3.29658951207665,25.5643380569041));
#12995=CARTESIAN_POINT('',(-25.741082073425,8.75,25.741082073425));
#12996=CARTESIAN_POINT('',(-26.4433661451787,3.05,25.7363242696391));
#12997=CARTESIAN_POINT('',(-1.7347234759768E-15,36.25,1.7347234759768E-15));
#12998=CARTESIAN_POINT('',(-36.3965657720615,36.75,-0.5));
#12999=CARTESIAN_POINT('',(-36.5632482653901,36.5833334398285,-0.499984917518061));
#13000=CARTESIAN_POINT('',(-36.7299306507901,36.4166667717384,-0.499969616224175));
#13001=CARTESIAN_POINT('',(-36.8966129325324,36.25,-0.499954104776865));
#13002=CARTESIAN_POINT('',(-29.6,36.25,2.53071093307079E-16));
#13003=CARTESIAN_POINT('',(-22.8,36.25,-5.79688730113121E-16));
#13004=CARTESIAN_POINT('',(-36.4000231052411,36.4965895120767,-0.246589512076652));
#13005=CARTESIAN_POINT('',(-22.3,36.25,2.47098051295121));
#13006=CARTESIAN_POINT('',(-22.55,36.5,-0.5));
#13007=CARTESIAN_POINT('',(-20.6004625779732,36.752,-16.3783930378034));
#13008=CARTESIAN_POINT('',(-21.2458589375604,32.1663753377128,-15.9));
#13009=CARTESIAN_POINT('',(-21.0313366042055,32.3288444257448,-16.0590123483126));
#13010=CARTESIAN_POINT('',(-20.8162155239977,32.490075473413,-16.218468511223));
#13011=CARTESIAN_POINT('',(-20.6004625779732,32.65,-16.3783930378034));
#13012=CARTESIAN_POINT('',(-3.03576608295941E-15,8.75,4.33680868994202E-15));
#13013=CARTESIAN_POINT('',(4.02515764271801,8.25,-19.4486659170049));
#13014=CARTESIAN_POINT('',(4.02515764271798,8.75,-19.4486659170049));
#13015=CARTESIAN_POINT('',(4.02515764271798,8.25,-19.4486659170049));
#13016=CARTESIAN_POINT('',(0.,-3.75,-20.05));
#13017=CARTESIAN_POINT('',(-3.03553390593276,-3.75,-20.05));
#13018=CARTESIAN_POINT('',(3.03576608295941E-15,-3.25,-4.33680868994202E-15));
#13019=CARTESIAN_POINT('',(-16.1952881120455,-3.25,11.4963099718057));
#13020=CARTESIAN_POINT('',(-16.4172908169555,-3.40953475847428,11.4591758543507));
#13021=CARTESIAN_POINT('',(-16.6346265301374,-3.57755686922781,11.4401326524374));
#13022=CARTESIAN_POINT('',(-16.849531230304,-3.75,11.4305129193674));
#13023=CARTESIAN_POINT('',(-16.8283381576327,8.75,10.7253832806145));
#13024=CARTESIAN_POINT('',(-16.1952881120454,3.05,11.4963099718057));
#13025=CARTESIAN_POINT('',(-16.8283381576328,-3.25,10.7253832806144));
#13026=CARTESIAN_POINT('',(-16.1952881120454,3.05,11.4963099718057));
#13027=CARTESIAN_POINT('',(-16.8433668298292,3.40456567411404,11.2254128120189));
#13028=CARTESIAN_POINT('',(-26.4433661451787,3.05,25.7363242696391));
#13029=CARTESIAN_POINT('',(-26.0898118599202,3.55,25.3827050787336));
#13030=CARTESIAN_POINT('',(-26.2076635163326,3.38333343982848,25.5005780649966));
#13031=CARTESIAN_POINT('',(-26.3255149417047,3.21666677173836,25.6184511296659));
#13032=CARTESIAN_POINT('',(-26.4433661451787,3.05,25.7363242696391));
#13033=CARTESIAN_POINT('',(-36.8966129325324,36.25,-0.499954104776854));
#13034=CARTESIAN_POINT('',(-36.8966129325324,36.25,-0.499954104776854));
#13035=CARTESIAN_POINT('',(-22.8,36.25,-5.79688730113121E-16));
#13036=CARTESIAN_POINT('',(-22.8,36.25,-5.41356394696036E-16));
#13037=CARTESIAN_POINT('',(17.0284675227342,32.65,-4.94196102590242));
#13038=CARTESIAN_POINT('',(-22.7999999999794,32.15,-4.94196102590242));
#13039=CARTESIAN_POINT('',(3.03553390593274,8.25,-19.55));
#13040=CARTESIAN_POINT('',(3.03553390593274,8.75,-20.05));
#13041=CARTESIAN_POINT('',(-3.03553390593276,-3.25,-19.55));
#13042=CARTESIAN_POINT('',(-3.03553390593276,-3.25,-19.55));
#13043=CARTESIAN_POINT('',(-4.02515764271801,-3.25,-19.4486659170049));
#13044=CARTESIAN_POINT('',(-16.8283381576328,-3.25,10.7253832806144));
#13045=CARTESIAN_POINT('',(-16.8283381576328,-3.25,10.7253832806144));
#13046=CARTESIAN_POINT('',(-19.3791591915271,3.05,8.02922340081641));
#13047=CARTESIAN_POINT('',(-22.3195790078166,3.55,5.64879669453616));
#13048=CARTESIAN_POINT('',(-1.7347234759768E-15,3.05,1.7347234759768E-15));
#13049=CARTESIAN_POINT('',(-36.8965185986008,3.05,0.506868131868133));
#13050=CARTESIAN_POINT('',(-36.4033873783966,8.75,1.08624575093837E-15));
#13051=CARTESIAN_POINT('',(-36.4033873783966,4.05,1.08624575093837E-15));
#13052=CARTESIAN_POINT('',(-22.3,8.75,-0.5));
#13053=CARTESIAN_POINT('',(-22.3,32.65,-0.5));
#13054=CARTESIAN_POINT('',(-22.8,32.15,-15.9));
#13055=CARTESIAN_POINT('',(-22.3,32.65,-0.5));
#13056=CARTESIAN_POINT('',(-1.75,8.25,-19.55));
#13057=CARTESIAN_POINT('',(-3.03553390593276,8.25,-19.55));
#13058=CARTESIAN_POINT('',(-3.03553390593276,8.75,-19.55));
#13059=CARTESIAN_POINT('',(-3.03553390593276,8.25,-19.55));
#13060=CARTESIAN_POINT('',(3.03576608295941E-15,-3.75,4.33680868994202E-15));
#13061=CARTESIAN_POINT('',(-16.849531230304,-3.75,-11.4305129193674));
#13062=CARTESIAN_POINT('',(-16.6346265301374,-3.57755686922781,-11.4401326524374));
#13063=CARTESIAN_POINT('',(-16.4172908169555,-3.40953475847428,-11.4591758543507));
#13064=CARTESIAN_POINT('',(-16.1952881120455,-3.25,-11.4963099718057));
#13065=CARTESIAN_POINT('',(-19.3791591915271,-3.25,8.02922340081641));
#13066=CARTESIAN_POINT('',(-21.9563716695915,-3.25,5.30516836412759));
#13067=CARTESIAN_POINT('',(-22.3,8.75,4.44196102590242));
#13068=CARTESIAN_POINT('',(-22.3,3.05,4.44196102590242));
#13069=CARTESIAN_POINT('',(-22.3,-3.25,4.44196102590242));
#13070=CARTESIAN_POINT('',(-21.9563716695915,3.05,5.30516836412759));
#13071=CARTESIAN_POINT('',(-22.3,3.05,4.44196102590242));
#13072=CARTESIAN_POINT('',(-36.4033873783966,4.05,1.08624575093837E-15));
#13073=CARTESIAN_POINT('',(-36.3965657720615,3.55,0.5));
#13074=CARTESIAN_POINT('',(-36.8966129325324,4.05,-0.499954104776854));
#13075=CARTESIAN_POINT('',(-36.8965185986008,3.05,0.506868131868133));
#13076=CARTESIAN_POINT('',(-36.903007434667,4.05,-0.506435840289944));
#13077=CARTESIAN_POINT('',(-36.903000317542,3.0435176694709,0.506957174869906));
#13078=CARTESIAN_POINT('',(-36.3965657720615,3.55,0.5));
#13079=CARTESIAN_POINT('',(-36.3988396408398,3.71666666666667,0.333333333333333));
#13080=CARTESIAN_POINT('',(-36.4011135096182,3.88333333333333,0.166666666666668));
#13081=CARTESIAN_POINT('',(-36.4033873783966,4.05,1.08624575093837E-15));
#13082=CARTESIAN_POINT('',(-22.3,32.65,-0.5));
#13083=CARTESIAN_POINT('',(-22.8,32.4,-0.25));
#13084=CARTESIAN_POINT('',(-4.02515764271801,8.25,-19.4486659170049));
#13085=CARTESIAN_POINT('',(-4.12649172571309,8.75,-19.9382896537902));
#13086=CARTESIAN_POINT('',(-16.849531230304,-3.75,-11.4305129193674));
#13087=CARTESIAN_POINT('',(-16.8495312303039,-3.75,-11.4305129193674));
#13088=CARTESIAN_POINT('',(-16.4910438847285,-3.25,-11.1361393647193));
#13089=CARTESIAN_POINT('',(-22.3,-3.25,4.44196102590242));
#13090=CARTESIAN_POINT('',(-22.8,-3.75,4.44196102590242));
#13091=CARTESIAN_POINT('',(-22.3,3.05,2.47098051295121));
#13092=CARTESIAN_POINT('',(-22.8,3.55,0.5));
#13093=CARTESIAN_POINT('',(-29.6,4.05,2.53071093307079E-16));
#13094=CARTESIAN_POINT('',(-22.8,4.05,-5.83844346301597E-16));
#13095=CARTESIAN_POINT('',(-29.6,32.65,2.53071093307079E-16));
#13096=CARTESIAN_POINT('',(-32.3333333333333,31.2833333333333,-1.36666666666667));
#13097=CARTESIAN_POINT('',(3.03576608295941E-15,8.25,4.33680868994202E-15));
#13098=CARTESIAN_POINT('',(-16.1952881120454,8.25,-11.4963099718057));
#13099=CARTESIAN_POINT('',(-16.4172908169555,8.40953475847427,-11.4591758543507));
#13100=CARTESIAN_POINT('',(-16.6346265301374,8.57755686922781,-11.4401326524374));
#13101=CARTESIAN_POINT('',(-16.8495312303039,8.75,-11.4305129193674));
#13102=CARTESIAN_POINT('',(-16.1952881120454,8.75,-11.4963099718057));
#13103=CARTESIAN_POINT('',(-16.4910438847285,8.25,-11.1361393647193));
#13104=CARTESIAN_POINT('',(-14.5976246649646,-3.75,-13.810726997049));
#13105=CARTESIAN_POINT('',(-22.3195790078166,-3.75,-5.64879669453616));
#13106=CARTESIAN_POINT('',(-22.3,-3.25,2.47098051295121));
#13107=CARTESIAN_POINT('',(-22.3,-3.25,-4.44196102590241));
#13108=CARTESIAN_POINT('',(-22.8,4.05,-5.79688730113121E-16));
#13109=CARTESIAN_POINT('',(-22.3,4.05,-0.5));
#13110=CARTESIAN_POINT('',(-33.2,20.45,-0.5));
#13111=CARTESIAN_POINT('',(-29.3,12.65,-4.4));
#13112=CARTESIAN_POINT('',(-16.8495312303039,8.75,-11.4305129193674));
#13113=CARTESIAN_POINT('',(-16.8495312303039,8.75,-11.4305129193674));
#13114=CARTESIAN_POINT('',(-21.9563716695915,-3.25,-5.30516836412759));
#13115=CARTESIAN_POINT('',(-21.9563716695915,-3.25,-5.30516836412759));
#13116=CARTESIAN_POINT('',(-22.8,36.752,-5.7968873011312E-16));
#13117=CARTESIAN_POINT('',(-22.3,8.25,-0.5));
#13118=CARTESIAN_POINT('',(-6.12323399573682E-17,8.75,-0.5));
#13119=CARTESIAN_POINT('',(-22.8,8.5,-0.25));
#13120=CARTESIAN_POINT('',(-19.3791591915271,8.25,-8.02922340081642));
#13121=CARTESIAN_POINT('',(-21.9563716695915,8.25,-5.30516836412759));
#13122=CARTESIAN_POINT('',(-21.9563716695915,8.75,-5.30516836412759));
#13123=CARTESIAN_POINT('',(-21.9563716695915,8.25,-5.30516836412759));
#13124=CARTESIAN_POINT('',(-22.3,8.25,-0.5));
#13125=CARTESIAN_POINT('',(-22.3,8.25,-0.5));
#13126=CARTESIAN_POINT('',(-22.3,8.25,-4.44196102590241));
#13127=CARTESIAN_POINT('',(-22.8,8.75,-4.44196102590241));
#13128=CARTESIAN_POINT('',(-22.8,8.75,0.));
#13129=CARTESIAN_POINT('',(0.,0.,0.));
#13130=CARTESIAN_POINT('',(0.,78.5,-8.93992163377568E-16));
#13131=CARTESIAN_POINT('',(0.,-77.5,-8.93992163377568E-16));
#13132=CARTESIAN_POINT('',(14.6,-77.5,-8.93992163377568E-16));
#13133=CARTESIAN_POINT('',(14.5733129429732,0.980615142779199,0.978734191302344));
#13134=CARTESIAN_POINT('',(14.532943355673,-0.000247184587779726,1.38555620917576));
#13135=CARTESIAN_POINT('',(14.5732614647103,-0.979626404428081,0.979040971994613));
#13136=CARTESIAN_POINT('',(14.6133640860465,-1.38506710605443,0.00106166148368917));
#13137=CARTESIAN_POINT('',(14.5732820966658,-0.980104068317432,-0.97921999572523));
#13138=CARTESIAN_POINT('',(14.532975505464,-0.000226781061677513,-1.38507214094647));
#13139=CARTESIAN_POINT('',(14.5731637545066,0.978282579381131,-0.980490944133541));
#13140=CARTESIAN_POINT('',(14.6133807498528,1.38527468438134,-0.00138263611646803));
#13141=CARTESIAN_POINT('',(14.5733129429732,0.980615142779199,0.978734191302344));
#13142=CARTESIAN_POINT('',(14.532943355673,-0.000247184587779726,1.38555620917576));
#13143=CARTESIAN_POINT('',(14.5732614647103,-0.979626404428081,0.979040971994613));
#13144=CARTESIAN_POINT('',(14.5463913050626,3.89035442908093E-17,1.25));
#13145=CARTESIAN_POINT('',(0.,78.5,-8.93992163377568E-16));
#13146=CARTESIAN_POINT('',(14.6,78.5,-8.93992163377568E-16));
#13147=CARTESIAN_POINT('',(-14.573176848316,0.978732653074423,0.980616773200269));
#13148=CARTESIAN_POINT('',(-14.6133987059448,1.38555701335908,-0.000247188527489423));
#13149=CARTESIAN_POINT('',(-14.573228327905,0.979039293489239,-0.979628019090318));
#13150=CARTESIAN_POINT('',(-14.5329779736454,0.00106189384624075,-1.38506631982411));
#13151=CARTESIAN_POINT('',(-14.5732077027077,-0.97921854107828,-0.980105598193757));
#13152=CARTESIAN_POINT('',(-14.6133665545142,-1.38507293511223,-0.000226699790830614));
#13153=CARTESIAN_POINT('',(-14.5733260367523,-0.98048922226756,0.978284196775627));
#13154=CARTESIAN_POINT('',(-14.53296131241,-0.00138300189440543,1.38527387211663));
#13155=CARTESIAN_POINT('',(-14.573176848316,0.978732653074423,0.980616773200269));
#13156=CARTESIAN_POINT('',(-14.6133987059448,1.38555701335908,-0.000247188527489423));
#13157=CARTESIAN_POINT('',(-14.573228327905,0.979039293489239,-0.979628019090318));
#13158=CARTESIAN_POINT('',(-14.6,1.25,-8.16199865381454E-16));
#13159=CARTESIAN_POINT('',(0.,78.5,-9.85840673313619E-16));
#13160=CARTESIAN_POINT('',(0.,-31.7000017332,-9.85840673313619E-16));
#13161=CARTESIAN_POINT('',(15.5337269432189,-31.7000017332,4.2324138802242));
#13162=CARTESIAN_POINT('',(15.7884202003233,-31.7000017332,-3.15210843373494));
#13163=CARTESIAN_POINT('',(15.5337269432189,-32.7000017332,-4.23241388022419));
#13164=CARTESIAN_POINT('',(15.6328800629441,-32.3746650423723,-3.86850393876617));
#13165=CARTESIAN_POINT('',(15.7172226974699,-32.0403789253479,-3.50872563644066));
#13166=CARTESIAN_POINT('',(15.7884202003233,-31.7000017332,-3.15210843373494));
#13167=CARTESIAN_POINT('',(15.5337269432189,-32.7000017332,-4.23241388022419));
#13168=CARTESIAN_POINT('',(15.5337269432189,78.5,-4.23241388022418));
#13169=CARTESIAN_POINT('',(15.5337269432189,-39.2000017332,-4.23241388022419));
#13170=CARTESIAN_POINT('',(15.7884202003233,-40.2000017332,-3.15210843373494));
#13171=CARTESIAN_POINT('',(15.7172222300117,-39.8596223062531,-3.50872797786601));
#13172=CARTESIAN_POINT('',(15.6328808415912,-39.525340978889,-3.8685010809901));
#13173=CARTESIAN_POINT('',(15.5337269432189,-39.2000017332,-4.23241388022419));
#13174=CARTESIAN_POINT('',(15.7884202003233,-40.2000017332,-3.15210843373494));
#13175=CARTESIAN_POINT('',(0.,-40.2000017332,-9.85840673313619E-16));
#13176=CARTESIAN_POINT('',(15.5337269432189,-40.2000017332,4.2324138802242));
#13177=CARTESIAN_POINT('',(15.5337269432189,78.5,4.2324138802242));
#13178=CARTESIAN_POINT('',(0.,4.,-9.85840673313619E-16));
#13179=CARTESIAN_POINT('',(-15.5971920439993,4.,-3.99219242304345));
#13180=CARTESIAN_POINT('',(-15.5971920439993,4.,3.99219242304349));
#13181=CARTESIAN_POINT('',(-15.5971920439993,78.5,3.9921924230435));
#13182=CARTESIAN_POINT('',(-15.5971920439993,-4.,3.99219242304349));
#13183=CARTESIAN_POINT('',(0.,-4.,-9.85840673313619E-16));
#13184=CARTESIAN_POINT('',(-15.5971920439993,-4.,-3.99219242304345));
#13185=CARTESIAN_POINT('',(-15.5971920439993,78.5,-3.99219242304343));
#13186=CARTESIAN_POINT('',(0.,-4.,-9.85840673313619E-16));
#13187=CARTESIAN_POINT('',(15.5971920439993,-4.,-3.99219242304345));
#13188=CARTESIAN_POINT('',(15.5971920439993,-4.,3.99219242304349));
#13189=CARTESIAN_POINT('',(15.5971920439993,78.5,3.99219242304351));
#13190=CARTESIAN_POINT('',(15.5971920439993,4.,3.99219242304349));
#13191=CARTESIAN_POINT('',(0.,4.,-9.85840673313619E-16));
#13192=CARTESIAN_POINT('',(15.5971920439993,4.,-3.99219242304345));
#13193=CARTESIAN_POINT('',(15.5971920439993,78.5,-3.99219242304344));
#13194=CARTESIAN_POINT('',(0.,78.5,-9.85840673313619E-16));
#13195=CARTESIAN_POINT('',(16.1,78.5,-9.85840673313619E-16));
#13196=CARTESIAN_POINT('',(0.,-78.5,-9.85840673313619E-16));
#13197=CARTESIAN_POINT('',(16.1,-78.5,-9.85840673313619E-16));
#13198=CARTESIAN_POINT('',(0.,78.5,0.));
#13199=CARTESIAN_POINT('',(0.,-78.5,0.));
#13200=CARTESIAN_POINT('',(0.,-78.5,-8.93992163377568E-16));
#13201=CARTESIAN_POINT('',(15.6,-78.5,-8.93992163377568E-16));
#13202=CARTESIAN_POINT('',(-16.102,-3.75,-1.629971452249E-15));
#13203=CARTESIAN_POINT('',(-16.102,-3.75,3.75));
#13204=CARTESIAN_POINT('',(15.9141446518498,-3.75,3.75));
#13205=CARTESIAN_POINT('',(17.35,-3.75,3.75));
#13206=CARTESIAN_POINT('',(0.,-3.75,-9.85840673313619E-16));
#13207=CARTESIAN_POINT('',(15.9141446518498,-3.75,-3.75));
#13208=CARTESIAN_POINT('',(-16.102,-3.75,-3.75));
#13209=CARTESIAN_POINT('',(17.35,-3.75,-3.75));
#13210=CARTESIAN_POINT('',(17.35,-3.75,3.75));
#13211=CARTESIAN_POINT('',(-16.102,4.33680868994202E-16,-3.75));
#13212=CARTESIAN_POINT('',(15.9141446518498,-3.75,-3.75));
#13213=CARTESIAN_POINT('',(15.9124906443591,-3.7516099152576,-3.75));
#13214=CARTESIAN_POINT('',(15.9108366302693,-3.7532198237353,-3.75));
#13215=CARTESIAN_POINT('',(15.9091826095744,-3.75482972542694,-3.75));
#13216=CARTESIAN_POINT('',(15.9091826095744,-3.75482972542694,-3.75));
#13217=CARTESIAN_POINT('',(15.9091826095744,3.75,-3.75));
#13218=CARTESIAN_POINT('',(15.9091826095744,3.75482972542693,-3.75));
#13219=CARTESIAN_POINT('',(15.9091826095745,3.75482972542694,-3.75));
#13220=CARTESIAN_POINT('',(15.9108366302693,3.7532198237353,-3.75));
#13221=CARTESIAN_POINT('',(15.9124906443591,3.7516099152576,-3.75));
#13222=CARTESIAN_POINT('',(15.9141446518498,3.75,-3.75));
#13223=CARTESIAN_POINT('',(15.9141446518498,3.75,-3.75));
#13224=CARTESIAN_POINT('',(-16.102,3.75,-3.75));
#13225=CARTESIAN_POINT('',(17.35,3.75,-3.75));
#13226=CARTESIAN_POINT('',(17.35,-3.75,-3.75));
#13227=CARTESIAN_POINT('',(17.6,0.,1.07768918324967E-15));
#13228=CARTESIAN_POINT('',(17.6,0.,1.07768918324967E-15));
#13229=CARTESIAN_POINT('',(17.6,0.,-1.5));
#13230=CARTESIAN_POINT('',(17.6,3.5,1.07768918324967E-15));
#13231=CARTESIAN_POINT('',(17.6,3.5,-3.5));
#13232=CARTESIAN_POINT('',(17.6,3.5,3.5));
#13233=CARTESIAN_POINT('',(17.6,-8.0953762212251E-16,3.5));
#13234=CARTESIAN_POINT('',(17.6,-3.5,3.5));
#13235=CARTESIAN_POINT('',(17.6,-3.5,-3.75));
#13236=CARTESIAN_POINT('',(17.6,-3.5,-3.5));
#13237=CARTESIAN_POINT('',(17.6,3.75,-3.5));
#13238=CARTESIAN_POINT('',(-16.102,-4.33680868994202E-16,3.75));
#13239=CARTESIAN_POINT('',(-16.102,3.75,3.75));
#13240=CARTESIAN_POINT('',(15.9141446518498,3.75,3.75));
#13241=CARTESIAN_POINT('',(17.35,3.75,3.75));
#13242=CARTESIAN_POINT('',(15.9141446518498,3.75,3.75));
#13243=CARTESIAN_POINT('',(15.9124906443591,3.75160991525759,3.75));
#13244=CARTESIAN_POINT('',(15.9108366302694,3.75321982373528,3.75));
#13245=CARTESIAN_POINT('',(15.9091826095745,3.75482972542691,3.75));
#13246=CARTESIAN_POINT('',(15.9091826095745,3.75482972542691,3.75));
#13247=CARTESIAN_POINT('',(15.9091826095745,1.4614349544075E-15,3.75));
#13248=CARTESIAN_POINT('',(15.9091826095745,-3.75482972542691,3.75));
#13249=CARTESIAN_POINT('',(15.9091826095745,-3.75482972542691,3.75));
#13250=CARTESIAN_POINT('',(15.9108366302694,-3.75321982373528,3.75));
#13251=CARTESIAN_POINT('',(15.9124906443591,-3.75160991525759,3.75));
#13252=CARTESIAN_POINT('',(15.9141446518498,-3.75,3.75));
#13253=CARTESIAN_POINT('',(17.35,-4.33680868994202E-16,3.75));
#13254=CARTESIAN_POINT('',(-16.102,3.75,-1.12088410769297E-16));
#13255=CARTESIAN_POINT('',(0.,3.75,-9.85840673313619E-16));
#13256=CARTESIAN_POINT('',(17.35,3.75,1.93625582548456E-15));
#13257=CARTESIAN_POINT('',(17.6,0.,1.07768918324967E-15));
#13258=CARTESIAN_POINT('',(17.35,0.,1.06238109826033E-15));
#13259=CARTESIAN_POINT('',(17.35,0.,-1.25));
#13260=CARTESIAN_POINT('',(17.6,0.,1.07768918324967E-15));
#13261=CARTESIAN_POINT('',(15.5971920439993,78.5,-3.99219242304345));
#13262=CARTESIAN_POINT('',(15.5971920439993,-4.,-3.99219242304345));
#13263=CARTESIAN_POINT('',(15.7015414311231,-3.91899552839359,-3.91118795143704));
#13264=CARTESIAN_POINT('',(15.805530677567,-3.83725658626376,-3.83046305028401));
#13265=CARTESIAN_POINT('',(15.9091826095744,-3.75482972542694,-3.75));
#13266=CARTESIAN_POINT('',(15.5971920439993,4.,-3.99219242304345));
#13267=CARTESIAN_POINT('',(15.7015414311231,3.91899552839359,-3.91118795143704));
#13268=CARTESIAN_POINT('',(15.805530677567,3.83725658626375,-3.83046305028401));
#13269=CARTESIAN_POINT('',(15.9091826095744,3.75482972542693,-3.75));
#13270=CARTESIAN_POINT('',(0.,3.75,-9.85840673313619E-16));
#13271=CARTESIAN_POINT('',(15.5971920439993,4.,3.99219242304349));
#13272=CARTESIAN_POINT('',(15.701541431123,3.91899552839357,3.91118795143706));
#13273=CARTESIAN_POINT('',(15.8055306775671,3.83725658626374,3.83046305028403));
#13274=CARTESIAN_POINT('',(15.9091826095745,3.75482972542691,3.75));
#13275=CARTESIAN_POINT('',(0.,-4.,-9.85840673313619E-16));
#13276=CARTESIAN_POINT('',(15.9091826095745,-3.75482972542691,3.75));
#13277=CARTESIAN_POINT('',(15.8055306775671,-3.83725658626374,3.83046305028403));
#13278=CARTESIAN_POINT('',(15.701541431123,-3.91899552839357,3.91118795143706));
#13279=CARTESIAN_POINT('',(15.5971920439993,-4.,3.99219242304349));
#13280=CARTESIAN_POINT('',(15.9091826095745,78.5,3.75));
#13281=CARTESIAN_POINT('',(17.35,4.33680868994202E-16,-3.75));
#13282=CARTESIAN_POINT('',(18.6,-2.5,-2.5));
#13283=CARTESIAN_POINT('',(18.6,2.5,-2.5));
#13284=CARTESIAN_POINT('',(17.6,3.5,1.07768918324967E-15));
#13285=CARTESIAN_POINT('',(18.7666666666667,2.33333333333333,2.33333333333333));
#13286=CARTESIAN_POINT('',(17.35,-3.75,4.1837278400486E-16));
#13287=CARTESIAN_POINT('',(18.6,-2.5,2.5));
#13288=CARTESIAN_POINT('',(17.6,-8.0953762212251E-16,3.5));
#13289=CARTESIAN_POINT('',(17.602,3.75,-2.03936920705348E-16));
#13290=CARTESIAN_POINT('',(17.602,3.75,3.75));
#13291=CARTESIAN_POINT('',(-15.9141446518498,3.75,3.75));
#13292=CARTESIAN_POINT('',(-17.35,3.75,3.75));
#13293=CARTESIAN_POINT('',(0.,3.75,-9.85840673313619E-16));
#13294=CARTESIAN_POINT('',(-15.9141446518498,3.75,-3.75));
#13295=CARTESIAN_POINT('',(17.602,3.75,-3.75));
#13296=CARTESIAN_POINT('',(-17.35,3.75,-3.75));
#13297=CARTESIAN_POINT('',(-17.35,3.75,3.75));
#13298=CARTESIAN_POINT('',(17.602,4.33680868994202E-16,-3.75));
#13299=CARTESIAN_POINT('',(-15.9141446518498,3.75,-3.75));
#13300=CARTESIAN_POINT('',(-15.9124906443591,3.7516099152576,-3.75));
#13301=CARTESIAN_POINT('',(-15.9108366302693,3.75321982373531,-3.75));
#13302=CARTESIAN_POINT('',(-15.9091826095744,3.75482972542695,-3.75));
#13303=CARTESIAN_POINT('',(-15.9091826095744,3.75482972542694,-3.75));
#13304=CARTESIAN_POINT('',(-15.9091826095744,-1.55023747600667E-15,-3.75));
#13305=CARTESIAN_POINT('',(-15.9091826095744,-3.75482972542695,-3.75));
#13306=CARTESIAN_POINT('',(-15.9091826095744,-3.75482972542695,-3.75));
#13307=CARTESIAN_POINT('',(-15.9108366302693,-3.75321982373531,-3.75));
#13308=CARTESIAN_POINT('',(-15.9124906443591,-3.75160991525761,-3.75));
#13309=CARTESIAN_POINT('',(-15.9141446518498,-3.75,-3.75));
#13310=CARTESIAN_POINT('',(-15.9141446518498,-3.75,-3.75));
#13311=CARTESIAN_POINT('',(17.602,-3.75,-3.75));
#13312=CARTESIAN_POINT('',(-17.35,-3.75,-3.75));
#13313=CARTESIAN_POINT('',(-17.35,4.33680868994202E-16,-3.75));
#13314=CARTESIAN_POINT('',(-17.6,0.,1.07768918324967E-15));
#13315=CARTESIAN_POINT('',(-17.6,0.,1.07768918324967E-15));
#13316=CARTESIAN_POINT('',(-17.6,0.,1.5));
#13317=CARTESIAN_POINT('',(-17.6,-3.5,1.07768918324967E-15));
#13318=CARTESIAN_POINT('',(-17.6,-3.5,-3.5));
#13319=CARTESIAN_POINT('',(-17.6,-3.5,3.5));
#13320=CARTESIAN_POINT('',(-17.6,3.75,3.5));
#13321=CARTESIAN_POINT('',(-17.6,3.5,3.5));
#13322=CARTESIAN_POINT('',(-17.6,3.5,-3.75));
#13323=CARTESIAN_POINT('',(-17.6,3.5,-3.5));
#13324=CARTESIAN_POINT('',(-17.6,8.0953762212251E-16,-3.5));
#13325=CARTESIAN_POINT('',(17.602,-4.33680868994202E-16,3.75));
#13326=CARTESIAN_POINT('',(17.602,-3.75,3.75));
#13327=CARTESIAN_POINT('',(-15.9141446518498,-3.75,3.75));
#13328=CARTESIAN_POINT('',(-17.35,-3.75,3.75));
#13329=CARTESIAN_POINT('',(-15.9141446518498,-3.75,3.75));
#13330=CARTESIAN_POINT('',(-15.9124906443591,-3.75160991525759,3.75));
#13331=CARTESIAN_POINT('',(-15.9108366302694,-3.75321982373529,3.75));
#13332=CARTESIAN_POINT('',(-15.9091826095745,-3.75482972542691,3.75));
#13333=CARTESIAN_POINT('',(-15.9091826095745,-3.75482972542691,3.75));
#13334=CARTESIAN_POINT('',(-15.9091826095745,3.75,3.75));
#13335=CARTESIAN_POINT('',(-15.9091826095745,3.75482972542691,3.75));
#13336=CARTESIAN_POINT('',(-15.9091826095745,3.75482972542691,3.75));
#13337=CARTESIAN_POINT('',(-15.9108366302694,3.75321982373528,3.75));
#13338=CARTESIAN_POINT('',(-15.9124906443591,3.75160991525759,3.75));
#13339=CARTESIAN_POINT('',(-15.9141446518498,3.75,3.75));
#13340=CARTESIAN_POINT('',(-17.35,-3.75,3.75));
#13341=CARTESIAN_POINT('',(17.602,-3.75,-1.72181996218505E-15));
#13342=CARTESIAN_POINT('',(0.,-3.75,-9.85840673313619E-16));
#13343=CARTESIAN_POINT('',(-17.35,-3.75,4.1837278400486E-16));
#13344=CARTESIAN_POINT('',(-17.6,0.,1.07768918324967E-15));
#13345=CARTESIAN_POINT('',(-17.35,0.,1.06238109826033E-15));
#13346=CARTESIAN_POINT('',(-17.35,0.,1.25));
#13347=CARTESIAN_POINT('',(-17.6,0.,1.07768918324967E-15));
#13348=CARTESIAN_POINT('',(-15.9091826095745,78.5,-3.75));
#13349=CARTESIAN_POINT('',(-15.9091826095744,3.75482972542694,-3.75));
#13350=CARTESIAN_POINT('',(-15.805530677567,3.83725658626376,-3.83046305028401));
#13351=CARTESIAN_POINT('',(-15.7015414311231,3.91899552839359,-3.91118795143704));
#13352=CARTESIAN_POINT('',(-15.5971920439993,4.,-3.99219242304345));
#13353=CARTESIAN_POINT('',(-15.9091826095744,-3.75482972542695,-3.75));
#13354=CARTESIAN_POINT('',(-15.805530677567,-3.83725658626376,-3.83046305028401));
#13355=CARTESIAN_POINT('',(-15.7015414311231,-3.91899552839359,-3.91118795143704));
#13356=CARTESIAN_POINT('',(-15.5971920439993,-4.,-3.99219242304345));
#13357=CARTESIAN_POINT('',(0.,4.,-9.85840673313619E-16));
#13358=CARTESIAN_POINT('',(-15.9091826095745,3.75482972542691,3.75));
#13359=CARTESIAN_POINT('',(-15.805530677567,3.83725658626374,3.83046305028403));
#13360=CARTESIAN_POINT('',(-15.701541431123,3.91899552839357,3.91118795143706));
#13361=CARTESIAN_POINT('',(-15.5971920439993,4.,3.99219242304349));
#13362=CARTESIAN_POINT('',(0.,-3.75,-9.85840673313619E-16));
#13363=CARTESIAN_POINT('',(-15.5971920439993,-4.,3.99219242304349));
#13364=CARTESIAN_POINT('',(-15.701541431123,-3.91899552839357,3.91118795143706));
#13365=CARTESIAN_POINT('',(-15.8055306775671,-3.83725658626374,3.83046305028403));
#13366=CARTESIAN_POINT('',(-15.9091826095745,-3.75482972542691,3.75));
#13367=CARTESIAN_POINT('',(-15.5971920439993,78.5,3.99219242304349));
#13368=CARTESIAN_POINT('',(-17.6,8.0953762212251E-16,-3.5));
#13369=CARTESIAN_POINT('',(-18.7666666666667,-2.33333333333333,-2.33333333333333));
#13370=CARTESIAN_POINT('',(-18.7666666666667,2.33333333333333,-2.33333333333333));
#13371=CARTESIAN_POINT('',(-17.35,3.75,1.93625582548456E-15));
#13372=CARTESIAN_POINT('',(-18.6,2.5,2.5));
#13373=CARTESIAN_POINT('',(-17.6,-3.5,1.07768918324967E-15));
#13374=CARTESIAN_POINT('',(-18.7666666666667,-2.33333333333333,2.33333333333333));
#13375=CARTESIAN_POINT('',(-17.35,-4.33680868994202E-16,3.75));
#13376=CARTESIAN_POINT('',(-16.102,-39.7000017332,2.16840434497101E-15));
#13377=CARTESIAN_POINT('',(-16.102,-39.7000017332,3.75));
#13378=CARTESIAN_POINT('',(16.1708843295597,-39.7000017332,3.75));
#13379=CARTESIAN_POINT('',(18.23554835837,-39.7000017332,3.75));
#13380=CARTESIAN_POINT('',(0.,-39.7000017332,-9.85840673313619E-16));
#13381=CARTESIAN_POINT('',(16.278743809029,-39.7000017332,-3.25));
#13382=CARTESIAN_POINT('',(-16.102,-39.7000017332,-3.25));
#13383=CARTESIAN_POINT('',(18.23554835837,-39.7000017332,-3.25));
#13384=CARTESIAN_POINT('',(18.23554835837,-39.7000017332,2.16840434497101E-15));
#13385=CARTESIAN_POINT('',(-16.102,-35.9500017332,-3.75));
#13386=CARTESIAN_POINT('',(-16.102,-39.2000017332,-3.75));
#13387=CARTESIAN_POINT('',(17.73554835837,-39.2000017332,-3.75));
#13388=CARTESIAN_POINT('',(16.1651683680706,-39.2000017332,-3.75));
#13389=CARTESIAN_POINT('',(16.1651683680706,-32.2000017332,-3.75));
#13390=CARTESIAN_POINT('',(16.1651683680706,-32.7000017332,-3.75));
#13391=CARTESIAN_POINT('',(18.23554835837,-32.7000017332,-3.75));
#13392=CARTESIAN_POINT('',(17.73554835837,-32.7000017332,-3.75));
#13393=CARTESIAN_POINT('',(17.73554835837,-39.7000017332,-3.75));
#13394=CARTESIAN_POINT('',(18.23554835837,-35.9500017332,1.7347234759768E-15));
#13395=CARTESIAN_POINT('',(18.23554835837,-35.9500017332,1.30330136150862E-15));
#13396=CARTESIAN_POINT('',(18.23554835837,-35.1500017332,1.30330136150862E-15));
#13397=CARTESIAN_POINT('',(18.23554835837,-32.2000017332,-3.25));
#13398=CARTESIAN_POINT('',(18.23554835837,-32.2000017332,-3.25));
#13399=CARTESIAN_POINT('',(18.23554835837,-32.2000017332,1.7347234759768E-15));
#13400=CARTESIAN_POINT('',(18.23554835837,-32.2000017332,3.75));
#13401=CARTESIAN_POINT('',(18.23554835837,-35.9500017332,3.75));
#13402=CARTESIAN_POINT('',(-16.102,-35.9500017332,3.75));
#13403=CARTESIAN_POINT('',(-16.102,-32.2000017332,3.75));
#13404=CARTESIAN_POINT('',(16.1708843295597,-32.2000017332,3.75));
#13405=CARTESIAN_POINT('',(16.1708843295597,-32.2000017332,3.75));
#13406=CARTESIAN_POINT('',(16.1689790174334,-32.198145674043,3.75));
#13407=CARTESIAN_POINT('',(16.1670736969399,-32.1962896234754,3.75));
#13408=CARTESIAN_POINT('',(16.1651683680706,-32.194433581506,3.75));
#13409=CARTESIAN_POINT('',(16.1651683680706,-32.194433581506,3.75));
#13410=CARTESIAN_POINT('',(16.1651683680706,-35.9500017332,3.75));
#13411=CARTESIAN_POINT('',(16.1651683680706,-39.705569884894,3.75));
#13412=CARTESIAN_POINT('',(16.1651683680706,-39.705569884894,3.75));
#13413=CARTESIAN_POINT('',(16.1670736969399,-39.7037138429246,3.75));
#13414=CARTESIAN_POINT('',(16.1689790174334,-39.701857792357,3.75));
#13415=CARTESIAN_POINT('',(16.1708843295597,-39.7000017332,3.75));
#13416=CARTESIAN_POINT('',(-16.102,-32.2000017332,1.7347234759768E-15));
#13417=CARTESIAN_POINT('',(15.6571868482176,-32.2000017332,-3.25));
#13418=CARTESIAN_POINT('',(16.2787438090289,-32.2000017332,-3.25));
#13419=CARTESIAN_POINT('',(0.,-32.2000017332,-9.85840673313619E-16));
#13420=CARTESIAN_POINT('',(15.23554835837,-35.9500017332,1.30330136150862E-15));
#13421=CARTESIAN_POINT('',(14.7548598631479,-35.9500017332,1.3010426069826E-15));
#13422=CARTESIAN_POINT('',(15.23554835837,-35.9500017332,1.30330136150862E-15));
#13423=CARTESIAN_POINT('',(15.23554835837,-35.1500017332,1.30330136150862E-15));
#13424=CARTESIAN_POINT('',(18.23554835837,-35.9500017332,1.30330136150862E-15));
#13425=CARTESIAN_POINT('',(16.1651683680706,78.5,3.75));
#13426=CARTESIAN_POINT('',(15.5337269432189,-31.7000017332,4.2324138802242));
#13427=CARTESIAN_POINT('',(15.7456450540734,-31.861904696996,4.07051091642819));
#13428=CARTESIAN_POINT('',(15.9560641739749,-32.0268394051224,3.90975316422823));
#13429=CARTESIAN_POINT('',(16.1651683680706,-32.1944335815059,3.75));
#13430=CARTESIAN_POINT('',(15.5337269432189,-40.2000017332,4.2324138802242));
#13431=CARTESIAN_POINT('',(15.7456450540734,-40.038098769404,4.07051091642819));
#13432=CARTESIAN_POINT('',(15.9560641739749,-39.8731640612776,3.90975316422823));
#13433=CARTESIAN_POINT('',(16.1651683680706,-39.705569884894,3.75));
#13434=CARTESIAN_POINT('',(17.73554835837,-35.9500017332,-3.75));
#13435=CARTESIAN_POINT('',(16.6522150250367,-38.1166683998667,-4.83333333333333));
#13436=CARTESIAN_POINT('',(6.45636557224665,-43.9791845193233,-15.0291827861234));
#13437=CARTESIAN_POINT('',(-16.102,-32.7000017332,-3.75));
#13438=CARTESIAN_POINT('',(16.278743809029,-32.2000017332,-3.25));
#13439=CARTESIAN_POINT('',(16.2408853287095,-32.3666683998667,-3.41666666666667));
#13440=CARTESIAN_POINT('',(16.2030268483901,-32.5333350665333,-3.58333333333333));
#13441=CARTESIAN_POINT('',(16.1651683680706,-32.7000017332,-3.75));
#13442=CARTESIAN_POINT('',(0.,-32.2000017332,-9.85840673313619E-16));
#13443=CARTESIAN_POINT('',(15.7884202003233,-31.7000017332,-3.15210843373494));
#13444=CARTESIAN_POINT('',(0.,-40.2000017332,-9.85840673313619E-16));
#13445=CARTESIAN_POINT('',(16.278743809029,-39.7000017332,-3.25));
#13446=CARTESIAN_POINT('',(-16.102,-39.7000017332,-3.25));
#13447=CARTESIAN_POINT('',(16.1651683680706,-39.2000017332,-3.75));
#13448=CARTESIAN_POINT('',(16.2030268483901,-39.3666683998667,-3.58333333333333));
#13449=CARTESIAN_POINT('',(16.2408853287095,-39.5333350665333,-3.41666666666667));
#13450=CARTESIAN_POINT('',(16.278743809029,-39.7000017332,-3.25));
#13451=CARTESIAN_POINT('',(16.2787438090289,-32.2000017332,-3.25));
#13452=CARTESIAN_POINT('',(16.1651683680706,-32.7000017332,-3.75));
#13453=CARTESIAN_POINT('',(15.7884202003233,-31.7000017332,-3.15210843373494));
#13454=CARTESIAN_POINT('',(15.5337269432189,-32.7000017332,-4.23241388022419));
#13455=CARTESIAN_POINT('',(16.1651683680706,-32.7000017332,-3.75));
#13456=CARTESIAN_POINT('',(16.1651683680706,-39.2000017332,-3.75));
#13457=CARTESIAN_POINT('',(16.278743809029,-39.7000017332,-3.25));
#13458=CARTESIAN_POINT('',(15.5337269432189,-39.2000017332,-4.23241388022419));
#13459=CARTESIAN_POINT('',(15.7884202003233,-40.2000017332,-3.15210843373494));
#13460=CARTESIAN_POINT('',(15.5337269432189,-39.2000017332,-4.23241388022419));
#13461=CARTESIAN_POINT('',(15.5337269432189,78.5,-4.23241388022418));
#13462=CARTESIAN_POINT('',(0.,-78.5,-8.93992163377568E-16));
#13463=MECHANICAL_DESIGN_GEOMETRIC_PRESENTATION_REPRESENTATION('',(#8061),
#13466);
#13464=MECHANICAL_DESIGN_GEOMETRIC_PRESENTATION_REPRESENTATION('',(#8062),
#13467);
#13465=MECHANICAL_DESIGN_GEOMETRIC_PRESENTATION_REPRESENTATION('',(#8063),
#13468);
#13466=(
GEOMETRIC_REPRESENTATION_CONTEXT(3)
GLOBAL_UNCERTAINTY_ASSIGNED_CONTEXT((#13469))
GLOBAL_UNIT_ASSIGNED_CONTEXT((#13478,#13475,#13472))
REPRESENTATION_CONTEXT('Part 2','TOP_LEVEL_ASSEMBLY_PART')
);
#13467=(
GEOMETRIC_REPRESENTATION_CONTEXT(3)
GLOBAL_UNCERTAINTY_ASSIGNED_CONTEXT((#13470))
GLOBAL_UNIT_ASSIGNED_CONTEXT((#13479,#13476,#13473))
REPRESENTATION_CONTEXT('Part 3','TOP_LEVEL_ASSEMBLY_PART')
);
#13468=(
GEOMETRIC_REPRESENTATION_CONTEXT(3)
GLOBAL_UNCERTAINTY_ASSIGNED_CONTEXT((#13471))
GLOBAL_UNIT_ASSIGNED_CONTEXT((#13480,#13477,#13474))
REPRESENTATION_CONTEXT('Part 1','TOP_LEVEL_ASSEMBLY_PART')
);
#13469=UNCERTAINTY_MEASURE_WITH_UNIT(LENGTH_MEASURE(0.0202),#13478,
'DISTANCE_ACCURACY_VALUE','Maximum Tolerance applied to model');
#13470=UNCERTAINTY_MEASURE_WITH_UNIT(LENGTH_MEASURE(1.E-5),#13479,
'DISTANCE_ACCURACY_VALUE','Maximum Tolerance applied to model');
#13471=UNCERTAINTY_MEASURE_WITH_UNIT(LENGTH_MEASURE(1.E-5),#13480,
'DISTANCE_ACCURACY_VALUE','Maximum Tolerance applied to model');
#13472=(
NAMED_UNIT(*)
SI_UNIT($,.STERADIAN.)
SOLID_ANGLE_UNIT()
);
#13473=(
NAMED_UNIT(*)
SI_UNIT($,.STERADIAN.)
SOLID_ANGLE_UNIT()
);
#13474=(
NAMED_UNIT(*)
SI_UNIT($,.STERADIAN.)
SOLID_ANGLE_UNIT()
);
#13475=(
NAMED_UNIT(*)
PLANE_ANGLE_UNIT()
SI_UNIT($,.RADIAN.)
);
#13476=(
NAMED_UNIT(*)
PLANE_ANGLE_UNIT()
SI_UNIT($,.RADIAN.)
);
#13477=(
NAMED_UNIT(*)
PLANE_ANGLE_UNIT()
SI_UNIT($,.RADIAN.)
);
#13478=(
LENGTH_UNIT()
NAMED_UNIT(*)
SI_UNIT(.MILLI.,.METRE.)
);
#13479=(
LENGTH_UNIT()
NAMED_UNIT(*)
SI_UNIT(.MILLI.,.METRE.)
);
#13480=(
LENGTH_UNIT()
NAMED_UNIT(*)
SI_UNIT(.MILLI.,.METRE.)
);
#13481=PRODUCT_DEFINITION_SHAPE('','',#13484);
#13482=PRODUCT_DEFINITION_SHAPE('','',#13485);
#13483=PRODUCT_DEFINITION_SHAPE('','',#13486);
#13484=PRODUCT_DEFINITION('','',#13490,#13487);
#13485=PRODUCT_DEFINITION('','',#13491,#13488);
#13486=PRODUCT_DEFINITION('','',#13492,#13489);
#13487=PRODUCT_DEFINITION_CONTEXT('',#13508,'design');
#13488=PRODUCT_DEFINITION_CONTEXT('',#13509,'design');
#13489=PRODUCT_DEFINITION_CONTEXT('',#13510,'design');
#13490=PRODUCT_DEFINITION_FORMATION_WITH_SPECIFIED_SOURCE('','',#13496,
 .NOT_KNOWN.);
#13491=PRODUCT_DEFINITION_FORMATION_WITH_SPECIFIED_SOURCE('','',#13497,
 .NOT_KNOWN.);
#13492=PRODUCT_DEFINITION_FORMATION_WITH_SPECIFIED_SOURCE('','',#13498,
 .NOT_KNOWN.);
#13493=PRODUCT_RELATED_PRODUCT_CATEGORY('','',(#13496));
#13494=PRODUCT_RELATED_PRODUCT_CATEGORY('','',(#13497));
#13495=PRODUCT_RELATED_PRODUCT_CATEGORY('','',(#13498));
#13496=PRODUCT('Part 2','Part 2','Part 2',(#13502));
#13497=PRODUCT('Part 3','Part 3','Part 3',(#13503));
#13498=PRODUCT('Part 1','Part 1','Part 1',(#13504));
#13499=PRODUCT_CATEGORY('','');
#13500=PRODUCT_CATEGORY('','');
#13501=PRODUCT_CATEGORY('','');
#13502=PRODUCT_CONTEXT('',#13508,'mechanical');
#13503=PRODUCT_CONTEXT('',#13509,'mechanical');
#13504=PRODUCT_CONTEXT('',#13510,'mechanical');
#13505=APPLICATION_PROTOCOL_DEFINITION('international standard',
'ap242_managed_model_based_3d_engineering',2020,#13508);
#13506=APPLICATION_PROTOCOL_DEFINITION('international standard',
'ap242_managed_model_based_3d_engineering',2020,#13509);
#13507=APPLICATION_PROTOCOL_DEFINITION('international standard',
'ap242_managed_model_based_3d_engineering',2020,#13510);
#13508=APPLICATION_CONTEXT('managed model based 3d engineering');
#13509=APPLICATION_CONTEXT('managed model based 3d engineering');
#13510=APPLICATION_CONTEXT('managed model based 3d engineering');
ENDSEC;
END-ISO-10303-21;
