ISO-10303-21;
HEADER;
/* Generated by software containing ST-Developer
 * from STEP Tools, Inc. (www.steptools.com) 
 */
/* OPTION: using custom renumber hook */

FILE_DESCRIPTION(
/* description */ ('STEP AP242 Edition 2',
'CAx-IF Rec.Pracs.---Representation and Presentation of Product Manufa
cturing Information (PMI)---4.0---2014-10-13',
'CAx-IF Rec.Pracs.---3D Tessellated Geometry---0.4---2014-09-14','2;1',
'CAx-IF Rec.Pracs.---User Defined Attributes---1.5---2016-08-15'),
/* implementation_level */ '2;1');

FILE_NAME(
/* name */ 'Battery Sled',
/* time_stamp */ '2026-09-06T21:35:34Z',
/* author */ (''),
/* organization */ (''),
/* preprocessor_version */ 'ST-DEVELOPER v20',
/* originating_system */ 'ONSHAPE BY PTC INC, 1.220',
/* authorisation */ '  ');

FILE_SCHEMA (('AP242_MANAGED_MODEL_BASED_3D_ENGINEERING_MIM_LF { 1 0 10303 442 3 1 4 }'));
ENDSEC;

DATA;
#10=SHAPE_REPRESENTATION_RELATIONSHIP('','',#1438,#15);
#11=SHAPE_REPRESENTATION_RELATIONSHIP('','',#1439,#16);
#12=SHAPE_REPRESENTATION_RELATIONSHIP('','',#1440,#17);
#13=SHAPE_REPRESENTATION_RELATIONSHIP('','',#1441,#18);
#14=SHAPE_REPRESENTATION_RELATIONSHIP('','',#1442,#19);
#15=ADVANCED_BREP_SHAPE_REPRESENTATION('',(#1428),#3298);
#16=ADVANCED_BREP_SHAPE_REPRESENTATION('',(#1429),#3299);
#17=ADVANCED_BREP_SHAPE_REPRESENTATION('',(#1430),#3300);
#18=ADVANCED_BREP_SHAPE_REPRESENTATION('',(#1431),#3301);
#19=ADVANCED_BREP_SHAPE_REPRESENTATION('',(#1432),#3302);
#20=B_SPLINE_SURFACE_WITH_KNOTS('',3,1,((#1765,#1766),(#1767,#1768),(#1769,
#1770),(#1771,#1772)),.SURF_OF_LINEAR_EXTRUSION.,.F.,.F.,.F.,(4,4),(2,2),
(6.04293202736868E-16,1.),(0.,1.),.PIECEWISE_BEZIER_KNOTS.);
#21=B_SPLINE_SURFACE_WITH_KNOTS('',3,1,((#1773,#1774),(#1775,#1776),(#1777,
#1778),(#1779,#1780)),.SURF_OF_LINEAR_EXTRUSION.,.F.,.F.,.F.,(4,4),(2,2),
(8.51045527609765E-16,0.999999999999999),(0.,1.),
 .PIECEWISE_BEZIER_KNOTS.);
#22=B_SPLINE_SURFACE_WITH_KNOTS('',3,3,((#1845,#1846,#1847,#1848,#1849,
#1850,#1851,#1852),(#1853,#1854,#1855,#1856,#1857,#1858,#1859,#1860),(#1861,
#1862,#1863,#1864,#1865,#1866,#1867,#1868),(#1869,#1870,#1871,#1872,#1873,
#1874,#1875,#1876),(#1877,#1878,#1879,#1880,#1881,#1882,#1883,#1884),(#1885,
#1886,#1887,#1888,#1889,#1890,#1891,#1892),(#1893,#1894,#1895,#1896,#1897,
#1898,#1899,#1900),(#1901,#1902,#1903,#1904,#1905,#1906,#1907,#1908)),
 .UNSPECIFIED.,.F.,.F.,.F.,(4,2,2,4),(4,2,2,4),(0.,0.25,0.5,1.),(0.,0.25,
0.5,1.),.UNSPECIFIED.);
#23=B_SPLINE_SURFACE_WITH_KNOTS('',3,3,((#1936,#1937,#1938,#1939,#1940,
#1941,#1942,#1943),(#1944,#1945,#1946,#1947,#1948,#1949,#1950,#1951),(#1952,
#1953,#1954,#1955,#1956,#1957,#1958,#1959),(#1960,#1961,#1962,#1963,#1964,
#1965,#1966,#1967),(#1968,#1969,#1970,#1971,#1972,#1973,#1974,#1975),(#1976,
#1977,#1978,#1979,#1980,#1981,#1982,#1983),(#1984,#1985,#1986,#1987,#1988,
#1989,#1990,#1991),(#1992,#1993,#1994,#1995,#1996,#1997,#1998,#1999)),
 .UNSPECIFIED.,.F.,.F.,.F.,(4,2,2,4),(4,2,2,4),(0.,0.25,0.5,1.),(0.,0.25,
0.5,1.),.UNSPECIFIED.);
#24=B_SPLINE_SURFACE_WITH_KNOTS('',3,3,((#2018,#2019,#2020,#2021,#2022,
#2023,#2024,#2025),(#2026,#2027,#2028,#2029,#2030,#2031,#2032,#2033),(#2034,
#2035,#2036,#2037,#2038,#2039,#2040,#2041),(#2042,#2043,#2044,#2045,#2046,
#2047,#2048,#2049),(#2050,#2051,#2052,#2053,#2054,#2055,#2056,#2057),(#2058,
#2059,#2060,#2061,#2062,#2063,#2064,#2065),(#2066,#2067,#2068,#2069,#2070,
#2071,#2072,#2073),(#2074,#2075,#2076,#2077,#2078,#2079,#2080,#2081)),
 .UNSPECIFIED.,.F.,.F.,.F.,(4,2,2,4),(4,2,2,4),(0.,0.25,0.5,1.),(0.,0.25,
0.5,1.),.UNSPECIFIED.);
#25=B_SPLINE_SURFACE_WITH_KNOTS('',3,3,((#2109,#2110,#2111,#2112,#2113,
#2114,#2115,#2116),(#2117,#2118,#2119,#2120,#2121,#2122,#2123,#2124),(#2125,
#2126,#2127,#2128,#2129,#2130,#2131,#2132),(#2133,#2134,#2135,#2136,#2137,
#2138,#2139,#2140),(#2141,#2142,#2143,#2144,#2145,#2146,#2147,#2148),(#2149,
#2150,#2151,#2152,#2153,#2154,#2155,#2156),(#2157,#2158,#2159,#2160,#2161,
#2162,#2163,#2164),(#2165,#2166,#2167,#2168,#2169,#2170,#2171,#2172)),
 .UNSPECIFIED.,.F.,.F.,.F.,(4,2,2,4),(4,2,2,4),(0.,0.25,0.5,1.),(0.,0.25,
0.5,1.),.UNSPECIFIED.);
#26=B_SPLINE_SURFACE_WITH_KNOTS('',3,1,((#2191,#2192),(#2193,#2194),(#2195,
#2196),(#2197,#2198)),.SURF_OF_LINEAR_EXTRUSION.,.F.,.F.,.F.,(4,4),(2,2),
(-8.97143151350772E-17,1.00000000000001),(0.,1.),
 .PIECEWISE_BEZIER_KNOTS.);
#27=B_SPLINE_SURFACE_WITH_KNOTS('',3,3,((#2203,#2204,#2205,#2206,#2207,
#2208,#2209,#2210),(#2211,#2212,#2213,#2214,#2215,#2216,#2217,#2218),(#2219,
#2220,#2221,#2222,#2223,#2224,#2225,#2226),(#2227,#2228,#2229,#2230,#2231,
#2232,#2233,#2234),(#2235,#2236,#2237,#2238,#2239,#2240,#2241,#2242),(#2243,
#2244,#2245,#2246,#2247,#2248,#2249,#2250),(#2251,#2252,#2253,#2254,#2255,
#2256,#2257,#2258),(#2259,#2260,#2261,#2262,#2263,#2264,#2265,#2266)),
 .UNSPECIFIED.,.F.,.F.,.F.,(4,2,2,4),(4,2,2,4),(0.,0.25,0.5,1.),(0.,0.25,
0.5,1.),.UNSPECIFIED.);
#28=B_SPLINE_SURFACE_WITH_KNOTS('',3,1,((#2271,#2272),(#2273,#2274),(#2275,
#2276),(#2277,#2278)),.SURF_OF_LINEAR_EXTRUSION.,.F.,.F.,.F.,(4,4),(2,2),
(-1.07596266004358E-15,1.00000000000001),(0.,1.),
 .PIECEWISE_BEZIER_KNOTS.);
#29=B_SPLINE_SURFACE_WITH_KNOTS('',3,1,((#2283,#2284),(#2285,#2286),(#2287,
#2288),(#2289,#2290)),.SURF_OF_LINEAR_EXTRUSION.,.F.,.F.,.F.,(4,4),(2,2),
(-1.10752379862878E-15,1.00600000000004),(0.,1.),
 .PIECEWISE_BEZIER_KNOTS.);
#30=B_SPLINE_SURFACE_WITH_KNOTS('',3,1,((#2295,#2296),(#2297,#2298),(#2299,
#2300),(#2301,#2302)),.SURF_OF_LINEAR_EXTRUSION.,.F.,.F.,.F.,(4,4),(2,2),
(-3.48642575400701E-16,1.00000000000001),(0.,1.),
 .PIECEWISE_BEZIER_KNOTS.);
#31=B_SPLINE_SURFACE_WITH_KNOTS('',3,3,((#2307,#2308,#2309,#2310,#2311,
#2312,#2313,#2314),(#2315,#2316,#2317,#2318,#2319,#2320,#2321,#2322),(#2323,
#2324,#2325,#2326,#2327,#2328,#2329,#2330),(#2331,#2332,#2333,#2334,#2335,
#2336,#2337,#2338),(#2339,#2340,#2341,#2342,#2343,#2344,#2345,#2346),(#2347,
#2348,#2349,#2350,#2351,#2352,#2353,#2354),(#2355,#2356,#2357,#2358,#2359,
#2360,#2361,#2362),(#2363,#2364,#2365,#2366,#2367,#2368,#2369,#2370)),
 .UNSPECIFIED.,.F.,.F.,.F.,(4,2,2,4),(4,2,2,4),(0.,0.25,0.5,1.),(0.,0.25,
0.5,1.),.UNSPECIFIED.);
#32=B_SPLINE_SURFACE_WITH_KNOTS('',3,1,((#2375,#2376),(#2377,#2378),(#2379,
#2380),(#2381,#2382)),.SURF_OF_LINEAR_EXTRUSION.,.F.,.F.,.F.,(4,4),(2,2),
(-7.7587074600676E-16,1.),(0.,1.),.PIECEWISE_BEZIER_KNOTS.);
#33=B_SPLINE_SURFACE_WITH_KNOTS('',3,1,((#2387,#2388),(#2389,#2390),(#2391,
#2392),(#2393,#2394)),.SURF_OF_LINEAR_EXTRUSION.,.F.,.F.,.F.,(4,4),(2,2),
(-1.47325838601102E-15,1.006),(0.,1.),.PIECEWISE_BEZIER_KNOTS.);
#34=B_SPLINE_SURFACE_WITH_KNOTS('',3,1,((#2456,#2457),(#2458,#2459),(#2460,
#2461),(#2462,#2463)),.SURF_OF_LINEAR_EXTRUSION.,.F.,.F.,.F.,(4,4),(2,2),
(-4.99677214119255E-15,1.),(0.,1.),.PIECEWISE_BEZIER_KNOTS.);
#35=B_SPLINE_SURFACE_WITH_KNOTS('',3,1,((#2464,#2465),(#2466,#2467),(#2468,
#2469),(#2470,#2471)),.SURF_OF_LINEAR_EXTRUSION.,.F.,.F.,.F.,(4,4),(2,2),
(-3.26891642150942E-15,1.),(0.,1.),.PIECEWISE_BEZIER_KNOTS.);
#36=B_SPLINE_SURFACE_WITH_KNOTS('',3,1,((#2700,#2701),(#2702,#2703),(#2704,
#2705),(#2706,#2707)),.SURF_OF_LINEAR_EXTRUSION.,.F.,.F.,.F.,(4,4),(2,2),
(-7.80168592732103E-16,1.),(0.,1.),.PIECEWISE_BEZIER_KNOTS.);
#37=B_SPLINE_SURFACE_WITH_KNOTS('',3,1,((#2716,#2717),(#2718,#2719),(#2720,
#2721),(#2722,#2723)),.SURF_OF_LINEAR_EXTRUSION.,.F.,.F.,.F.,(4,4),(2,2),
(-6.44882184694901E-16,1.),(0.,1.),.PIECEWISE_BEZIER_KNOTS.);
#38=B_SPLINE_SURFACE_WITH_KNOTS('',3,1,((#2754,#2755),(#2756,#2757),(#2758,
#2759),(#2760,#2761)),.SURF_OF_LINEAR_EXTRUSION.,.F.,.F.,.F.,(4,4),(2,2),
(1.16270370372436E-15,1.),(0.,1.),.PIECEWISE_BEZIER_KNOTS.);
#39=B_SPLINE_SURFACE_WITH_KNOTS('',3,3,((#2766,#2767,#2768,#2769,#2770,
#2771,#2772,#2773),(#2774,#2775,#2776,#2777,#2778,#2779,#2780,#2781),(#2782,
#2783,#2784,#2785,#2786,#2787,#2788,#2789),(#2790,#2791,#2792,#2793,#2794,
#2795,#2796,#2797),(#2798,#2799,#2800,#2801,#2802,#2803,#2804,#2805),(#2806,
#2807,#2808,#2809,#2810,#2811,#2812,#2813),(#2814,#2815,#2816,#2817,#2818,
#2819,#2820,#2821),(#2822,#2823,#2824,#2825,#2826,#2827,#2828,#2829),(#2830,
#2831,#2832,#2833,#2834,#2835,#2836,#2837),(#2838,#2839,#2840,#2841,#2842,
#2843,#2844,#2845)),.UNSPECIFIED.,.F.,.F.,.F.,(4,2,2,2,4),(4,2,2,4),(0.,
0.25,0.5,0.75,1.),(0.,0.25,0.75,1.),.UNSPECIFIED.);
#40=B_SPLINE_SURFACE_WITH_KNOTS('',3,1,((#2846,#2847),(#2848,#2849),(#2850,
#2851),(#2852,#2853)),.SURF_OF_LINEAR_EXTRUSION.,.F.,.F.,.F.,(4,4),(2,2),
(-3.55262940264113E-15,1.),(0.,1.),.PIECEWISE_BEZIER_KNOTS.);
#41=B_SPLINE_SURFACE_WITH_KNOTS('',3,3,((#2858,#2859,#2860,#2861,#2862,
#2863,#2864,#2865),(#2866,#2867,#2868,#2869,#2870,#2871,#2872,#2873),(#2874,
#2875,#2876,#2877,#2878,#2879,#2880,#2881),(#2882,#2883,#2884,#2885,#2886,
#2887,#2888,#2889),(#2890,#2891,#2892,#2893,#2894,#2895,#2896,#2897),(#2898,
#2899,#2900,#2901,#2902,#2903,#2904,#2905),(#2906,#2907,#2908,#2909,#2910,
#2911,#2912,#2913),(#2914,#2915,#2916,#2917,#2918,#2919,#2920,#2921),(#2922,
#2923,#2924,#2925,#2926,#2927,#2928,#2929),(#2930,#2931,#2932,#2933,#2934,
#2935,#2936,#2937)),.UNSPECIFIED.,.F.,.F.,.F.,(4,2,2,2,4),(4,2,2,4),(0.,
0.25,0.5,0.75,1.),(0.,0.25,0.75,1.),.UNSPECIFIED.);
#42=B_SPLINE_SURFACE_WITH_KNOTS('',3,1,((#2942,#2943),(#2944,#2945),(#2946,
#2947),(#2948,#2949)),.SURF_OF_LINEAR_EXTRUSION.,.F.,.F.,.F.,(4,4),(2,2),
(-3.46995755402065E-16,1.),(0.,1.),.PIECEWISE_BEZIER_KNOTS.);
#43=B_SPLINE_SURFACE_WITH_KNOTS('',3,1,((#2976,#2977),(#2978,#2979),(#2980,
#2981),(#2982,#2983)),.SURF_OF_LINEAR_EXTRUSION.,.F.,.F.,.F.,(4,4),(2,2),
(-6.95018358693881E-15,1.),(0.,1.),.PIECEWISE_BEZIER_KNOTS.);
#44=B_SPLINE_SURFACE_WITH_KNOTS('',3,3,((#2988,#2989,#2990,#2991,#2992,
#2993,#2994,#2995),(#2996,#2997,#2998,#2999,#3000,#3001,#3002,#3003),(#3004,
#3005,#3006,#3007,#3008,#3009,#3010,#3011),(#3012,#3013,#3014,#3015,#3016,
#3017,#3018,#3019),(#3020,#3021,#3022,#3023,#3024,#3025,#3026,#3027),(#3028,
#3029,#3030,#3031,#3032,#3033,#3034,#3035),(#3036,#3037,#3038,#3039,#3040,
#3041,#3042,#3043),(#3044,#3045,#3046,#3047,#3048,#3049,#3050,#3051),(#3052,
#3053,#3054,#3055,#3056,#3057,#3058,#3059),(#3060,#3061,#3062,#3063,#3064,
#3065,#3066,#3067)),.UNSPECIFIED.,.F.,.F.,.F.,(4,2,2,2,4),(4,2,2,4),(0.,
0.25,0.5,0.75,1.),(0.,0.25,0.75,1.),.UNSPECIFIED.);
#45=B_SPLINE_SURFACE_WITH_KNOTS('',3,1,((#3072,#3073),(#3074,#3075),(#3076,
#3077),(#3078,#3079)),.SURF_OF_LINEAR_EXTRUSION.,.F.,.F.,.F.,(4,4),(2,2),
(-4.27957043413604E-16,1.00000000000001),(0.,1.),
 .PIECEWISE_BEZIER_KNOTS.);
#46=B_SPLINE_SURFACE_WITH_KNOTS('',3,1,((#3080,#3081),(#3082,#3083),(#3084,
#3085),(#3086,#3087)),.SURF_OF_LINEAR_EXTRUSION.,.F.,.F.,.F.,(4,4),(2,2),
(-2.2932104187201E-16,1.),(0.,1.),.PIECEWISE_BEZIER_KNOTS.);
#47=B_SPLINE_SURFACE_WITH_KNOTS('',3,1,((#3092,#3093),(#3094,#3095),(#3096,
#3097),(#3098,#3099)),.SURF_OF_LINEAR_EXTRUSION.,.F.,.F.,.F.,(4,4),(2,2),
(-4.02945325593567E-16,1.00000000000001),(0.,1.),
 .PIECEWISE_BEZIER_KNOTS.);
#48=B_SPLINE_SURFACE_WITH_KNOTS('',3,3,((#3104,#3105,#3106,#3107,#3108,
#3109,#3110,#3111),(#3112,#3113,#3114,#3115,#3116,#3117,#3118,#3119),(#3120,
#3121,#3122,#3123,#3124,#3125,#3126,#3127),(#3128,#3129,#3130,#3131,#3132,
#3133,#3134,#3135),(#3136,#3137,#3138,#3139,#3140,#3141,#3142,#3143),(#3144,
#3145,#3146,#3147,#3148,#3149,#3150,#3151),(#3152,#3153,#3154,#3155,#3156,
#3157,#3158,#3159),(#3160,#3161,#3162,#3163,#3164,#3165,#3166,#3167),(#3168,
#3169,#3170,#3171,#3172,#3173,#3174,#3175),(#3176,#3177,#3178,#3179,#3180,
#3181,#3182,#3183)),.UNSPECIFIED.,.F.,.F.,.F.,(4,2,2,2,4),(4,2,2,4),(0.,
0.25,0.5,0.75,1.),(0.,0.25,0.75,1.),.UNSPECIFIED.);
#49=B_SPLINE_SURFACE_WITH_KNOTS('',3,1,((#3277,#3278),(#3279,#3280),(#3281,
#3282),(#3283,#3284)),.SURF_OF_LINEAR_EXTRUSION.,.F.,.F.,.F.,(4,4),(2,2),
(-4.81966263130178E-15,1.),(0.,1.),.PIECEWISE_BEZIER_KNOTS.);
#50=B_SPLINE_SURFACE_WITH_KNOTS('',3,1,((#3285,#3286),(#3287,#3288),(#3289,
#3290),(#3291,#3292)),.SURF_OF_LINEAR_EXTRUSION.,.F.,.F.,.F.,(4,4),(2,2),
(-3.72028148498904E-16,1.),(0.,1.),.PIECEWISE_BEZIER_KNOTS.);
#51=B_SPLINE_CURVE_WITH_KNOTS('',3,(#1709,#1710,#1711,#1712),
 .UNSPECIFIED.,.F.,.F.,(4,4),(0.,1.),.UNSPECIFIED.);
#52=B_SPLINE_CURVE_WITH_KNOTS('',3,(#1721,#1722,#1723,#1724),
 .UNSPECIFIED.,.F.,.F.,(4,4),(0.,1.),.UNSPECIFIED.);
#53=B_SPLINE_CURVE_WITH_KNOTS('',3,(#1729,#1730,#1731,#1732),
 .UNSPECIFIED.,.F.,.F.,(4,4),(0.,1.),.UNSPECIFIED.);
#54=B_SPLINE_CURVE_WITH_KNOTS('',3,(#1734,#1735,#1736,#1737),
 .UNSPECIFIED.,.F.,.F.,(4,4),(0.,1.),.UNSPECIFIED.);
#55=B_SPLINE_CURVE_WITH_KNOTS('',3,(#1743,#1744,#1745,#1746),
 .UNSPECIFIED.,.F.,.F.,(4,4),(0.,1.),.UNSPECIFIED.);
#56=B_SPLINE_CURVE_WITH_KNOTS('',3,(#1750,#1751,#1752,#1753),
 .UNSPECIFIED.,.F.,.F.,(4,4),(0.,1.),.UNSPECIFIED.);
#57=B_SPLINE_CURVE_WITH_KNOTS('',3,(#1757,#1758,#1759,#1760),
 .UNSPECIFIED.,.F.,.F.,(4,4),(0.,1.),.UNSPECIFIED.);
#58=B_SPLINE_CURVE_WITH_KNOTS('',3,(#1761,#1762,#1763,#1764),
 .UNSPECIFIED.,.F.,.F.,(4,4),(0.,1.),.UNSPECIFIED.);
#59=B_SPLINE_CURVE_WITH_KNOTS('',3,(#1783,#1784,#1785,#1786),
 .UNSPECIFIED.,.F.,.F.,(4,4),(0.,1.),.UNSPECIFIED.);
#60=B_SPLINE_CURVE_WITH_KNOTS('',3,(#1789,#1790,#1791,#1792),
 .UNSPECIFIED.,.F.,.F.,(4,4),(0.,1.),.UNSPECIFIED.);
#61=B_SPLINE_CURVE_WITH_KNOTS('',3,(#1796,#1797,#1798,#1799),
 .UNSPECIFIED.,.F.,.F.,(4,4),(0.,1.),.UNSPECIFIED.);
#62=B_SPLINE_CURVE_WITH_KNOTS('',3,(#1804,#1805,#1806,#1807),
 .UNSPECIFIED.,.F.,.F.,(4,4),(0.,1.),.UNSPECIFIED.);
#63=B_SPLINE_CURVE_WITH_KNOTS('',3,(#1809,#1810,#1811,#1812),
 .UNSPECIFIED.,.F.,.F.,(4,4),(0.,1.),.UNSPECIFIED.);
#64=B_SPLINE_CURVE_WITH_KNOTS('',3,(#1819,#1820,#1821,#1822),
 .UNSPECIFIED.,.F.,.F.,(4,4),(0.,1.),.UNSPECIFIED.);
#65=B_SPLINE_CURVE_WITH_KNOTS('',3,(#1825,#1826,#1827,#1828),
 .UNSPECIFIED.,.F.,.F.,(4,4),(0.,1.),.UNSPECIFIED.);
#66=B_SPLINE_CURVE_WITH_KNOTS('',3,(#1831,#1832,#1833,#1834),
 .UNSPECIFIED.,.F.,.F.,(4,4),(0.,1.),.UNSPECIFIED.);
#67=B_SPLINE_CURVE_WITH_KNOTS('',3,(#1837,#1838,#1839,#1840),
 .UNSPECIFIED.,.F.,.F.,(4,4),(0.,1.),.UNSPECIFIED.);
#68=B_SPLINE_CURVE_WITH_KNOTS('',3,(#1841,#1842,#1843,#1844),
 .UNSPECIFIED.,.F.,.F.,(4,4),(0.,1.),.UNSPECIFIED.);
#69=B_SPLINE_CURVE_WITH_KNOTS('',3,(#1909,#1910,#1911,#1912,#1913,#1914,
#1915,#1916),.UNSPECIFIED.,.F.,.F.,(4,2,2,4),(0.,0.25,0.5,1.),
 .UNSPECIFIED.);
#70=B_SPLINE_CURVE_WITH_KNOTS('',3,(#1919,#1920,#1921,#1922),
 .UNSPECIFIED.,.F.,.F.,(4,4),(0.,1.),.UNSPECIFIED.);
#71=B_SPLINE_CURVE_WITH_KNOTS('',3,(#1923,#1924,#1925,#1926),
 .UNSPECIFIED.,.F.,.F.,(4,4),(0.,1.),.UNSPECIFIED.);
#72=B_SPLINE_CURVE_WITH_KNOTS('',3,(#1928,#1929,#1930,#1931,#1932,#1933,
#1934,#1935),.UNSPECIFIED.,.F.,.F.,(4,2,2,4),(0.,0.25,0.5,1.),
 .UNSPECIFIED.);
#73=B_SPLINE_CURVE_WITH_KNOTS('',3,(#2000,#2001,#2002,#2003),
 .UNSPECIFIED.,.F.,.F.,(4,4),(0.,1.),.UNSPECIFIED.);
#74=B_SPLINE_CURVE_WITH_KNOTS('',3,(#2005,#2006,#2007,#2008),
 .UNSPECIFIED.,.F.,.F.,(4,4),(0.,1.),.UNSPECIFIED.);
#75=B_SPLINE_CURVE_WITH_KNOTS('',3,(#2010,#2011,#2012,#2013,#2014,#2015,
#2016,#2017),.UNSPECIFIED.,.F.,.F.,(4,2,2,4),(0.,0.25,0.5,1.),
 .UNSPECIFIED.);
#76=B_SPLINE_CURVE_WITH_KNOTS('',3,(#2082,#2083,#2084,#2085,#2086,#2087,
#2088,#2089),.UNSPECIFIED.,.F.,.F.,(4,2,2,4),(0.,0.25,0.5,1.),
 .UNSPECIFIED.);
#77=B_SPLINE_CURVE_WITH_KNOTS('',3,(#2092,#2093,#2094,#2095),
 .UNSPECIFIED.,.F.,.F.,(4,4),(0.,1.),.UNSPECIFIED.);
#78=B_SPLINE_CURVE_WITH_KNOTS('',3,(#2096,#2097,#2098,#2099),
 .UNSPECIFIED.,.F.,.F.,(4,4),(0.,1.),.UNSPECIFIED.);
#79=B_SPLINE_CURVE_WITH_KNOTS('',3,(#2101,#2102,#2103,#2104,#2105,#2106,
#2107,#2108),.UNSPECIFIED.,.F.,.F.,(4,2,2,4),(0.,0.25,0.5,1.),
 .UNSPECIFIED.);
#80=B_SPLINE_CURVE_WITH_KNOTS('',3,(#2173,#2174,#2175,#2176),
 .UNSPECIFIED.,.F.,.F.,(4,4),(0.,1.),.UNSPECIFIED.);
#81=B_SPLINE_CURVE_WITH_KNOTS('',3,(#2178,#2179,#2180,#2181),
 .UNSPECIFIED.,.F.,.F.,(4,4),(0.,1.),.UNSPECIFIED.);
#82=B_SPLINE_CURVE_WITH_KNOTS('',3,(#2183,#2184,#2185,#2186,#2187,#2188,
#2189,#2190),.UNSPECIFIED.,.F.,.F.,(4,2,2,4),(0.,0.25,0.5,1.),
 .UNSPECIFIED.);
#83=B_SPLINE_CURVE_WITH_KNOTS('',3,(#2199,#2200,#2201,#2202),
 .UNSPECIFIED.,.F.,.F.,(4,4),(0.,1.),.UNSPECIFIED.);
#84=B_SPLINE_CURVE_WITH_KNOTS('',3,(#2267,#2268,#2269,#2270),
 .UNSPECIFIED.,.F.,.F.,(4,4),(0.,1.),.UNSPECIFIED.);
#85=B_SPLINE_CURVE_WITH_KNOTS('',3,(#2279,#2280,#2281,#2282),
 .UNSPECIFIED.,.F.,.F.,(4,4),(0.,1.),.UNSPECIFIED.);
#86=B_SPLINE_CURVE_WITH_KNOTS('',3,(#2291,#2292,#2293,#2294),
 .UNSPECIFIED.,.F.,.F.,(4,4),(0.,1.),.UNSPECIFIED.);
#87=B_SPLINE_CURVE_WITH_KNOTS('',3,(#2303,#2304,#2305,#2306),
 .UNSPECIFIED.,.F.,.F.,(4,4),(0.,1.),.UNSPECIFIED.);
#88=B_SPLINE_CURVE_WITH_KNOTS('',3,(#2371,#2372,#2373,#2374),
 .UNSPECIFIED.,.F.,.F.,(4,4),(0.,1.),.UNSPECIFIED.);
#89=B_SPLINE_CURVE_WITH_KNOTS('',3,(#2383,#2384,#2385,#2386),
 .UNSPECIFIED.,.F.,.F.,(4,4),(0.,1.),.UNSPECIFIED.);
#90=B_SPLINE_CURVE_WITH_KNOTS('',3,(#2400,#2401,#2402,#2403),
 .UNSPECIFIED.,.F.,.F.,(4,4),(0.,1.),.UNSPECIFIED.);
#91=B_SPLINE_CURVE_WITH_KNOTS('',3,(#2412,#2413,#2414,#2415),
 .UNSPECIFIED.,.F.,.F.,(4,4),(0.,1.),.UNSPECIFIED.);
#92=B_SPLINE_CURVE_WITH_KNOTS('',3,(#2420,#2421,#2422,#2423),
 .UNSPECIFIED.,.F.,.F.,(4,4),(0.,1.),.UNSPECIFIED.);
#93=B_SPLINE_CURVE_WITH_KNOTS('',3,(#2425,#2426,#2427,#2428),
 .UNSPECIFIED.,.F.,.F.,(4,4),(0.,1.),.UNSPECIFIED.);
#94=B_SPLINE_CURVE_WITH_KNOTS('',3,(#2434,#2435,#2436,#2437),
 .UNSPECIFIED.,.F.,.F.,(4,4),(0.,1.),.UNSPECIFIED.);
#95=B_SPLINE_CURVE_WITH_KNOTS('',3,(#2441,#2442,#2443,#2444),
 .UNSPECIFIED.,.F.,.F.,(4,4),(0.,1.),.UNSPECIFIED.);
#96=B_SPLINE_CURVE_WITH_KNOTS('',3,(#2447,#2448,#2449,#2450),
 .UNSPECIFIED.,.F.,.F.,(4,4),(0.,1.),.UNSPECIFIED.);
#97=B_SPLINE_CURVE_WITH_KNOTS('',3,(#2451,#2452,#2453,#2454),
 .UNSPECIFIED.,.F.,.F.,(4,4),(0.,1.),.UNSPECIFIED.);
#98=B_SPLINE_CURVE_WITH_KNOTS('',3,(#2485,#2486,#2487,#2488),
 .UNSPECIFIED.,.F.,.F.,(4,4),(0.,1.),.UNSPECIFIED.);
#99=B_SPLINE_CURVE_WITH_KNOTS('',3,(#2507,#2508,#2509,#2510),
 .UNSPECIFIED.,.F.,.F.,(4,4),(0.,1.),.UNSPECIFIED.);
#100=B_SPLINE_CURVE_WITH_KNOTS('',3,(#2534,#2535,#2536,#2537),
 .UNSPECIFIED.,.F.,.F.,(4,4),(0.,1.),.UNSPECIFIED.);
#101=B_SPLINE_CURVE_WITH_KNOTS('',3,(#2540,#2541,#2542,#2543),
 .UNSPECIFIED.,.F.,.F.,(4,4),(0.,1.),.UNSPECIFIED.);
#102=B_SPLINE_CURVE_WITH_KNOTS('',3,(#2546,#2547,#2548,#2549),
 .UNSPECIFIED.,.F.,.F.,(4,4),(0.,0.158476376923445),.UNSPECIFIED.);
#103=B_SPLINE_CURVE_WITH_KNOTS('',3,(#2558,#2559,#2560,#2561),
 .UNSPECIFIED.,.F.,.F.,(4,4),(0.308009087203819,0.58838291897952),
 .UNSPECIFIED.);
#104=B_SPLINE_CURVE_WITH_KNOTS('',3,(#2569,#2570,#2571,#2572),
 .UNSPECIFIED.,.F.,.F.,(4,4),(0.737915629259894,0.953271028037384),
 .UNSPECIFIED.);
#105=B_SPLINE_CURVE_WITH_KNOTS('',3,(#2574,#2575,#2576,#2577),
 .UNSPECIFIED.,.F.,.F.,(4,4),(0.,1.),.UNSPECIFIED.);
#106=B_SPLINE_CURVE_WITH_KNOTS('',3,(#2581,#2582,#2583,#2584),
 .UNSPECIFIED.,.F.,.F.,(4,4),(0.,1.),.UNSPECIFIED.);
#107=B_SPLINE_CURVE_WITH_KNOTS('',3,(#2586,#2587,#2588,#2589),
 .UNSPECIFIED.,.F.,.F.,(4,4),(0.0657894736842109,0.93421052631579),
 .UNSPECIFIED.);
#108=B_SPLINE_CURVE_WITH_KNOTS('',3,(#2592,#2593,#2594,#2595),
 .UNSPECIFIED.,.F.,.F.,(4,4),(0.,1.),.UNSPECIFIED.);
#109=B_SPLINE_CURVE_WITH_KNOTS('',3,(#2599,#2600,#2601,#2602),
 .UNSPECIFIED.,.F.,.F.,(4,4),(0.,1.),.UNSPECIFIED.);
#110=B_SPLINE_CURVE_WITH_KNOTS('',3,(#2607,#2608,#2609,#2610),
 .UNSPECIFIED.,.F.,.F.,(4,4),(0.841523623076555,1.),.UNSPECIFIED.);
#111=B_SPLINE_CURVE_WITH_KNOTS('',3,(#2612,#2613,#2614,#2615),
 .UNSPECIFIED.,.F.,.F.,(4,4),(0.,1.),.UNSPECIFIED.);
#112=B_SPLINE_CURVE_WITH_KNOTS('',3,(#2619,#2620,#2621,#2622),
 .UNSPECIFIED.,.F.,.F.,(4,4),(0.,1.),.UNSPECIFIED.);
#113=B_SPLINE_CURVE_WITH_KNOTS('',3,(#2624,#2625,#2626,#2627),
 .UNSPECIFIED.,.F.,.F.,(4,4),(0.0467289719626163,0.262084370740106),
 .UNSPECIFIED.);
#114=B_SPLINE_CURVE_WITH_KNOTS('',3,(#2635,#2636,#2637,#2638),
 .UNSPECIFIED.,.F.,.F.,(4,4),(0.41161708102048,0.691990912796181),
 .UNSPECIFIED.);
#115=B_SPLINE_CURVE_WITH_KNOTS('',3,(#2644,#2645,#2646,#2647),
 .UNSPECIFIED.,.F.,.F.,(4,4),(0.,1.),.UNSPECIFIED.);
#116=B_SPLINE_CURVE_WITH_KNOTS('',3,(#2649,#2650,#2651,#2652),
 .UNSPECIFIED.,.F.,.F.,(4,4),(0.,1.),.UNSPECIFIED.);
#117=B_SPLINE_CURVE_WITH_KNOTS('',3,(#2659,#2660,#2661,#2662),
 .UNSPECIFIED.,.F.,.F.,(4,4),(0.,1.),.UNSPECIFIED.);
#118=B_SPLINE_CURVE_WITH_KNOTS('',3,(#2664,#2665,#2666,#2667),
 .UNSPECIFIED.,.F.,.F.,(4,4),(0.0467289719626163,1.),.UNSPECIFIED.);
#119=B_SPLINE_CURVE_WITH_KNOTS('',3,(#2669,#2670,#2671,#2672),
 .UNSPECIFIED.,.F.,.F.,(4,4),(0.0657894736842103,0.934210526315789),
 .UNSPECIFIED.);
#120=B_SPLINE_CURVE_WITH_KNOTS('',3,(#2674,#2675,#2676,#2677),
 .UNSPECIFIED.,.F.,.F.,(4,4),(0.,0.953271028037384),.UNSPECIFIED.);
#121=B_SPLINE_CURVE_WITH_KNOTS('',3,(#2679,#2680,#2681,#2682),
 .UNSPECIFIED.,.F.,.F.,(4,4),(0.,1.),.UNSPECIFIED.);
#122=B_SPLINE_CURVE_WITH_KNOTS('',3,(#2684,#2685,#2686,#2687),
 .UNSPECIFIED.,.F.,.F.,(4,4),(0.,1.),.UNSPECIFIED.);
#123=B_SPLINE_CURVE_WITH_KNOTS('',3,(#2688,#2689,#2690,#2691),
 .UNSPECIFIED.,.F.,.F.,(4,4),(0.,1.),.UNSPECIFIED.);
#124=B_SPLINE_CURVE_WITH_KNOTS('',3,(#2692,#2693,#2694,#2695),
 .UNSPECIFIED.,.F.,.F.,(4,4),(0.,1.),.UNSPECIFIED.);
#125=B_SPLINE_CURVE_WITH_KNOTS('',3,(#2696,#2697,#2698,#2699),
 .UNSPECIFIED.,.F.,.F.,(4,4),(0.,1.),.UNSPECIFIED.);
#126=B_SPLINE_CURVE_WITH_KNOTS('',3,(#2708,#2709,#2710,#2711),
 .UNSPECIFIED.,.F.,.F.,(4,4),(0.,1.),.UNSPECIFIED.);
#127=B_SPLINE_CURVE_WITH_KNOTS('',3,(#2712,#2713,#2714,#2715),
 .UNSPECIFIED.,.F.,.F.,(4,4),(0.,1.),.UNSPECIFIED.);
#128=B_SPLINE_CURVE_WITH_KNOTS('',3,(#2724,#2725,#2726,#2727),
 .UNSPECIFIED.,.F.,.F.,(4,4),(0.,0.00154286064772627),.UNSPECIFIED.);
#129=B_SPLINE_CURVE_WITH_KNOTS('',3,(#2731,#2732,#2733,#2734),
 .UNSPECIFIED.,.F.,.F.,(4,4),(0.,0.00154286064772627),.UNSPECIFIED.);
#130=B_SPLINE_CURVE_WITH_KNOTS('',3,(#2735,#2736,#2737,#2738),
 .UNSPECIFIED.,.F.,.F.,(4,4),(0.,0.00154286064772627),.UNSPECIFIED.);
#131=B_SPLINE_CURVE_WITH_KNOTS('',3,(#2742,#2743,#2744,#2745),
 .UNSPECIFIED.,.F.,.F.,(4,4),(0.,0.00154286064772627),.UNSPECIFIED.);
#132=B_SPLINE_CURVE_WITH_KNOTS('',3,(#2746,#2747,#2748,#2749),
 .UNSPECIFIED.,.F.,.F.,(4,4),(0.,1.),.UNSPECIFIED.);
#133=B_SPLINE_CURVE_WITH_KNOTS('',3,(#2750,#2751,#2752,#2753),
 .UNSPECIFIED.,.F.,.F.,(4,4),(0.,1.),.UNSPECIFIED.);
#134=B_SPLINE_CURVE_WITH_KNOTS('',3,(#2762,#2763,#2764,#2765),
 .UNSPECIFIED.,.F.,.F.,(4,4),(0.,1.),.UNSPECIFIED.);
#135=B_SPLINE_CURVE_WITH_KNOTS('',3,(#2854,#2855,#2856,#2857),
 .UNSPECIFIED.,.F.,.F.,(4,4),(0.,1.),.UNSPECIFIED.);
#136=B_SPLINE_CURVE_WITH_KNOTS('',3,(#2938,#2939,#2940,#2941),
 .UNSPECIFIED.,.F.,.F.,(4,4),(0.,1.),.UNSPECIFIED.);
#137=B_SPLINE_CURVE_WITH_KNOTS('',3,(#2950,#2951,#2952,#2953),
 .UNSPECIFIED.,.F.,.F.,(4,4),(0.,0.0015410213493092),.UNSPECIFIED.);
#138=B_SPLINE_CURVE_WITH_KNOTS('',3,(#2955,#2956,#2957,#2958),
 .UNSPECIFIED.,.F.,.F.,(4,4),(0.,1.),.UNSPECIFIED.);
#139=B_SPLINE_CURVE_WITH_KNOTS('',3,(#2959,#2960,#2961,#2962),
 .UNSPECIFIED.,.F.,.F.,(4,4),(0.,0.0015410213493092),.UNSPECIFIED.);
#140=B_SPLINE_CURVE_WITH_KNOTS('',3,(#2966,#2967,#2968,#2969),
 .UNSPECIFIED.,.F.,.F.,(4,4),(0.,0.0015410213493092),.UNSPECIFIED.);
#141=B_SPLINE_CURVE_WITH_KNOTS('',3,(#2970,#2971,#2972,#2973),
 .UNSPECIFIED.,.F.,.F.,(4,4),(0.,0.0015410213493092),.UNSPECIFIED.);
#142=B_SPLINE_CURVE_WITH_KNOTS('',3,(#2984,#2985,#2986,#2987),
 .UNSPECIFIED.,.F.,.F.,(4,4),(0.,1.),.UNSPECIFIED.);
#143=B_SPLINE_CURVE_WITH_KNOTS('',3,(#3068,#3069,#3070,#3071),
 .UNSPECIFIED.,.F.,.F.,(4,4),(0.,1.),.UNSPECIFIED.);
#144=B_SPLINE_CURVE_WITH_KNOTS('',3,(#3088,#3089,#3090,#3091),
 .UNSPECIFIED.,.F.,.F.,(4,4),(0.,1.),.UNSPECIFIED.);
#145=B_SPLINE_CURVE_WITH_KNOTS('',3,(#3100,#3101,#3102,#3103),
 .UNSPECIFIED.,.F.,.F.,(4,4),(0.,1.),.UNSPECIFIED.);
#146=B_SPLINE_CURVE_WITH_KNOTS('',3,(#3221,#3222,#3223,#3224),
 .UNSPECIFIED.,.F.,.F.,(4,4),(0.,1.),.UNSPECIFIED.);
#147=B_SPLINE_CURVE_WITH_KNOTS('',3,(#3233,#3234,#3235,#3236),
 .UNSPECIFIED.,.F.,.F.,(4,4),(0.,1.),.UNSPECIFIED.);
#148=B_SPLINE_CURVE_WITH_KNOTS('',3,(#3241,#3242,#3243,#3244),
 .UNSPECIFIED.,.F.,.F.,(4,4),(0.,1.),.UNSPECIFIED.);
#149=B_SPLINE_CURVE_WITH_KNOTS('',3,(#3246,#3247,#3248,#3249),
 .UNSPECIFIED.,.F.,.F.,(4,4),(0.,1.),.UNSPECIFIED.);
#150=B_SPLINE_CURVE_WITH_KNOTS('',3,(#3255,#3256,#3257,#3258),
 .UNSPECIFIED.,.F.,.F.,(4,4),(0.,1.),.UNSPECIFIED.);
#151=B_SPLINE_CURVE_WITH_KNOTS('',3,(#3262,#3263,#3264,#3265),
 .UNSPECIFIED.,.F.,.F.,(4,4),(0.,1.),.UNSPECIFIED.);
#152=B_SPLINE_CURVE_WITH_KNOTS('',3,(#3268,#3269,#3270,#3271),
 .UNSPECIFIED.,.F.,.F.,(4,4),(0.,1.),.UNSPECIFIED.);
#153=B_SPLINE_CURVE_WITH_KNOTS('',3,(#3272,#3273,#3274,#3275),
 .UNSPECIFIED.,.F.,.F.,(4,4),(0.,1.),.UNSPECIFIED.);
#154=ORIENTED_EDGE('',*,*,#558,.T.);
#155=ORIENTED_EDGE('',*,*,#559,.T.);
#156=ORIENTED_EDGE('',*,*,#560,.F.);
#157=ORIENTED_EDGE('',*,*,#561,.T.);
#158=ORIENTED_EDGE('',*,*,#562,.T.);
#159=ORIENTED_EDGE('',*,*,#563,.T.);
#160=ORIENTED_EDGE('',*,*,#564,.F.);
#161=ORIENTED_EDGE('',*,*,#565,.F.);
#162=ORIENTED_EDGE('',*,*,#560,.T.);
#163=ORIENTED_EDGE('',*,*,#566,.T.);
#164=ORIENTED_EDGE('',*,*,#564,.T.);
#165=ORIENTED_EDGE('',*,*,#567,.T.);
#166=ORIENTED_EDGE('',*,*,#568,.F.);
#167=ORIENTED_EDGE('',*,*,#569,.F.);
#168=ORIENTED_EDGE('',*,*,#568,.T.);
#169=ORIENTED_EDGE('',*,*,#570,.T.);
#170=ORIENTED_EDGE('',*,*,#571,.F.);
#171=ORIENTED_EDGE('',*,*,#572,.T.);
#172=ORIENTED_EDGE('',*,*,#558,.F.);
#173=ORIENTED_EDGE('',*,*,#573,.T.);
#174=ORIENTED_EDGE('',*,*,#561,.F.);
#175=ORIENTED_EDGE('',*,*,#565,.T.);
#176=ORIENTED_EDGE('',*,*,#569,.T.);
#177=ORIENTED_EDGE('',*,*,#573,.F.);
#178=ORIENTED_EDGE('',*,*,#571,.T.);
#179=ORIENTED_EDGE('',*,*,#574,.T.);
#180=ORIENTED_EDGE('',*,*,#562,.F.);
#181=ORIENTED_EDGE('',*,*,#575,.T.);
#182=ORIENTED_EDGE('',*,*,#563,.F.);
#183=ORIENTED_EDGE('',*,*,#574,.F.);
#184=ORIENTED_EDGE('',*,*,#570,.F.);
#185=ORIENTED_EDGE('',*,*,#567,.F.);
#186=ORIENTED_EDGE('',*,*,#566,.F.);
#187=ORIENTED_EDGE('',*,*,#559,.F.);
#188=ORIENTED_EDGE('',*,*,#572,.F.);
#189=ORIENTED_EDGE('',*,*,#575,.F.);
#190=ORIENTED_EDGE('',*,*,#576,.T.);
#191=ORIENTED_EDGE('',*,*,#577,.T.);
#192=ORIENTED_EDGE('',*,*,#578,.F.);
#193=ORIENTED_EDGE('',*,*,#579,.T.);
#194=ORIENTED_EDGE('',*,*,#580,.F.);
#195=ORIENTED_EDGE('',*,*,#581,.T.);
#196=ORIENTED_EDGE('',*,*,#582,.T.);
#197=ORIENTED_EDGE('',*,*,#583,.T.);
#198=ORIENTED_EDGE('',*,*,#584,.F.);
#199=ORIENTED_EDGE('',*,*,#585,.T.);
#200=ORIENTED_EDGE('',*,*,#580,.T.);
#201=ORIENTED_EDGE('',*,*,#586,.T.);
#202=ORIENTED_EDGE('',*,*,#587,.T.);
#203=ORIENTED_EDGE('',*,*,#588,.T.);
#204=ORIENTED_EDGE('',*,*,#584,.T.);
#205=ORIENTED_EDGE('',*,*,#589,.F.);
#206=ORIENTED_EDGE('',*,*,#578,.T.);
#207=ORIENTED_EDGE('',*,*,#590,.T.);
#208=ORIENTED_EDGE('',*,*,#589,.T.);
#209=ORIENTED_EDGE('',*,*,#586,.F.);
#210=ORIENTED_EDGE('',*,*,#583,.F.);
#211=ORIENTED_EDGE('',*,*,#591,.T.);
#212=ORIENTED_EDGE('',*,*,#592,.F.);
#213=ORIENTED_EDGE('',*,*,#593,.T.);
#214=ORIENTED_EDGE('',*,*,#594,.T.);
#215=ORIENTED_EDGE('',*,*,#595,.T.);
#216=ORIENTED_EDGE('',*,*,#595,.F.);
#217=ORIENTED_EDGE('',*,*,#596,.T.);
#218=ORIENTED_EDGE('',*,*,#597,.F.);
#219=ORIENTED_EDGE('',*,*,#598,.T.);
#220=ORIENTED_EDGE('',*,*,#599,.F.);
#221=ORIENTED_EDGE('',*,*,#600,.T.);
#222=ORIENTED_EDGE('',*,*,#601,.F.);
#223=ORIENTED_EDGE('',*,*,#602,.T.);
#224=ORIENTED_EDGE('',*,*,#602,.F.);
#225=ORIENTED_EDGE('',*,*,#603,.F.);
#226=ORIENTED_EDGE('',*,*,#604,.F.);
#227=ORIENTED_EDGE('',*,*,#605,.T.);
#228=ORIENTED_EDGE('',*,*,#600,.F.);
#229=ORIENTED_EDGE('',*,*,#606,.F.);
#230=ORIENTED_EDGE('',*,*,#579,.F.);
#231=ORIENTED_EDGE('',*,*,#591,.F.);
#232=ORIENTED_EDGE('',*,*,#582,.F.);
#233=ORIENTED_EDGE('',*,*,#606,.T.);
#234=ORIENTED_EDGE('',*,*,#599,.T.);
#235=ORIENTED_EDGE('',*,*,#605,.F.);
#236=ORIENTED_EDGE('',*,*,#607,.F.);
#237=ORIENTED_EDGE('',*,*,#590,.F.);
#238=ORIENTED_EDGE('',*,*,#577,.F.);
#239=ORIENTED_EDGE('',*,*,#593,.F.);
#240=ORIENTED_EDGE('',*,*,#608,.F.);
#241=ORIENTED_EDGE('',*,*,#587,.F.);
#242=ORIENTED_EDGE('',*,*,#601,.T.);
#243=ORIENTED_EDGE('',*,*,#581,.F.);
#244=ORIENTED_EDGE('',*,*,#609,.F.);
#245=ORIENTED_EDGE('',*,*,#603,.T.);
#246=ORIENTED_EDGE('',*,*,#596,.F.);
#247=ORIENTED_EDGE('',*,*,#594,.F.);
#248=ORIENTED_EDGE('',*,*,#576,.F.);
#249=ORIENTED_EDGE('',*,*,#607,.T.);
#250=ORIENTED_EDGE('',*,*,#604,.T.);
#251=ORIENTED_EDGE('',*,*,#610,.F.);
#252=ORIENTED_EDGE('',*,*,#608,.T.);
#253=ORIENTED_EDGE('',*,*,#592,.T.);
#254=ORIENTED_EDGE('',*,*,#598,.F.);
#255=ORIENTED_EDGE('',*,*,#611,.F.);
#256=ORIENTED_EDGE('',*,*,#609,.T.);
#257=ORIENTED_EDGE('',*,*,#585,.F.);
#258=ORIENTED_EDGE('',*,*,#612,.F.);
#259=ORIENTED_EDGE('',*,*,#610,.T.);
#260=ORIENTED_EDGE('',*,*,#611,.T.);
#261=ORIENTED_EDGE('',*,*,#597,.T.);
#262=ORIENTED_EDGE('',*,*,#612,.T.);
#263=ORIENTED_EDGE('',*,*,#588,.F.);
#264=ORIENTED_EDGE('',*,*,#613,.F.);
#265=ORIENTED_EDGE('',*,*,#614,.T.);
#266=ORIENTED_EDGE('',*,*,#615,.T.);
#267=ORIENTED_EDGE('',*,*,#616,.T.);
#268=ORIENTED_EDGE('',*,*,#617,.T.);
#269=ORIENTED_EDGE('',*,*,#618,.T.);
#270=ORIENTED_EDGE('',*,*,#619,.T.);
#271=ORIENTED_EDGE('',*,*,#620,.F.);
#272=ORIENTED_EDGE('',*,*,#615,.F.);
#273=ORIENTED_EDGE('',*,*,#621,.T.);
#274=ORIENTED_EDGE('',*,*,#619,.F.);
#275=ORIENTED_EDGE('',*,*,#622,.T.);
#276=ORIENTED_EDGE('',*,*,#623,.T.);
#277=ORIENTED_EDGE('',*,*,#624,.F.);
#278=ORIENTED_EDGE('',*,*,#623,.F.);
#279=ORIENTED_EDGE('',*,*,#625,.T.);
#280=ORIENTED_EDGE('',*,*,#626,.F.);
#281=ORIENTED_EDGE('',*,*,#627,.T.);
#282=ORIENTED_EDGE('',*,*,#613,.T.);
#283=ORIENTED_EDGE('',*,*,#628,.T.);
#284=ORIENTED_EDGE('',*,*,#626,.T.);
#285=ORIENTED_EDGE('',*,*,#629,.T.);
#286=ORIENTED_EDGE('',*,*,#617,.F.);
#287=ORIENTED_EDGE('',*,*,#630,.T.);
#288=ORIENTED_EDGE('',*,*,#616,.F.);
#289=ORIENTED_EDGE('',*,*,#620,.T.);
#290=ORIENTED_EDGE('',*,*,#624,.T.);
#291=ORIENTED_EDGE('',*,*,#628,.F.);
#292=ORIENTED_EDGE('',*,*,#618,.F.);
#293=ORIENTED_EDGE('',*,*,#629,.F.);
#294=ORIENTED_EDGE('',*,*,#625,.F.);
#295=ORIENTED_EDGE('',*,*,#622,.F.);
#296=ORIENTED_EDGE('',*,*,#621,.F.);
#297=ORIENTED_EDGE('',*,*,#614,.F.);
#298=ORIENTED_EDGE('',*,*,#627,.F.);
#299=ORIENTED_EDGE('',*,*,#630,.F.);
#300=ORIENTED_EDGE('',*,*,#631,.F.);
#301=ORIENTED_EDGE('',*,*,#632,.T.);
#302=ORIENTED_EDGE('',*,*,#633,.T.);
#303=ORIENTED_EDGE('',*,*,#634,.F.);
#304=ORIENTED_EDGE('',*,*,#635,.F.);
#305=ORIENTED_EDGE('',*,*,#636,.T.);
#306=ORIENTED_EDGE('',*,*,#637,.T.);
#307=ORIENTED_EDGE('',*,*,#638,.T.);
#308=ORIENTED_EDGE('',*,*,#639,.F.);
#309=ORIENTED_EDGE('',*,*,#640,.F.);
#310=ORIENTED_EDGE('',*,*,#641,.T.);
#311=ORIENTED_EDGE('',*,*,#642,.T.);
#312=ORIENTED_EDGE('',*,*,#643,.F.);
#313=ORIENTED_EDGE('',*,*,#644,.F.);
#314=ORIENTED_EDGE('',*,*,#645,.T.);
#315=ORIENTED_EDGE('',*,*,#646,.T.);
#316=ORIENTED_EDGE('',*,*,#647,.T.);
#317=ORIENTED_EDGE('',*,*,#648,.F.);
#318=ORIENTED_EDGE('',*,*,#649,.F.);
#319=ORIENTED_EDGE('',*,*,#650,.T.);
#320=ORIENTED_EDGE('',*,*,#651,.T.);
#321=ORIENTED_EDGE('',*,*,#652,.F.);
#322=ORIENTED_EDGE('',*,*,#653,.F.);
#323=ORIENTED_EDGE('',*,*,#654,.T.);
#324=ORIENTED_EDGE('',*,*,#655,.T.);
#325=ORIENTED_EDGE('',*,*,#656,.F.);
#326=ORIENTED_EDGE('',*,*,#657,.T.);
#327=ORIENTED_EDGE('',*,*,#658,.T.);
#328=ORIENTED_EDGE('',*,*,#644,.T.);
#329=ORIENTED_EDGE('',*,*,#659,.T.);
#330=ORIENTED_EDGE('',*,*,#660,.T.);
#331=ORIENTED_EDGE('',*,*,#661,.T.);
#332=ORIENTED_EDGE('',*,*,#662,.T.);
#333=ORIENTED_EDGE('',*,*,#663,.F.);
#334=ORIENTED_EDGE('',*,*,#664,.T.);
#335=ORIENTED_EDGE('',*,*,#665,.T.);
#336=ORIENTED_EDGE('',*,*,#666,.T.);
#337=ORIENTED_EDGE('',*,*,#667,.F.);
#338=ORIENTED_EDGE('',*,*,#668,.T.);
#339=ORIENTED_EDGE('',*,*,#669,.T.);
#340=ORIENTED_EDGE('',*,*,#670,.T.);
#341=ORIENTED_EDGE('',*,*,#671,.T.);
#342=ORIENTED_EDGE('',*,*,#672,.T.);
#343=ORIENTED_EDGE('',*,*,#673,.T.);
#344=ORIENTED_EDGE('',*,*,#674,.T.);
#345=ORIENTED_EDGE('',*,*,#675,.T.);
#346=ORIENTED_EDGE('',*,*,#676,.F.);
#347=ORIENTED_EDGE('',*,*,#677,.T.);
#348=ORIENTED_EDGE('',*,*,#678,.T.);
#349=ORIENTED_EDGE('',*,*,#679,.F.);
#350=ORIENTED_EDGE('',*,*,#680,.T.);
#351=ORIENTED_EDGE('',*,*,#681,.T.);
#352=ORIENTED_EDGE('',*,*,#682,.T.);
#353=ORIENTED_EDGE('',*,*,#683,.F.);
#354=ORIENTED_EDGE('',*,*,#684,.F.);
#355=ORIENTED_EDGE('',*,*,#685,.T.);
#356=ORIENTED_EDGE('',*,*,#686,.T.);
#357=ORIENTED_EDGE('',*,*,#687,.F.);
#358=ORIENTED_EDGE('',*,*,#688,.T.);
#359=ORIENTED_EDGE('',*,*,#689,.T.);
#360=ORIENTED_EDGE('',*,*,#690,.F.);
#361=ORIENTED_EDGE('',*,*,#637,.F.);
#362=ORIENTED_EDGE('',*,*,#691,.F.);
#363=ORIENTED_EDGE('',*,*,#647,.F.);
#364=ORIENTED_EDGE('',*,*,#692,.T.);
#365=ORIENTED_EDGE('',*,*,#639,.T.);
#366=ORIENTED_EDGE('',*,*,#646,.F.);
#367=ORIENTED_EDGE('',*,*,#693,.T.);
#368=ORIENTED_EDGE('',*,*,#694,.T.);
#369=ORIENTED_EDGE('',*,*,#695,.T.);
#370=ORIENTED_EDGE('',*,*,#696,.T.);
#371=ORIENTED_EDGE('',*,*,#697,.T.);
#372=ORIENTED_EDGE('',*,*,#635,.T.);
#373=ORIENTED_EDGE('',*,*,#692,.F.);
#374=ORIENTED_EDGE('',*,*,#670,.F.);
#375=ORIENTED_EDGE('',*,*,#698,.T.);
#376=ORIENTED_EDGE('',*,*,#659,.F.);
#377=ORIENTED_EDGE('',*,*,#648,.T.);
#378=ORIENTED_EDGE('',*,*,#691,.T.);
#379=ORIENTED_EDGE('',*,*,#638,.F.);
#380=ORIENTED_EDGE('',*,*,#690,.T.);
#381=ORIENTED_EDGE('',*,*,#699,.T.);
#382=ORIENTED_EDGE('',*,*,#679,.T.);
#383=ORIENTED_EDGE('',*,*,#700,.T.);
#384=ORIENTED_EDGE('',*,*,#674,.F.);
#385=ORIENTED_EDGE('',*,*,#701,.T.);
#386=ORIENTED_EDGE('',*,*,#695,.F.);
#387=ORIENTED_EDGE('',*,*,#702,.T.);
#388=ORIENTED_EDGE('',*,*,#672,.F.);
#389=ORIENTED_EDGE('',*,*,#703,.T.);
#390=ORIENTED_EDGE('',*,*,#704,.F.);
#391=ORIENTED_EDGE('',*,*,#705,.T.);
#392=ORIENTED_EDGE('',*,*,#706,.T.);
#393=ORIENTED_EDGE('',*,*,#685,.F.);
#394=ORIENTED_EDGE('',*,*,#707,.F.);
#395=ORIENTED_EDGE('',*,*,#708,.T.);
#396=ORIENTED_EDGE('',*,*,#709,.T.);
#397=ORIENTED_EDGE('',*,*,#681,.F.);
#398=ORIENTED_EDGE('',*,*,#710,.T.);
#399=ORIENTED_EDGE('',*,*,#696,.F.);
#400=ORIENTED_EDGE('',*,*,#711,.F.);
#401=ORIENTED_EDGE('',*,*,#677,.F.);
#402=ORIENTED_EDGE('',*,*,#700,.F.);
#403=ORIENTED_EDGE('',*,*,#678,.F.);
#404=ORIENTED_EDGE('',*,*,#712,.F.);
#405=ORIENTED_EDGE('',*,*,#675,.F.);
#406=ORIENTED_EDGE('',*,*,#711,.T.);
#407=ORIENTED_EDGE('',*,*,#703,.F.);
#408=ORIENTED_EDGE('',*,*,#712,.T.);
#409=ORIENTED_EDGE('',*,*,#701,.F.);
#410=ORIENTED_EDGE('',*,*,#673,.F.);
#411=ORIENTED_EDGE('',*,*,#713,.F.);
#412=ORIENTED_EDGE('',*,*,#671,.F.);
#413=ORIENTED_EDGE('',*,*,#713,.T.);
#414=ORIENTED_EDGE('',*,*,#702,.F.);
#415=ORIENTED_EDGE('',*,*,#714,.F.);
#416=ORIENTED_EDGE('',*,*,#715,.F.);
#417=ORIENTED_EDGE('',*,*,#660,.F.);
#418=ORIENTED_EDGE('',*,*,#714,.T.);
#419=ORIENTED_EDGE('',*,*,#694,.F.);
#420=ORIENTED_EDGE('',*,*,#716,.T.);
#421=ORIENTED_EDGE('',*,*,#668,.F.);
#422=ORIENTED_EDGE('',*,*,#717,.T.);
#423=ORIENTED_EDGE('',*,*,#718,.T.);
#424=ORIENTED_EDGE('',*,*,#719,.F.);
#425=ORIENTED_EDGE('',*,*,#664,.F.);
#426=ORIENTED_EDGE('',*,*,#720,.T.);
#427=ORIENTED_EDGE('',*,*,#721,.T.);
#428=ORIENTED_EDGE('',*,*,#698,.F.);
#429=ORIENTED_EDGE('',*,*,#669,.F.);
#430=ORIENTED_EDGE('',*,*,#722,.F.);
#431=ORIENTED_EDGE('',*,*,#657,.F.);
#432=ORIENTED_EDGE('',*,*,#722,.T.);
#433=ORIENTED_EDGE('',*,*,#716,.F.);
#434=ORIENTED_EDGE('',*,*,#723,.F.);
#435=ORIENTED_EDGE('',*,*,#645,.F.);
#436=ORIENTED_EDGE('',*,*,#658,.F.);
#437=ORIENTED_EDGE('',*,*,#723,.T.);
#438=ORIENTED_EDGE('',*,*,#693,.F.);
#439=ORIENTED_EDGE('',*,*,#636,.F.);
#440=ORIENTED_EDGE('',*,*,#697,.F.);
#441=ORIENTED_EDGE('',*,*,#724,.F.);
#442=ORIENTED_EDGE('',*,*,#688,.F.);
#443=ORIENTED_EDGE('',*,*,#699,.F.);
#444=ORIENTED_EDGE('',*,*,#689,.F.);
#445=ORIENTED_EDGE('',*,*,#725,.F.);
#446=ORIENTED_EDGE('',*,*,#680,.F.);
#447=ORIENTED_EDGE('',*,*,#724,.T.);
#448=ORIENTED_EDGE('',*,*,#710,.F.);
#449=ORIENTED_EDGE('',*,*,#725,.T.);
#450=ORIENTED_EDGE('',*,*,#726,.F.);
#451=ORIENTED_EDGE('',*,*,#717,.F.);
#452=ORIENTED_EDGE('',*,*,#667,.T.);
#453=ORIENTED_EDGE('',*,*,#727,.T.);
#454=ORIENTED_EDGE('',*,*,#651,.F.);
#455=ORIENTED_EDGE('',*,*,#649,.T.);
#456=ORIENTED_EDGE('',*,*,#728,.F.);
#457=ORIENTED_EDGE('',*,*,#665,.F.);
#458=ORIENTED_EDGE('',*,*,#719,.T.);
#459=ORIENTED_EDGE('',*,*,#729,.T.);
#460=ORIENTED_EDGE('',*,*,#729,.F.);
#461=ORIENTED_EDGE('',*,*,#718,.F.);
#462=ORIENTED_EDGE('',*,*,#726,.T.);
#463=ORIENTED_EDGE('',*,*,#650,.F.);
#464=ORIENTED_EDGE('',*,*,#728,.T.);
#465=ORIENTED_EDGE('',*,*,#652,.T.);
#466=ORIENTED_EDGE('',*,*,#727,.F.);
#467=ORIENTED_EDGE('',*,*,#666,.F.);
#468=ORIENTED_EDGE('',*,*,#730,.F.);
#469=ORIENTED_EDGE('',*,*,#720,.F.);
#470=ORIENTED_EDGE('',*,*,#663,.T.);
#471=ORIENTED_EDGE('',*,*,#731,.T.);
#472=ORIENTED_EDGE('',*,*,#655,.F.);
#473=ORIENTED_EDGE('',*,*,#653,.T.);
#474=ORIENTED_EDGE('',*,*,#732,.F.);
#475=ORIENTED_EDGE('',*,*,#661,.F.);
#476=ORIENTED_EDGE('',*,*,#715,.T.);
#477=ORIENTED_EDGE('',*,*,#733,.T.);
#478=ORIENTED_EDGE('',*,*,#733,.F.);
#479=ORIENTED_EDGE('',*,*,#721,.F.);
#480=ORIENTED_EDGE('',*,*,#730,.T.);
#481=ORIENTED_EDGE('',*,*,#654,.F.);
#482=ORIENTED_EDGE('',*,*,#732,.T.);
#483=ORIENTED_EDGE('',*,*,#656,.T.);
#484=ORIENTED_EDGE('',*,*,#731,.F.);
#485=ORIENTED_EDGE('',*,*,#662,.F.);
#486=ORIENTED_EDGE('',*,*,#734,.T.);
#487=ORIENTED_EDGE('',*,*,#683,.T.);
#488=ORIENTED_EDGE('',*,*,#735,.F.);
#489=ORIENTED_EDGE('',*,*,#633,.F.);
#490=ORIENTED_EDGE('',*,*,#631,.T.);
#491=ORIENTED_EDGE('',*,*,#736,.T.);
#492=ORIENTED_EDGE('',*,*,#708,.F.);
#493=ORIENTED_EDGE('',*,*,#737,.F.);
#494=ORIENTED_EDGE('',*,*,#737,.T.);
#495=ORIENTED_EDGE('',*,*,#707,.T.);
#496=ORIENTED_EDGE('',*,*,#684,.T.);
#497=ORIENTED_EDGE('',*,*,#734,.F.);
#498=ORIENTED_EDGE('',*,*,#632,.F.);
#499=ORIENTED_EDGE('',*,*,#634,.T.);
#500=ORIENTED_EDGE('',*,*,#735,.T.);
#501=ORIENTED_EDGE('',*,*,#682,.F.);
#502=ORIENTED_EDGE('',*,*,#709,.F.);
#503=ORIENTED_EDGE('',*,*,#736,.F.);
#504=ORIENTED_EDGE('',*,*,#738,.T.);
#505=ORIENTED_EDGE('',*,*,#687,.T.);
#506=ORIENTED_EDGE('',*,*,#739,.F.);
#507=ORIENTED_EDGE('',*,*,#642,.F.);
#508=ORIENTED_EDGE('',*,*,#640,.T.);
#509=ORIENTED_EDGE('',*,*,#740,.T.);
#510=ORIENTED_EDGE('',*,*,#705,.F.);
#511=ORIENTED_EDGE('',*,*,#741,.F.);
#512=ORIENTED_EDGE('',*,*,#741,.T.);
#513=ORIENTED_EDGE('',*,*,#704,.T.);
#514=ORIENTED_EDGE('',*,*,#676,.T.);
#515=ORIENTED_EDGE('',*,*,#738,.F.);
#516=ORIENTED_EDGE('',*,*,#641,.F.);
#517=ORIENTED_EDGE('',*,*,#643,.T.);
#518=ORIENTED_EDGE('',*,*,#739,.T.);
#519=ORIENTED_EDGE('',*,*,#686,.F.);
#520=ORIENTED_EDGE('',*,*,#706,.F.);
#521=ORIENTED_EDGE('',*,*,#740,.F.);
#522=ORIENTED_EDGE('',*,*,#742,.F.);
#523=ORIENTED_EDGE('',*,*,#743,.T.);
#524=ORIENTED_EDGE('',*,*,#744,.T.);
#525=ORIENTED_EDGE('',*,*,#745,.T.);
#526=ORIENTED_EDGE('',*,*,#746,.T.);
#527=ORIENTED_EDGE('',*,*,#747,.T.);
#528=ORIENTED_EDGE('',*,*,#748,.T.);
#529=ORIENTED_EDGE('',*,*,#749,.F.);
#530=ORIENTED_EDGE('',*,*,#744,.F.);
#531=ORIENTED_EDGE('',*,*,#750,.T.);
#532=ORIENTED_EDGE('',*,*,#748,.F.);
#533=ORIENTED_EDGE('',*,*,#751,.T.);
#534=ORIENTED_EDGE('',*,*,#752,.T.);
#535=ORIENTED_EDGE('',*,*,#753,.F.);
#536=ORIENTED_EDGE('',*,*,#752,.F.);
#537=ORIENTED_EDGE('',*,*,#754,.T.);
#538=ORIENTED_EDGE('',*,*,#755,.F.);
#539=ORIENTED_EDGE('',*,*,#756,.T.);
#540=ORIENTED_EDGE('',*,*,#742,.T.);
#541=ORIENTED_EDGE('',*,*,#757,.T.);
#542=ORIENTED_EDGE('',*,*,#755,.T.);
#543=ORIENTED_EDGE('',*,*,#758,.T.);
#544=ORIENTED_EDGE('',*,*,#746,.F.);
#545=ORIENTED_EDGE('',*,*,#759,.T.);
#546=ORIENTED_EDGE('',*,*,#745,.F.);
#547=ORIENTED_EDGE('',*,*,#749,.T.);
#548=ORIENTED_EDGE('',*,*,#753,.T.);
#549=ORIENTED_EDGE('',*,*,#757,.F.);
#550=ORIENTED_EDGE('',*,*,#747,.F.);
#551=ORIENTED_EDGE('',*,*,#758,.F.);
#552=ORIENTED_EDGE('',*,*,#754,.F.);
#553=ORIENTED_EDGE('',*,*,#751,.F.);
#554=ORIENTED_EDGE('',*,*,#750,.F.);
#555=ORIENTED_EDGE('',*,*,#743,.F.);
#556=ORIENTED_EDGE('',*,*,#756,.F.);
#557=ORIENTED_EDGE('',*,*,#759,.F.);
#558=EDGE_CURVE('',#760,#761,#888,.T.);
#559=EDGE_CURVE('',#761,#762,#51,.T.);
#560=EDGE_CURVE('',#763,#762,#889,.T.);
#561=EDGE_CURVE('',#763,#760,#890,.T.);
#562=EDGE_CURVE('',#764,#765,#891,.T.);
#563=EDGE_CURVE('',#765,#766,#52,.T.);
#564=EDGE_CURVE('',#767,#766,#892,.T.);
#565=EDGE_CURVE('',#763,#767,#893,.T.);
#566=EDGE_CURVE('',#762,#764,#53,.T.);
#567=EDGE_CURVE('',#766,#768,#54,.T.);
#568=EDGE_CURVE('',#769,#768,#894,.T.);
#569=EDGE_CURVE('',#767,#769,#895,.T.);
#570=EDGE_CURVE('',#768,#770,#55,.T.);
#571=EDGE_CURVE('',#771,#770,#896,.T.);
#572=EDGE_CURVE('',#771,#761,#56,.T.);
#573=EDGE_CURVE('',#760,#769,#897,.T.);
#574=EDGE_CURVE('',#770,#765,#57,.T.);
#575=EDGE_CURVE('',#764,#771,#58,.T.);
#576=EDGE_CURVE('',#772,#773,#59,.T.);
#577=EDGE_CURVE('',#773,#774,#60,.T.);
#578=EDGE_CURVE('',#775,#774,#898,.T.);
#579=EDGE_CURVE('',#775,#772,#61,.T.);
#580=EDGE_CURVE('',#776,#777,#899,.T.);
#581=EDGE_CURVE('',#776,#778,#62,.T.);
#582=EDGE_CURVE('',#778,#779,#63,.T.);
#583=EDGE_CURVE('',#779,#777,#900,.T.);
#584=EDGE_CURVE('',#780,#781,#901,.T.);
#585=EDGE_CURVE('',#780,#776,#64,.T.);
#586=EDGE_CURVE('',#777,#781,#902,.T.);
#587=EDGE_CURVE('',#782,#783,#65,.T.);
#588=EDGE_CURVE('',#783,#780,#66,.T.);
#589=EDGE_CURVE('',#782,#781,#903,.T.);
#590=EDGE_CURVE('',#774,#782,#67,.T.);
#591=EDGE_CURVE('',#779,#775,#68,.T.);
#592=EDGE_CURVE('',#784,#785,#69,.F.);
#593=EDGE_CURVE('',#784,#773,#70,.F.);
#594=EDGE_CURVE('',#773,#786,#71,.F.);
#595=EDGE_CURVE('',#786,#785,#72,.F.);
#596=EDGE_CURVE('',#786,#787,#73,.F.);
#597=EDGE_CURVE('',#788,#787,#74,.T.);
#598=EDGE_CURVE('',#788,#785,#75,.F.);
#599=EDGE_CURVE('',#789,#790,#76,.F.);
#600=EDGE_CURVE('',#789,#778,#77,.F.);
#601=EDGE_CURVE('',#791,#778,#78,.T.);
#602=EDGE_CURVE('',#791,#790,#79,.F.);
#603=EDGE_CURVE('',#792,#791,#80,.T.);
#604=EDGE_CURVE('',#793,#792,#81,.T.);
#605=EDGE_CURVE('',#793,#790,#82,.F.);
#606=EDGE_CURVE('',#772,#789,#83,.F.);
#607=EDGE_CURVE('',#772,#793,#84,.T.);
#608=EDGE_CURVE('',#783,#784,#85,.F.);
#609=EDGE_CURVE('',#792,#776,#86,.F.);
#610=EDGE_CURVE('',#787,#792,#87,.F.);
#611=EDGE_CURVE('',#783,#788,#88,.T.);
#612=EDGE_CURVE('',#787,#780,#89,.F.);
#613=EDGE_CURVE('',#794,#795,#904,.T.);
#614=EDGE_CURVE('',#794,#796,#90,.T.);
#615=EDGE_CURVE('',#796,#797,#905,.T.);
#616=EDGE_CURVE('',#797,#795,#906,.T.);
#617=EDGE_CURVE('',#798,#799,#907,.T.);
#618=EDGE_CURVE('',#799,#800,#91,.T.);
#619=EDGE_CURVE('',#800,#801,#908,.T.);
#620=EDGE_CURVE('',#797,#801,#909,.T.);
#621=EDGE_CURVE('',#796,#798,#92,.T.);
#622=EDGE_CURVE('',#800,#802,#93,.T.);
#623=EDGE_CURVE('',#802,#803,#910,.T.);
#624=EDGE_CURVE('',#801,#803,#911,.T.);
#625=EDGE_CURVE('',#802,#804,#94,.T.);
#626=EDGE_CURVE('',#805,#804,#912,.T.);
#627=EDGE_CURVE('',#805,#794,#95,.T.);
#628=EDGE_CURVE('',#795,#803,#913,.T.);
#629=EDGE_CURVE('',#804,#799,#96,.T.);
#630=EDGE_CURVE('',#798,#805,#97,.T.);
#631=EDGE_CURVE('',#806,#807,#914,.T.);
#632=EDGE_CURVE('',#806,#808,#915,.T.);
#633=EDGE_CURVE('',#808,#809,#916,.T.);
#634=EDGE_CURVE('',#807,#809,#917,.T.);
#635=EDGE_CURVE('',#810,#811,#918,.T.);
#636=EDGE_CURVE('',#810,#812,#98,.T.);
#637=EDGE_CURVE('',#812,#813,#919,.T.);
#638=EDGE_CURVE('',#813,#814,#920,.T.);
#639=EDGE_CURVE('',#811,#814,#921,.T.);
#640=EDGE_CURVE('',#815,#816,#922,.T.);
#641=EDGE_CURVE('',#815,#817,#923,.T.);
#642=EDGE_CURVE('',#817,#818,#924,.T.);
#643=EDGE_CURVE('',#816,#818,#925,.T.);
#644=EDGE_CURVE('',#819,#820,#926,.T.);
#645=EDGE_CURVE('',#819,#821,#99,.T.);
#646=EDGE_CURVE('',#821,#822,#927,.T.);
#647=EDGE_CURVE('',#822,#823,#928,.T.);
#648=EDGE_CURVE('',#820,#823,#929,.T.);
#649=EDGE_CURVE('',#824,#825,#930,.T.);
#650=EDGE_CURVE('',#824,#826,#931,.T.);
#651=EDGE_CURVE('',#826,#827,#932,.T.);
#652=EDGE_CURVE('',#825,#827,#933,.T.);
#653=EDGE_CURVE('',#828,#829,#934,.T.);
#654=EDGE_CURVE('',#828,#830,#935,.T.);
#655=EDGE_CURVE('',#830,#831,#936,.T.);
#656=EDGE_CURVE('',#829,#831,#937,.T.);
#657=EDGE_CURVE('',#832,#833,#100,.T.);
#658=EDGE_CURVE('',#833,#819,#101,.T.);
#659=EDGE_CURVE('',#820,#832,#938,.T.);
#660=EDGE_CURVE('',#834,#835,#102,.T.);
#661=EDGE_CURVE('',#835,#836,#939,.T.);
#662=EDGE_CURVE('',#836,#837,#940,.T.);
#663=EDGE_CURVE('',#838,#837,#941,.T.);
#664=EDGE_CURVE('',#838,#839,#103,.T.);
#665=EDGE_CURVE('',#839,#840,#942,.T.);
#666=EDGE_CURVE('',#840,#841,#943,.T.);
#667=EDGE_CURVE('',#842,#841,#944,.T.);
#668=EDGE_CURVE('',#842,#843,#104,.T.);
#669=EDGE_CURVE('',#843,#844,#105,.T.);
#670=EDGE_CURVE('',#844,#845,#945,.T.);
#671=EDGE_CURVE('',#845,#834,#106,.T.);
#672=EDGE_CURVE('',#846,#847,#107,.T.);
#673=EDGE_CURVE('',#847,#848,#108,.T.);
#674=EDGE_CURVE('',#848,#849,#946,.T.);
#675=EDGE_CURVE('',#849,#846,#109,.T.);
#676=EDGE_CURVE('',#850,#851,#947,.T.);
#677=EDGE_CURVE('',#850,#852,#110,.T.);
#678=EDGE_CURVE('',#852,#853,#111,.T.);
#679=EDGE_CURVE('',#854,#853,#948,.T.);
#680=EDGE_CURVE('',#854,#855,#112,.T.);
#681=EDGE_CURVE('',#855,#856,#113,.T.);
#682=EDGE_CURVE('',#856,#857,#949,.T.);
#683=EDGE_CURVE('',#858,#857,#950,.T.);
#684=EDGE_CURVE('',#859,#858,#951,.T.);
#685=EDGE_CURVE('',#859,#860,#114,.T.);
#686=EDGE_CURVE('',#860,#861,#952,.T.);
#687=EDGE_CURVE('',#851,#861,#953,.T.);
#688=EDGE_CURVE('',#812,#862,#115,.T.);
#689=EDGE_CURVE('',#862,#863,#116,.T.);
#690=EDGE_CURVE('',#813,#863,#954,.T.);
#691=EDGE_CURVE('',#823,#814,#955,.T.);
#692=EDGE_CURVE('',#822,#811,#956,.T.);
#693=EDGE_CURVE('',#821,#864,#117,.T.);
#694=EDGE_CURVE('',#864,#865,#118,.T.);
#695=EDGE_CURVE('',#865,#866,#119,.T.);
#696=EDGE_CURVE('',#866,#867,#120,.T.);
#697=EDGE_CURVE('',#867,#810,#121,.T.);
#698=EDGE_CURVE('',#844,#832,#122,.T.);
#699=EDGE_CURVE('',#863,#854,#123,.T.);
#700=EDGE_CURVE('',#853,#849,#124,.T.);
#701=EDGE_CURVE('',#848,#845,#125,.T.);
#702=EDGE_CURVE('',#865,#847,#126,.T.);
#703=EDGE_CURVE('',#846,#866,#127,.T.);
#704=EDGE_CURVE('',#868,#850,#128,.T.);
#705=EDGE_CURVE('',#868,#869,#957,.F.);
#706=EDGE_CURVE('',#869,#860,#129,.T.);
#707=EDGE_CURVE('',#870,#859,#130,.T.);
#708=EDGE_CURVE('',#870,#871,#958,.F.);
#709=EDGE_CURVE('',#871,#856,#131,.T.);
#710=EDGE_CURVE('',#855,#867,#132,.T.);
#711=EDGE_CURVE('',#852,#866,#133,.F.);
#712=EDGE_CURVE('',#846,#852,#134,.F.);
#713=EDGE_CURVE('',#834,#847,#135,.F.);
#714=EDGE_CURVE('',#834,#865,#136,.T.);
#715=EDGE_CURVE('',#835,#872,#137,.T.);
#716=EDGE_CURVE('',#864,#843,#138,.T.);
#717=EDGE_CURVE('',#842,#873,#139,.T.);
#718=EDGE_CURVE('',#873,#874,#959,.F.);
#719=EDGE_CURVE('',#839,#874,#140,.T.);
#720=EDGE_CURVE('',#838,#875,#141,.T.);
#721=EDGE_CURVE('',#875,#872,#960,.F.);
#722=EDGE_CURVE('',#833,#843,#142,.F.);
#723=EDGE_CURVE('',#833,#864,#143,.T.);
#724=EDGE_CURVE('',#862,#867,#144,.F.);
#725=EDGE_CURVE('',#855,#862,#145,.F.);
#726=EDGE_CURVE('',#873,#826,#961,.T.);
#727=EDGE_CURVE('',#841,#827,#962,.T.);
#728=EDGE_CURVE('',#840,#825,#963,.T.);
#729=EDGE_CURVE('',#874,#824,#964,.T.);
#730=EDGE_CURVE('',#875,#830,#965,.T.);
#731=EDGE_CURVE('',#837,#831,#966,.T.);
#732=EDGE_CURVE('',#836,#829,#967,.T.);
#733=EDGE_CURVE('',#872,#828,#968,.T.);
#734=EDGE_CURVE('',#808,#858,#969,.T.);
#735=EDGE_CURVE('',#809,#857,#970,.T.);
#736=EDGE_CURVE('',#807,#871,#971,.T.);
#737=EDGE_CURVE('',#806,#870,#972,.T.);
#738=EDGE_CURVE('',#817,#851,#973,.T.);
#739=EDGE_CURVE('',#818,#861,#974,.T.);
#740=EDGE_CURVE('',#816,#869,#975,.T.);
#741=EDGE_CURVE('',#815,#868,#976,.T.);
#742=EDGE_CURVE('',#876,#877,#977,.T.);
#743=EDGE_CURVE('',#876,#878,#146,.T.);
#744=EDGE_CURVE('',#878,#879,#978,.T.);
#745=EDGE_CURVE('',#879,#877,#979,.T.);
#746=EDGE_CURVE('',#880,#881,#980,.T.);
#747=EDGE_CURVE('',#881,#882,#147,.T.);
#748=EDGE_CURVE('',#882,#883,#981,.T.);
#749=EDGE_CURVE('',#879,#883,#982,.T.);
#750=EDGE_CURVE('',#878,#880,#148,.T.);
#751=EDGE_CURVE('',#882,#884,#149,.T.);
#752=EDGE_CURVE('',#884,#885,#983,.T.);
#753=EDGE_CURVE('',#883,#885,#984,.T.);
#754=EDGE_CURVE('',#884,#886,#150,.T.);
#755=EDGE_CURVE('',#887,#886,#985,.T.);
#756=EDGE_CURVE('',#887,#876,#151,.T.);
#757=EDGE_CURVE('',#877,#885,#986,.T.);
#758=EDGE_CURVE('',#886,#881,#152,.T.);
#759=EDGE_CURVE('',#880,#887,#153,.T.);
#760=VERTEX_POINT('',#1707);
#761=VERTEX_POINT('',#1708);
#762=VERTEX_POINT('',#1713);
#763=VERTEX_POINT('',#1715);
#764=VERTEX_POINT('',#1719);
#765=VERTEX_POINT('',#1720);
#766=VERTEX_POINT('',#1725);
#767=VERTEX_POINT('',#1727);
#768=VERTEX_POINT('',#1738);
#769=VERTEX_POINT('',#1740);
#770=VERTEX_POINT('',#1747);
#771=VERTEX_POINT('',#1749);
#772=VERTEX_POINT('',#1787);
#773=VERTEX_POINT('',#1788);
#774=VERTEX_POINT('',#1793);
#775=VERTEX_POINT('',#1795);
#776=VERTEX_POINT('',#1802);
#777=VERTEX_POINT('',#1803);
#778=VERTEX_POINT('',#1808);
#779=VERTEX_POINT('',#1813);
#780=VERTEX_POINT('',#1817);
#781=VERTEX_POINT('',#1818);
#782=VERTEX_POINT('',#1829);
#783=VERTEX_POINT('',#1830);
#784=VERTEX_POINT('',#1917);
#785=VERTEX_POINT('',#1918);
#786=VERTEX_POINT('',#1927);
#787=VERTEX_POINT('',#2004);
#788=VERTEX_POINT('',#2009);
#789=VERTEX_POINT('',#2090);
#790=VERTEX_POINT('',#2091);
#791=VERTEX_POINT('',#2100);
#792=VERTEX_POINT('',#2177);
#793=VERTEX_POINT('',#2182);
#794=VERTEX_POINT('',#2398);
#795=VERTEX_POINT('',#2399);
#796=VERTEX_POINT('',#2404);
#797=VERTEX_POINT('',#2406);
#798=VERTEX_POINT('',#2410);
#799=VERTEX_POINT('',#2411);
#800=VERTEX_POINT('',#2416);
#801=VERTEX_POINT('',#2418);
#802=VERTEX_POINT('',#2429);
#803=VERTEX_POINT('',#2431);
#804=VERTEX_POINT('',#2438);
#805=VERTEX_POINT('',#2440);
#806=VERTEX_POINT('',#2475);
#807=VERTEX_POINT('',#2476);
#808=VERTEX_POINT('',#2478);
#809=VERTEX_POINT('',#2480);
#810=VERTEX_POINT('',#2483);
#811=VERTEX_POINT('',#2484);
#812=VERTEX_POINT('',#2489);
#813=VERTEX_POINT('',#2491);
#814=VERTEX_POINT('',#2493);
#815=VERTEX_POINT('',#2496);
#816=VERTEX_POINT('',#2497);
#817=VERTEX_POINT('',#2499);
#818=VERTEX_POINT('',#2501);
#819=VERTEX_POINT('',#2505);
#820=VERTEX_POINT('',#2506);
#821=VERTEX_POINT('',#2511);
#822=VERTEX_POINT('',#2513);
#823=VERTEX_POINT('',#2515);
#824=VERTEX_POINT('',#2518);
#825=VERTEX_POINT('',#2519);
#826=VERTEX_POINT('',#2521);
#827=VERTEX_POINT('',#2523);
#828=VERTEX_POINT('',#2526);
#829=VERTEX_POINT('',#2527);
#830=VERTEX_POINT('',#2529);
#831=VERTEX_POINT('',#2531);
#832=VERTEX_POINT('',#2538);
#833=VERTEX_POINT('',#2539);
#834=VERTEX_POINT('',#2550);
#835=VERTEX_POINT('',#2551);
#836=VERTEX_POINT('',#2553);
#837=VERTEX_POINT('',#2555);
#838=VERTEX_POINT('',#2557);
#839=VERTEX_POINT('',#2562);
#840=VERTEX_POINT('',#2564);
#841=VERTEX_POINT('',#2566);
#842=VERTEX_POINT('',#2568);
#843=VERTEX_POINT('',#2573);
#844=VERTEX_POINT('',#2578);
#845=VERTEX_POINT('',#2580);
#846=VERTEX_POINT('',#2590);
#847=VERTEX_POINT('',#2591);
#848=VERTEX_POINT('',#2596);
#849=VERTEX_POINT('',#2598);
#850=VERTEX_POINT('',#2605);
#851=VERTEX_POINT('',#2606);
#852=VERTEX_POINT('',#2611);
#853=VERTEX_POINT('',#2616);
#854=VERTEX_POINT('',#2618);
#855=VERTEX_POINT('',#2623);
#856=VERTEX_POINT('',#2628);
#857=VERTEX_POINT('',#2630);
#858=VERTEX_POINT('',#2632);
#859=VERTEX_POINT('',#2634);
#860=VERTEX_POINT('',#2639);
#861=VERTEX_POINT('',#2641);
#862=VERTEX_POINT('',#2648);
#863=VERTEX_POINT('',#2653);
#864=VERTEX_POINT('',#2663);
#865=VERTEX_POINT('',#2668);
#866=VERTEX_POINT('',#2673);
#867=VERTEX_POINT('',#2678);
#868=VERTEX_POINT('',#2728);
#869=VERTEX_POINT('',#2730);
#870=VERTEX_POINT('',#2739);
#871=VERTEX_POINT('',#2741);
#872=VERTEX_POINT('',#2954);
#873=VERTEX_POINT('',#2963);
#874=VERTEX_POINT('',#2965);
#875=VERTEX_POINT('',#2974);
#876=VERTEX_POINT('',#3219);
#877=VERTEX_POINT('',#3220);
#878=VERTEX_POINT('',#3225);
#879=VERTEX_POINT('',#3227);
#880=VERTEX_POINT('',#3231);
#881=VERTEX_POINT('',#3232);
#882=VERTEX_POINT('',#3237);
#883=VERTEX_POINT('',#3239);
#884=VERTEX_POINT('',#3250);
#885=VERTEX_POINT('',#3252);
#886=VERTEX_POINT('',#3259);
#887=VERTEX_POINT('',#3261);
#888=LINE('',#1706,#987);
#889=LINE('',#1714,#988);
#890=LINE('',#1716,#989);
#891=LINE('',#1718,#990);
#892=LINE('',#1726,#991);
#893=LINE('',#1728,#992);
#894=LINE('',#1739,#993);
#895=LINE('',#1741,#994);
#896=LINE('',#1748,#995);
#897=LINE('',#1754,#996);
#898=LINE('',#1794,#997);
#899=LINE('',#1801,#998);
#900=LINE('',#1814,#999);
#901=LINE('',#1816,#1000);
#902=LINE('',#1823,#1001);
#903=LINE('',#1835,#1002);
#904=LINE('',#2397,#1003);
#905=LINE('',#2405,#1004);
#906=LINE('',#2407,#1005);
#907=LINE('',#2409,#1006);
#908=LINE('',#2417,#1007);
#909=LINE('',#2419,#1008);
#910=LINE('',#2430,#1009);
#911=LINE('',#2432,#1010);
#912=LINE('',#2439,#1011);
#913=LINE('',#2445,#1012);
#914=LINE('',#2474,#1013);
#915=LINE('',#2477,#1014);
#916=LINE('',#2479,#1015);
#917=LINE('',#2481,#1016);
#918=LINE('',#2482,#1017);
#919=LINE('',#2490,#1018);
#920=LINE('',#2492,#1019);
#921=LINE('',#2494,#1020);
#922=LINE('',#2495,#1021);
#923=LINE('',#2498,#1022);
#924=LINE('',#2500,#1023);
#925=LINE('',#2502,#1024);
#926=LINE('',#2504,#1025);
#927=LINE('',#2512,#1026);
#928=LINE('',#2514,#1027);
#929=LINE('',#2516,#1028);
#930=LINE('',#2517,#1029);
#931=LINE('',#2520,#1030);
#932=LINE('',#2522,#1031);
#933=LINE('',#2524,#1032);
#934=LINE('',#2525,#1033);
#935=LINE('',#2528,#1034);
#936=LINE('',#2530,#1035);
#937=LINE('',#2532,#1036);
#938=LINE('',#2544,#1037);
#939=LINE('',#2552,#1038);
#940=LINE('',#2554,#1039);
#941=LINE('',#2556,#1040);
#942=LINE('',#2563,#1041);
#943=LINE('',#2565,#1042);
#944=LINE('',#2567,#1043);
#945=LINE('',#2579,#1044);
#946=LINE('',#2597,#1045);
#947=LINE('',#2604,#1046);
#948=LINE('',#2617,#1047);
#949=LINE('',#2629,#1048);
#950=LINE('',#2631,#1049);
#951=LINE('',#2633,#1050);
#952=LINE('',#2640,#1051);
#953=LINE('',#2642,#1052);
#954=LINE('',#2654,#1053);
#955=LINE('',#2656,#1054);
#956=LINE('',#2657,#1055);
#957=LINE('',#2729,#1056);
#958=LINE('',#2740,#1057);
#959=LINE('',#2964,#1058);
#960=LINE('',#2975,#1059);
#961=LINE('',#3185,#1060);
#962=LINE('',#3186,#1061);
#963=LINE('',#3188,#1062);
#964=LINE('',#3189,#1063);
#965=LINE('',#3193,#1064);
#966=LINE('',#3194,#1065);
#967=LINE('',#3196,#1066);
#968=LINE('',#3197,#1067);
#969=LINE('',#3201,#1068);
#970=LINE('',#3202,#1069);
#971=LINE('',#3204,#1070);
#972=LINE('',#3205,#1071);
#973=LINE('',#3209,#1072);
#974=LINE('',#3210,#1073);
#975=LINE('',#3212,#1074);
#976=LINE('',#3213,#1075);
#977=LINE('',#3218,#1076);
#978=LINE('',#3226,#1077);
#979=LINE('',#3228,#1078);
#980=LINE('',#3230,#1079);
#981=LINE('',#3238,#1080);
#982=LINE('',#3240,#1081);
#983=LINE('',#3251,#1082);
#984=LINE('',#3253,#1083);
#985=LINE('',#3260,#1084);
#986=LINE('',#3266,#1085);
#987=VECTOR('',#1501,1000.);
#988=VECTOR('',#1502,1000.);
#989=VECTOR('',#1503,1000.);
#990=VECTOR('',#1506,1000.);
#991=VECTOR('',#1507,1000.);
#992=VECTOR('',#1508,1000.);
#993=VECTOR('',#1511,1000.);
#994=VECTOR('',#1512,1000.);
#995=VECTOR('',#1515,1000.);
#996=VECTOR('',#1516,1000.);
#997=VECTOR('',#1525,1000.);
#998=VECTOR('',#1528,1000.);
#999=VECTOR('',#1529,1000.);
#1000=VECTOR('',#1532,1000.);
#1001=VECTOR('',#1533,1000.);
#1002=VECTOR('',#1536,1000.);
#1003=VECTOR('',#1543,1000.);
#1004=VECTOR('',#1544,1000.);
#1005=VECTOR('',#1545,1000.);
#1006=VECTOR('',#1548,1000.);
#1007=VECTOR('',#1549,1000.);
#1008=VECTOR('',#1550,1000.);
#1009=VECTOR('',#1553,1000.);
#1010=VECTOR('',#1554,1000.);
#1011=VECTOR('',#1557,1000.);
#1012=VECTOR('',#1558,1000.);
#1013=VECTOR('',#1567,1000.);
#1014=VECTOR('',#1568,1000.);
#1015=VECTOR('',#1569,1000.);
#1016=VECTOR('',#1570,1000.);
#1017=VECTOR('',#1571,1000.);
#1018=VECTOR('',#1572,1000.);
#1019=VECTOR('',#1573,1000.);
#1020=VECTOR('',#1574,1000.);
#1021=VECTOR('',#1575,1000.);
#1022=VECTOR('',#1576,1000.);
#1023=VECTOR('',#1577,1000.);
#1024=VECTOR('',#1578,1000.);
#1025=VECTOR('',#1581,1000.);
#1026=VECTOR('',#1582,1000.);
#1027=VECTOR('',#1583,1000.);
#1028=VECTOR('',#1584,1000.);
#1029=VECTOR('',#1585,1000.);
#1030=VECTOR('',#1586,1000.);
#1031=VECTOR('',#1587,1000.);
#1032=VECTOR('',#1588,1000.);
#1033=VECTOR('',#1589,1000.);
#1034=VECTOR('',#1590,1000.);
#1035=VECTOR('',#1591,1000.);
#1036=VECTOR('',#1592,1000.);
#1037=VECTOR('',#1595,1000.);
#1038=VECTOR('',#1598,1000.);
#1039=VECTOR('',#1599,1000.);
#1040=VECTOR('',#1600,1000.);
#1041=VECTOR('',#1601,1000.);
#1042=VECTOR('',#1602,1000.);
#1043=VECTOR('',#1603,1000.);
#1044=VECTOR('',#1604,1000.);
#1045=VECTOR('',#1607,1000.);
#1046=VECTOR('',#1610,1000.);
#1047=VECTOR('',#1611,1000.);
#1048=VECTOR('',#1612,1000.);
#1049=VECTOR('',#1613,1000.);
#1050=VECTOR('',#1614,1000.);
#1051=VECTOR('',#1615,1000.);
#1052=VECTOR('',#1616,1000.);
#1053=VECTOR('',#1619,1000.);
#1054=VECTOR('',#1622,1000.);
#1055=VECTOR('',#1623,1000.);
#1056=VECTOR('',#1628,1000.);
#1057=VECTOR('',#1629,1000.);
#1058=VECTOR('',#1630,1000.);
#1059=VECTOR('',#1631,1000.);
#1060=VECTOR('',#1634,1000.);
#1061=VECTOR('',#1635,1000.);
#1062=VECTOR('',#1638,1000.);
#1063=VECTOR('',#1639,1000.);
#1064=VECTOR('',#1646,1000.);
#1065=VECTOR('',#1647,1000.);
#1066=VECTOR('',#1650,1000.);
#1067=VECTOR('',#1651,1000.);
#1068=VECTOR('',#1658,1000.);
#1069=VECTOR('',#1659,1000.);
#1070=VECTOR('',#1662,1000.);
#1071=VECTOR('',#1663,1000.);
#1072=VECTOR('',#1670,1000.);
#1073=VECTOR('',#1671,1000.);
#1074=VECTOR('',#1674,1000.);
#1075=VECTOR('',#1675,1000.);
#1076=VECTOR('',#1684,1000.);
#1077=VECTOR('',#1685,1000.);
#1078=VECTOR('',#1686,1000.);
#1079=VECTOR('',#1689,1000.);
#1080=VECTOR('',#1690,1000.);
#1081=VECTOR('',#1691,1000.);
#1082=VECTOR('',#1694,1000.);
#1083=VECTOR('',#1695,1000.);
#1084=VECTOR('',#1698,1000.);
#1085=VECTOR('',#1699,1000.);
#1086=EDGE_LOOP('',(#154,#155,#156,#157));
#1087=EDGE_LOOP('',(#158,#159,#160,#161,#162,#163));
#1088=EDGE_LOOP('',(#164,#165,#166,#167));
#1089=EDGE_LOOP('',(#168,#169,#170,#171,#172,#173));
#1090=EDGE_LOOP('',(#174,#175,#176,#177));
#1091=EDGE_LOOP('',(#178,#179,#180,#181));
#1092=EDGE_LOOP('',(#182,#183,#184,#185));
#1093=EDGE_LOOP('',(#186,#187,#188,#189));
#1094=EDGE_LOOP('',(#190,#191,#192,#193));
#1095=EDGE_LOOP('',(#194,#195,#196,#197));
#1096=EDGE_LOOP('',(#198,#199,#200,#201));
#1097=EDGE_LOOP('',(#202,#203,#204,#205));
#1098=EDGE_LOOP('',(#206,#207,#208,#209,#210,#211));
#1099=EDGE_LOOP('',(#212,#213,#214,#215));
#1100=EDGE_LOOP('',(#216,#217,#218,#219));
#1101=EDGE_LOOP('',(#220,#221,#222,#223));
#1102=EDGE_LOOP('',(#224,#225,#226,#227));
#1103=EDGE_LOOP('',(#228,#229,#230,#231,#232));
#1104=EDGE_LOOP('',(#233,#234,#235,#236));
#1105=EDGE_LOOP('',(#237,#238,#239,#240,#241));
#1106=EDGE_LOOP('',(#242,#243,#244,#245));
#1107=EDGE_LOOP('',(#246,#247,#248,#249,#250,#251));
#1108=EDGE_LOOP('',(#252,#253,#254,#255));
#1109=EDGE_LOOP('',(#256,#257,#258,#259));
#1110=EDGE_LOOP('',(#260,#261,#262,#263));
#1111=EDGE_LOOP('',(#264,#265,#266,#267));
#1112=EDGE_LOOP('',(#268,#269,#270,#271,#272,#273));
#1113=EDGE_LOOP('',(#274,#275,#276,#277));
#1114=EDGE_LOOP('',(#278,#279,#280,#281,#282,#283));
#1115=EDGE_LOOP('',(#284,#285,#286,#287));
#1116=EDGE_LOOP('',(#288,#289,#290,#291));
#1117=EDGE_LOOP('',(#292,#293,#294,#295));
#1118=EDGE_LOOP('',(#296,#297,#298,#299));
#1119=EDGE_LOOP('',(#300,#301,#302,#303));
#1120=EDGE_LOOP('',(#304,#305,#306,#307,#308));
#1121=EDGE_LOOP('',(#309,#310,#311,#312));
#1122=EDGE_LOOP('',(#313,#314,#315,#316,#317));
#1123=EDGE_LOOP('',(#318,#319,#320,#321));
#1124=EDGE_LOOP('',(#322,#323,#324,#325));
#1125=EDGE_LOOP('',(#326,#327,#328,#329));
#1126=EDGE_LOOP('',(#330,#331,#332,#333,#334,#335,#336,#337,#338,#339,#340,
#341));
#1127=EDGE_LOOP('',(#342,#343,#344,#345));
#1128=EDGE_LOOP('',(#346,#347,#348,#349,#350,#351,#352,#353,#354,#355,#356,
#357));
#1129=EDGE_LOOP('',(#358,#359,#360,#361));
#1130=EDGE_LOOP('',(#362,#363,#364,#365));
#1131=EDGE_LOOP('',(#366,#367,#368,#369,#370,#371,#372,#373));
#1132=EDGE_LOOP('',(#374,#375,#376,#377,#378,#379,#380,#381,#382,#383,#384,
#385));
#1133=EDGE_LOOP('',(#386,#387,#388,#389));
#1134=EDGE_LOOP('',(#390,#391,#392,#393,#394,#395,#396,#397,#398,#399,#400,
#401));
#1135=EDGE_LOOP('',(#402,#403,#404,#405));
#1136=EDGE_LOOP('',(#406,#407,#408));
#1137=EDGE_LOOP('',(#409,#410,#411,#412));
#1138=EDGE_LOOP('',(#413,#414,#415));
#1139=EDGE_LOOP('',(#416,#417,#418,#419,#420,#421,#422,#423,#424,#425,#426,
#427));
#1140=EDGE_LOOP('',(#428,#429,#430,#431));
#1141=EDGE_LOOP('',(#432,#433,#434));
#1142=EDGE_LOOP('',(#435,#436,#437,#438));
#1143=EDGE_LOOP('',(#439,#440,#441,#442));
#1144=EDGE_LOOP('',(#443,#444,#445,#446));
#1145=EDGE_LOOP('',(#447,#448,#449));
#1146=EDGE_LOOP('',(#450,#451,#452,#453,#454));
#1147=EDGE_LOOP('',(#455,#456,#457,#458,#459));
#1148=EDGE_LOOP('',(#460,#461,#462,#463));
#1149=EDGE_LOOP('',(#464,#465,#466,#467));
#1150=EDGE_LOOP('',(#468,#469,#470,#471,#472));
#1151=EDGE_LOOP('',(#473,#474,#475,#476,#477));
#1152=EDGE_LOOP('',(#478,#479,#480,#481));
#1153=EDGE_LOOP('',(#482,#483,#484,#485));
#1154=EDGE_LOOP('',(#486,#487,#488,#489));
#1155=EDGE_LOOP('',(#490,#491,#492,#493));
#1156=EDGE_LOOP('',(#494,#495,#496,#497,#498));
#1157=EDGE_LOOP('',(#499,#500,#501,#502,#503));
#1158=EDGE_LOOP('',(#504,#505,#506,#507));
#1159=EDGE_LOOP('',(#508,#509,#510,#511));
#1160=EDGE_LOOP('',(#512,#513,#514,#515,#516));
#1161=EDGE_LOOP('',(#517,#518,#519,#520,#521));
#1162=EDGE_LOOP('',(#522,#523,#524,#525));
#1163=EDGE_LOOP('',(#526,#527,#528,#529,#530,#531));
#1164=EDGE_LOOP('',(#532,#533,#534,#535));
#1165=EDGE_LOOP('',(#536,#537,#538,#539,#540,#541));
#1166=EDGE_LOOP('',(#542,#543,#544,#545));
#1167=EDGE_LOOP('',(#546,#547,#548,#549));
#1168=EDGE_LOOP('',(#550,#551,#552,#553));
#1169=EDGE_LOOP('',(#554,#555,#556,#557));
#1170=FACE_BOUND('',#1086,.T.);
#1171=FACE_BOUND('',#1087,.T.);
#1172=FACE_BOUND('',#1088,.T.);
#1173=FACE_BOUND('',#1089,.T.);
#1174=FACE_BOUND('',#1090,.T.);
#1175=FACE_BOUND('',#1091,.T.);
#1176=FACE_BOUND('',#1092,.T.);
#1177=FACE_BOUND('',#1093,.T.);
#1178=FACE_BOUND('',#1094,.T.);
#1179=FACE_BOUND('',#1095,.T.);
#1180=FACE_BOUND('',#1096,.T.);
#1181=FACE_BOUND('',#1097,.T.);
#1182=FACE_BOUND('',#1098,.T.);
#1183=FACE_BOUND('',#1099,.T.);
#1184=FACE_BOUND('',#1100,.T.);
#1185=FACE_BOUND('',#1101,.T.);
#1186=FACE_BOUND('',#1102,.T.);
#1187=FACE_BOUND('',#1103,.T.);
#1188=FACE_BOUND('',#1104,.T.);
#1189=FACE_BOUND('',#1105,.T.);
#1190=FACE_BOUND('',#1106,.T.);
#1191=FACE_BOUND('',#1107,.T.);
#1192=FACE_BOUND('',#1108,.T.);
#1193=FACE_BOUND('',#1109,.T.);
#1194=FACE_BOUND('',#1110,.T.);
#1195=FACE_BOUND('',#1111,.T.);
#1196=FACE_BOUND('',#1112,.T.);
#1197=FACE_BOUND('',#1113,.T.);
#1198=FACE_BOUND('',#1114,.T.);
#1199=FACE_BOUND('',#1115,.T.);
#1200=FACE_BOUND('',#1116,.T.);
#1201=FACE_BOUND('',#1117,.T.);
#1202=FACE_BOUND('',#1118,.T.);
#1203=FACE_BOUND('',#1119,.T.);
#1204=FACE_BOUND('',#1120,.T.);
#1205=FACE_BOUND('',#1121,.T.);
#1206=FACE_BOUND('',#1122,.T.);
#1207=FACE_BOUND('',#1123,.T.);
#1208=FACE_BOUND('',#1124,.T.);
#1209=FACE_BOUND('',#1125,.T.);
#1210=FACE_BOUND('',#1126,.T.);
#1211=FACE_BOUND('',#1127,.T.);
#1212=FACE_BOUND('',#1128,.T.);
#1213=FACE_BOUND('',#1129,.T.);
#1214=FACE_BOUND('',#1130,.T.);
#1215=FACE_BOUND('',#1131,.T.);
#1216=FACE_BOUND('',#1132,.T.);
#1217=FACE_BOUND('',#1133,.T.);
#1218=FACE_BOUND('',#1134,.T.);
#1219=FACE_BOUND('',#1135,.T.);
#1220=FACE_BOUND('',#1136,.T.);
#1221=FACE_BOUND('',#1137,.T.);
#1222=FACE_BOUND('',#1138,.T.);
#1223=FACE_BOUND('',#1139,.T.);
#1224=FACE_BOUND('',#1140,.T.);
#1225=FACE_BOUND('',#1141,.T.);
#1226=FACE_BOUND('',#1142,.T.);
#1227=FACE_BOUND('',#1143,.T.);
#1228=FACE_BOUND('',#1144,.T.);
#1229=FACE_BOUND('',#1145,.T.);
#1230=FACE_BOUND('',#1146,.T.);
#1231=FACE_BOUND('',#1147,.T.);
#1232=FACE_BOUND('',#1148,.T.);
#1233=FACE_BOUND('',#1149,.T.);
#1234=FACE_BOUND('',#1150,.T.);
#1235=FACE_BOUND('',#1151,.T.);
#1236=FACE_BOUND('',#1152,.T.);
#1237=FACE_BOUND('',#1153,.T.);
#1238=FACE_BOUND('',#1154,.T.);
#1239=FACE_BOUND('',#1155,.T.);
#1240=FACE_BOUND('',#1156,.T.);
#1241=FACE_BOUND('',#1157,.T.);
#1242=FACE_BOUND('',#1158,.T.);
#1243=FACE_BOUND('',#1159,.T.);
#1244=FACE_BOUND('',#1160,.T.);
#1245=FACE_BOUND('',#1161,.T.);
#1246=FACE_BOUND('',#1162,.T.);
#1247=FACE_BOUND('',#1163,.T.);
#1248=FACE_BOUND('',#1164,.T.);
#1249=FACE_BOUND('',#1165,.T.);
#1250=FACE_BOUND('',#1166,.T.);
#1251=FACE_BOUND('',#1167,.T.);
#1252=FACE_BOUND('',#1168,.T.);
#1253=FACE_BOUND('',#1169,.T.);
#1254=PLANE('',#1444);
#1255=PLANE('',#1445);
#1256=PLANE('',#1446);
#1257=PLANE('',#1447);
#1258=PLANE('',#1448);
#1259=PLANE('',#1449);
#1260=PLANE('',#1451);
#1261=PLANE('',#1452);
#1262=PLANE('',#1453);
#1263=PLANE('',#1454);
#1264=PLANE('',#1455);
#1265=PLANE('',#1457);
#1266=PLANE('',#1458);
#1267=PLANE('',#1459);
#1268=PLANE('',#1460);
#1269=PLANE('',#1461);
#1270=PLANE('',#1462);
#1271=PLANE('',#1464);
#1272=PLANE('',#1465);
#1273=PLANE('',#1466);
#1274=PLANE('',#1467);
#1275=PLANE('',#1468);
#1276=PLANE('',#1469);
#1277=PLANE('',#1470);
#1278=PLANE('',#1471);
#1279=PLANE('',#1472);
#1280=PLANE('',#1473);
#1281=PLANE('',#1474);
#1282=PLANE('',#1475);
#1283=PLANE('',#1476);
#1284=PLANE('',#1477);
#1285=PLANE('',#1478);
#1286=PLANE('',#1479);
#1287=PLANE('',#1480);
#1288=PLANE('',#1481);
#1289=PLANE('',#1482);
#1290=PLANE('',#1483);
#1291=PLANE('',#1484);
#1292=PLANE('',#1485);
#1293=PLANE('',#1486);
#1294=PLANE('',#1487);
#1295=PLANE('',#1488);
#1296=PLANE('',#1489);
#1297=PLANE('',#1491);
#1298=PLANE('',#1492);
#1299=PLANE('',#1493);
#1300=PLANE('',#1494);
#1301=PLANE('',#1495);
#1302=PLANE('',#1496);
#1303=ADVANCED_FACE('',(#1170),#1254,.T.);
#1304=ADVANCED_FACE('',(#1171),#1255,.F.);
#1305=ADVANCED_FACE('',(#1172),#1256,.F.);
#1306=ADVANCED_FACE('',(#1173),#1257,.T.);
#1307=ADVANCED_FACE('',(#1174),#1258,.T.);
#1308=ADVANCED_FACE('',(#1175),#1259,.F.);
#1309=ADVANCED_FACE('',(#1176),#20,.T.);
#1310=ADVANCED_FACE('',(#1177),#21,.T.);
#1311=ADVANCED_FACE('',(#1178),#1260,.T.);
#1312=ADVANCED_FACE('',(#1179),#1261,.F.);
#1313=ADVANCED_FACE('',(#1180),#1262,.F.);
#1314=ADVANCED_FACE('',(#1181),#1263,.T.);
#1315=ADVANCED_FACE('',(#1182),#1264,.F.);
#1316=ADVANCED_FACE('',(#1183),#22,.T.);
#1317=ADVANCED_FACE('',(#1184),#23,.T.);
#1318=ADVANCED_FACE('',(#1185),#24,.T.);
#1319=ADVANCED_FACE('',(#1186),#25,.T.);
#1320=ADVANCED_FACE('',(#1187),#26,.T.);
#1321=ADVANCED_FACE('',(#1188),#27,.T.);
#1322=ADVANCED_FACE('',(#1189),#28,.T.);
#1323=ADVANCED_FACE('',(#1190),#29,.T.);
#1324=ADVANCED_FACE('',(#1191),#30,.T.);
#1325=ADVANCED_FACE('',(#1192),#31,.T.);
#1326=ADVANCED_FACE('',(#1193),#32,.T.);
#1327=ADVANCED_FACE('',(#1194),#33,.T.);
#1328=ADVANCED_FACE('',(#1195),#1265,.F.);
#1329=ADVANCED_FACE('',(#1196),#1266,.T.);
#1330=ADVANCED_FACE('',(#1197),#1267,.T.);
#1331=ADVANCED_FACE('',(#1198),#1268,.F.);
#1332=ADVANCED_FACE('',(#1199),#1269,.F.);
#1333=ADVANCED_FACE('',(#1200),#1270,.T.);
#1334=ADVANCED_FACE('',(#1201),#34,.T.);
#1335=ADVANCED_FACE('',(#1202),#35,.T.);
#1336=ADVANCED_FACE('',(#1203,#1204,#1205),#1271,.F.);
#1337=ADVANCED_FACE('',(#1206,#1207,#1208),#1272,.T.);
#1338=ADVANCED_FACE('',(#1209),#1273,.F.);
#1339=ADVANCED_FACE('',(#1210),#1274,.F.);
#1340=ADVANCED_FACE('',(#1211),#1275,.F.);
#1341=ADVANCED_FACE('',(#1212),#1276,.T.);
#1342=ADVANCED_FACE('',(#1213),#1277,.T.);
#1343=ADVANCED_FACE('',(#1214),#1278,.T.);
#1344=ADVANCED_FACE('',(#1215),#1279,.T.);
#1345=ADVANCED_FACE('',(#1216),#1280,.F.);
#1346=ADVANCED_FACE('',(#1217),#36,.T.);
#1347=ADVANCED_FACE('',(#1218),#37,.T.);
#1348=ADVANCED_FACE('',(#1219),#38,.T.);
#1349=ADVANCED_FACE('',(#1220),#39,.T.);
#1350=ADVANCED_FACE('',(#1221),#40,.T.);
#1351=ADVANCED_FACE('',(#1222),#41,.T.);
#1352=ADVANCED_FACE('',(#1223),#42,.T.);
#1353=ADVANCED_FACE('',(#1224),#43,.T.);
#1354=ADVANCED_FACE('',(#1225),#44,.T.);
#1355=ADVANCED_FACE('',(#1226),#45,.T.);
#1356=ADVANCED_FACE('',(#1227),#46,.T.);
#1357=ADVANCED_FACE('',(#1228),#47,.T.);
#1358=ADVANCED_FACE('',(#1229),#48,.T.);
#1359=ADVANCED_FACE('',(#1230),#1281,.T.);
#1360=ADVANCED_FACE('',(#1231),#1282,.F.);
#1361=ADVANCED_FACE('',(#1232),#1283,.T.);
#1362=ADVANCED_FACE('',(#1233),#1284,.F.);
#1363=ADVANCED_FACE('',(#1234),#1285,.T.);
#1364=ADVANCED_FACE('',(#1235),#1286,.F.);
#1365=ADVANCED_FACE('',(#1236),#1287,.T.);
#1366=ADVANCED_FACE('',(#1237),#1288,.F.);
#1367=ADVANCED_FACE('',(#1238),#1289,.F.);
#1368=ADVANCED_FACE('',(#1239),#1290,.T.);
#1369=ADVANCED_FACE('',(#1240),#1291,.F.);
#1370=ADVANCED_FACE('',(#1241),#1292,.T.);
#1371=ADVANCED_FACE('',(#1242),#1293,.F.);
#1372=ADVANCED_FACE('',(#1243),#1294,.T.);
#1373=ADVANCED_FACE('',(#1244),#1295,.F.);
#1374=ADVANCED_FACE('',(#1245),#1296,.T.);
#1375=ADVANCED_FACE('',(#1246),#1297,.F.);
#1376=ADVANCED_FACE('',(#1247),#1298,.T.);
#1377=ADVANCED_FACE('',(#1248),#1299,.T.);
#1378=ADVANCED_FACE('',(#1249),#1300,.F.);
#1379=ADVANCED_FACE('',(#1250),#1301,.F.);
#1380=ADVANCED_FACE('',(#1251),#1302,.T.);
#1381=ADVANCED_FACE('',(#1252),#49,.T.);
#1382=ADVANCED_FACE('',(#1253),#50,.T.);
#1383=CLOSED_SHELL('',(#1303,#1304,#1305,#1306,#1307,#1308,#1309,#1310));
#1384=CLOSED_SHELL('',(#1311,#1312,#1313,#1314,#1315,#1316,#1317,#1318,
#1319,#1320,#1321,#1322,#1323,#1324,#1325,#1326,#1327));
#1385=CLOSED_SHELL('',(#1328,#1329,#1330,#1331,#1332,#1333,#1334,#1335));
#1386=CLOSED_SHELL('',(#1336,#1337,#1338,#1339,#1340,#1341,#1342,#1343,
#1344,#1345,#1346,#1347,#1348,#1349,#1350,#1351,#1352,#1353,#1354,#1355,
#1356,#1357,#1358,#1359,#1360,#1361,#1362,#1363,#1364,#1365,#1366,#1367,
#1368,#1369,#1370,#1371,#1372,#1373,#1374));
#1387=CLOSED_SHELL('',(#1375,#1376,#1377,#1378,#1379,#1380,#1381,#1382));
#1388=STYLED_ITEM('',(#1393),#1428);
#1389=STYLED_ITEM('',(#1394),#1429);
#1390=STYLED_ITEM('',(#1395),#1430);
#1391=STYLED_ITEM('',(#1396),#1431);
#1392=STYLED_ITEM('',(#1397),#1432);
#1393=PRESENTATION_STYLE_ASSIGNMENT((#1398));
#1394=PRESENTATION_STYLE_ASSIGNMENT((#1399));
#1395=PRESENTATION_STYLE_ASSIGNMENT((#1400));
#1396=PRESENTATION_STYLE_ASSIGNMENT((#1401));
#1397=PRESENTATION_STYLE_ASSIGNMENT((#1402));
#1398=SURFACE_STYLE_USAGE(.BOTH.,#1403);
#1399=SURFACE_STYLE_USAGE(.BOTH.,#1404);
#1400=SURFACE_STYLE_USAGE(.BOTH.,#1405);
#1401=SURFACE_STYLE_USAGE(.BOTH.,#1406);
#1402=SURFACE_STYLE_USAGE(.BOTH.,#1407);
#1403=SURFACE_SIDE_STYLE('',(#1408));
#1404=SURFACE_SIDE_STYLE('',(#1409));
#1405=SURFACE_SIDE_STYLE('',(#1410));
#1406=SURFACE_SIDE_STYLE('',(#1411));
#1407=SURFACE_SIDE_STYLE('',(#1412));
#1408=SURFACE_STYLE_FILL_AREA(#1413);
#1409=SURFACE_STYLE_FILL_AREA(#1414);
#1410=SURFACE_STYLE_FILL_AREA(#1415);
#1411=SURFACE_STYLE_FILL_AREA(#1416);
#1412=SURFACE_STYLE_FILL_AREA(#1417);
#1413=FILL_AREA_STYLE('',(#1418));
#1414=FILL_AREA_STYLE('',(#1419));
#1415=FILL_AREA_STYLE('',(#1420));
#1416=FILL_AREA_STYLE('',(#1421));
#1417=FILL_AREA_STYLE('',(#1422));
#1418=FILL_AREA_STYLE_COLOUR('',#1423);
#1419=FILL_AREA_STYLE_COLOUR('',#1424);
#1420=FILL_AREA_STYLE_COLOUR('',#1425);
#1421=FILL_AREA_STYLE_COLOUR('',#1426);
#1422=FILL_AREA_STYLE_COLOUR('',#1427);
#1423=COLOUR_RGB('',0.231372549019608,0.380392156862745,0.705882352941177);
#1424=COLOUR_RGB('',0.647058823529412,0.647058823529412,0.647058823529412);
#1425=COLOUR_RGB('',0.768627450980392,0.886274509803922,0.952941176470588);
#1426=COLOUR_RGB('',0.615686274509804,0.811764705882353,0.929411764705882);
#1427=COLOUR_RGB('',0.917647058823529,0.917647058823529,0.917647058823529);
#1428=MANIFOLD_SOLID_BREP('Part 3',#1383);
#1429=MANIFOLD_SOLID_BREP('Part 2',#1384);
#1430=MANIFOLD_SOLID_BREP('Part 5',#1385);
#1431=MANIFOLD_SOLID_BREP('Part 1',#1386);
#1432=MANIFOLD_SOLID_BREP('Part 4',#1387);
#1433=SHAPE_DEFINITION_REPRESENTATION(#3323,#1438);
#1434=SHAPE_DEFINITION_REPRESENTATION(#3324,#1439);
#1435=SHAPE_DEFINITION_REPRESENTATION(#3325,#1440);
#1436=SHAPE_DEFINITION_REPRESENTATION(#3326,#1441);
#1437=SHAPE_DEFINITION_REPRESENTATION(#3327,#1442);
#1438=SHAPE_REPRESENTATION('Part 3',(#1443),#3298);
#1439=SHAPE_REPRESENTATION('Part 2',(#1450),#3299);
#1440=SHAPE_REPRESENTATION('Part 5',(#1456),#3300);
#1441=SHAPE_REPRESENTATION('Part 1',(#1463),#3301);
#1442=SHAPE_REPRESENTATION('Part 4',(#1490),#3302);
#1443=AXIS2_PLACEMENT_3D('',#1704,#1497,#1498);
#1444=AXIS2_PLACEMENT_3D('',#1705,#1499,#1500);
#1445=AXIS2_PLACEMENT_3D('',#1717,#1504,#1505);
#1446=AXIS2_PLACEMENT_3D('',#1733,#1509,#1510);
#1447=AXIS2_PLACEMENT_3D('',#1742,#1513,#1514);
#1448=AXIS2_PLACEMENT_3D('',#1755,#1517,#1518);
#1449=AXIS2_PLACEMENT_3D('',#1756,#1519,#1520);
#1450=AXIS2_PLACEMENT_3D('',#1781,#1521,#1522);
#1451=AXIS2_PLACEMENT_3D('',#1782,#1523,#1524);
#1452=AXIS2_PLACEMENT_3D('',#1800,#1526,#1527);
#1453=AXIS2_PLACEMENT_3D('',#1815,#1530,#1531);
#1454=AXIS2_PLACEMENT_3D('',#1824,#1534,#1535);
#1455=AXIS2_PLACEMENT_3D('',#1836,#1537,#1538);
#1456=AXIS2_PLACEMENT_3D('',#2395,#1539,#1540);
#1457=AXIS2_PLACEMENT_3D('',#2396,#1541,#1542);
#1458=AXIS2_PLACEMENT_3D('',#2408,#1546,#1547);
#1459=AXIS2_PLACEMENT_3D('',#2424,#1551,#1552);
#1460=AXIS2_PLACEMENT_3D('',#2433,#1555,#1556);
#1461=AXIS2_PLACEMENT_3D('',#2446,#1559,#1560);
#1462=AXIS2_PLACEMENT_3D('',#2455,#1561,#1562);
#1463=AXIS2_PLACEMENT_3D('',#2472,#1563,#1564);
#1464=AXIS2_PLACEMENT_3D('',#2473,#1565,#1566);
#1465=AXIS2_PLACEMENT_3D('',#2503,#1579,#1580);
#1466=AXIS2_PLACEMENT_3D('',#2533,#1593,#1594);
#1467=AXIS2_PLACEMENT_3D('',#2545,#1596,#1597);
#1468=AXIS2_PLACEMENT_3D('',#2585,#1605,#1606);
#1469=AXIS2_PLACEMENT_3D('',#2603,#1608,#1609);
#1470=AXIS2_PLACEMENT_3D('',#2643,#1617,#1618);
#1471=AXIS2_PLACEMENT_3D('',#2655,#1620,#1621);
#1472=AXIS2_PLACEMENT_3D('',#2658,#1624,#1625);
#1473=AXIS2_PLACEMENT_3D('',#2683,#1626,#1627);
#1474=AXIS2_PLACEMENT_3D('',#3184,#1632,#1633);
#1475=AXIS2_PLACEMENT_3D('',#3187,#1636,#1637);
#1476=AXIS2_PLACEMENT_3D('',#3190,#1640,#1641);
#1477=AXIS2_PLACEMENT_3D('',#3191,#1642,#1643);
#1478=AXIS2_PLACEMENT_3D('',#3192,#1644,#1645);
#1479=AXIS2_PLACEMENT_3D('',#3195,#1648,#1649);
#1480=AXIS2_PLACEMENT_3D('',#3198,#1652,#1653);
#1481=AXIS2_PLACEMENT_3D('',#3199,#1654,#1655);
#1482=AXIS2_PLACEMENT_3D('',#3200,#1656,#1657);
#1483=AXIS2_PLACEMENT_3D('',#3203,#1660,#1661);
#1484=AXIS2_PLACEMENT_3D('',#3206,#1664,#1665);
#1485=AXIS2_PLACEMENT_3D('',#3207,#1666,#1667);
#1486=AXIS2_PLACEMENT_3D('',#3208,#1668,#1669);
#1487=AXIS2_PLACEMENT_3D('',#3211,#1672,#1673);
#1488=AXIS2_PLACEMENT_3D('',#3214,#1676,#1677);
#1489=AXIS2_PLACEMENT_3D('',#3215,#1678,#1679);
#1490=AXIS2_PLACEMENT_3D('',#3216,#1680,#1681);
#1491=AXIS2_PLACEMENT_3D('',#3217,#1682,#1683);
#1492=AXIS2_PLACEMENT_3D('',#3229,#1687,#1688);
#1493=AXIS2_PLACEMENT_3D('',#3245,#1692,#1693);
#1494=AXIS2_PLACEMENT_3D('',#3254,#1696,#1697);
#1495=AXIS2_PLACEMENT_3D('',#3267,#1700,#1701);
#1496=AXIS2_PLACEMENT_3D('',#3276,#1702,#1703);
#1497=DIRECTION('',(0.,0.,1.));
#1498=DIRECTION('',(1.,0.,0.));
#1499=DIRECTION('',(1.,0.,0.));
#1500=DIRECTION('',(0.,-1.,0.));
#1501=DIRECTION('',(0.,0.,-1.));
#1502=DIRECTION('',(0.,0.,-1.));
#1503=DIRECTION('',(0.,-1.,0.));
#1504=DIRECTION('',(1.22464679914735E-16,-1.,0.));
#1505=DIRECTION('',(-1.,-1.22464679914735E-16,0.));
#1506=DIRECTION('',(-1.,-1.22464679914735E-16,0.));
#1507=DIRECTION('',(0.,0.,-1.));
#1508=DIRECTION('',(-1.,-1.22464679914735E-16,0.));
#1509=DIRECTION('',(1.,0.,0.));
#1510=DIRECTION('',(0.,-1.,0.));
#1511=DIRECTION('',(0.,0.,-1.));
#1512=DIRECTION('',(0.,-1.,0.));
#1513=DIRECTION('',(1.25539198919374E-16,-1.,0.));
#1514=DIRECTION('',(-1.,-1.25539198919374E-16,0.));
#1515=DIRECTION('',(-1.,-1.25539198919374E-16,0.));
#1516=DIRECTION('',(-1.,-1.25539198919374E-16,0.));
#1517=DIRECTION('',(0.,0.,1.));
#1518=DIRECTION('',(1.,0.,0.));
#1519=DIRECTION('',(0.,0.,1.));
#1520=DIRECTION('',(1.,0.,0.));
#1521=DIRECTION('',(0.,0.,1.));
#1522=DIRECTION('',(1.,0.,0.));
#1523=DIRECTION('',(0.,0.,-1.));
#1524=DIRECTION('',(0.,1.,0.));
#1525=DIRECTION('',(1.,0.,0.));
#1526=DIRECTION('',(1.,0.,0.));
#1527=DIRECTION('',(0.,-1.,0.));
#1528=DIRECTION('',(0.,-1.,0.));
#1529=DIRECTION('',(0.,0.,1.));
#1530=DIRECTION('',(0.,0.,-1.));
#1531=DIRECTION('',(0.,1.,0.));
#1532=DIRECTION('',(0.,-1.,0.));
#1533=DIRECTION('',(1.,0.,0.));
#1534=DIRECTION('',(1.,0.,0.));
#1535=DIRECTION('',(0.,-1.,0.));
#1536=DIRECTION('',(0.,0.,1.));
#1537=DIRECTION('',(0.,1.,0.));
#1538=DIRECTION('',(1.,0.,0.));
#1539=DIRECTION('',(0.,0.,1.));
#1540=DIRECTION('',(1.,0.,0.));
#1541=DIRECTION('',(0.,0.,-1.));
#1542=DIRECTION('',(0.,1.,0.));
#1543=DIRECTION('',(1.25539198919374E-16,-1.,0.));
#1544=DIRECTION('',(1.25539198919374E-16,-1.,0.));
#1545=DIRECTION('',(1.,1.25539198919374E-16,0.));
#1546=DIRECTION('',(-1.,-1.25539198919374E-16,0.));
#1547=DIRECTION('',(-1.25539198919374E-16,1.,0.));
#1548=DIRECTION('',(0.,0.,-1.));
#1549=DIRECTION('',(1.25539198919374E-16,-1.,0.));
#1550=DIRECTION('',(0.,0.,-1.));
#1551=DIRECTION('',(0.,0.,-1.));
#1552=DIRECTION('',(0.,1.,0.));
#1553=DIRECTION('',(1.25539198919374E-16,-1.,0.));
#1554=DIRECTION('',(1.,1.25539198919374E-16,0.));
#1555=DIRECTION('',(-1.,-1.25539198919374E-16,0.));
#1556=DIRECTION('',(-1.25539198919374E-16,1.,0.));
#1557=DIRECTION('',(0.,0.,-1.));
#1558=DIRECTION('',(0.,0.,-1.));
#1559=DIRECTION('',(1.25539198919374E-16,-1.,0.));
#1560=DIRECTION('',(1.,1.25539198919374E-16,0.));
#1561=DIRECTION('',(1.25539198919374E-16,-1.,0.));
#1562=DIRECTION('',(1.,1.25539198919374E-16,0.));
#1563=DIRECTION('',(0.,0.,1.));
#1564=DIRECTION('',(1.,0.,0.));
#1565=DIRECTION('',(1.,0.,-6.67201336914157E-17));
#1566=DIRECTION('',(-6.67201336914157E-17,0.,-1.));
#1567=DIRECTION('',(-6.67201336914157E-17,0.,-1.));
#1568=DIRECTION('',(0.,-1.,0.));
#1569=DIRECTION('',(-6.67201336914157E-17,0.,-1.));
#1570=DIRECTION('',(0.,-1.,0.));
#1571=DIRECTION('',(6.67201336914157E-17,0.,1.));
#1572=DIRECTION('',(0.,-1.,0.));
#1573=DIRECTION('',(6.67201336914157E-17,0.,1.));
#1574=DIRECTION('',(0.,-1.,0.));
#1575=DIRECTION('',(-6.67201336914157E-17,0.,-1.));
#1576=DIRECTION('',(0.,-1.,0.));
#1577=DIRECTION('',(-6.67201336914157E-17,0.,-1.));
#1578=DIRECTION('',(0.,-1.,0.));
#1579=DIRECTION('',(1.,0.,-6.67201336914157E-17));
#1580=DIRECTION('',(-6.67201336914157E-17,0.,-1.));
#1581=DIRECTION('',(0.,-1.,0.));
#1582=DIRECTION('',(6.67201336914157E-17,0.,1.));
#1583=DIRECTION('',(0.,-1.,0.));
#1584=DIRECTION('',(6.67201336914157E-17,0.,1.));
#1585=DIRECTION('',(0.,-1.,0.));
#1586=DIRECTION('',(-6.67201336914157E-17,0.,-1.));
#1587=DIRECTION('',(0.,-1.,0.));
#1588=DIRECTION('',(-6.67201336914157E-17,0.,-1.));
#1589=DIRECTION('',(0.,-1.,0.));
#1590=DIRECTION('',(-6.67201336914157E-17,0.,-1.));
#1591=DIRECTION('',(0.,-1.,0.));
#1592=DIRECTION('',(-6.67201336914157E-17,0.,-1.));
#1593=DIRECTION('',(0.,0.,1.));
#1594=DIRECTION('',(0.,-1.,0.));
#1595=DIRECTION('',(-1.,0.,0.));
#1596=DIRECTION('',(1.,0.,-6.19544098563145E-17));
#1597=DIRECTION('',(-6.19544098563145E-17,0.,-1.));
#1598=DIRECTION('',(0.,-1.,0.));
#1599=DIRECTION('',(-6.19544098563145E-17,0.,-1.));
#1600=DIRECTION('',(0.,-1.,0.));
#1601=DIRECTION('',(0.,-1.,0.));
#1602=DIRECTION('',(-6.19544098563145E-17,0.,-1.));
#1603=DIRECTION('',(0.,-1.,0.));
#1604=DIRECTION('',(6.19544098563145E-17,0.,1.));
#1605=DIRECTION('',(0.,0.,-1.));
#1606=DIRECTION('',(0.,1.,0.));
#1607=DIRECTION('',(1.,0.,0.));
#1608=DIRECTION('',(1.,0.,-6.19544098563145E-17));
#1609=DIRECTION('',(-6.19544098563145E-17,0.,-1.));
#1610=DIRECTION('',(0.,-1.,0.));
#1611=DIRECTION('',(6.19544098563145E-17,0.,1.));
#1612=DIRECTION('',(0.,-1.,0.));
#1613=DIRECTION('',(-6.19544098563145E-17,0.,-1.));
#1614=DIRECTION('',(0.,-1.,0.));
#1615=DIRECTION('',(0.,-1.,0.));
#1616=DIRECTION('',(-6.19544098563145E-17,0.,-1.));
#1617=DIRECTION('',(0.,0.,-1.));
#1618=DIRECTION('',(0.,1.,0.));
#1619=DIRECTION('',(1.,0.,0.));
#1620=DIRECTION('',(0.,0.,-1.));
#1621=DIRECTION('',(0.,1.,0.));
#1622=DIRECTION('',(1.,0.,0.));
#1623=DIRECTION('',(1.,0.,0.));
#1624=DIRECTION('',(0.,1.,0.));
#1625=DIRECTION('',(1.,0.,0.));
#1626=DIRECTION('',(0.,1.,0.));
#1627=DIRECTION('',(1.,0.,0.));
#1628=DIRECTION('',(6.17614054642388E-17,0.,1.));
#1629=DIRECTION('',(6.17614054642388E-17,0.,1.));
#1630=DIRECTION('',(-6.17614054642388E-17,0.,-1.));
#1631=DIRECTION('',(-6.17614054642388E-17,0.,-1.));
#1632=DIRECTION('',(6.19544098563145E-17,0.,1.));
#1633=DIRECTION('',(1.,0.,-6.19544098563145E-17));
#1634=DIRECTION('',(1.,0.,-6.19544098563145E-17));
#1635=DIRECTION('',(1.,0.,-6.19544098563145E-17));
#1636=DIRECTION('',(6.19544098563145E-17,0.,1.));
#1637=DIRECTION('',(1.,0.,-6.19544098563145E-17));
#1638=DIRECTION('',(1.,0.,-6.19544098563145E-17));
#1639=DIRECTION('',(1.,0.,-6.19544098563145E-17));
#1640=DIRECTION('',(0.,-1.,0.));
#1641=DIRECTION('',(-1.,0.,0.));
#1642=DIRECTION('',(0.,-1.,0.));
#1643=DIRECTION('',(-1.,0.,0.));
#1644=DIRECTION('',(6.19544098563145E-17,0.,1.));
#1645=DIRECTION('',(1.,0.,-6.19544098563145E-17));
#1646=DIRECTION('',(1.,0.,-6.19544098563145E-17));
#1647=DIRECTION('',(1.,0.,-6.19544098563145E-17));
#1648=DIRECTION('',(6.19544098563145E-17,0.,1.));
#1649=DIRECTION('',(1.,0.,-6.19544098563145E-17));
#1650=DIRECTION('',(1.,0.,-6.19544098563145E-17));
#1651=DIRECTION('',(1.,0.,-6.19544098563145E-17));
#1652=DIRECTION('',(0.,-1.,0.));
#1653=DIRECTION('',(-1.,0.,0.));
#1654=DIRECTION('',(0.,-1.,0.));
#1655=DIRECTION('',(-1.,0.,0.));
#1656=DIRECTION('',(0.,-1.,0.));
#1657=DIRECTION('',(-1.,0.,0.));
#1658=DIRECTION('',(1.,0.,-6.19544098563145E-17));
#1659=DIRECTION('',(1.,0.,-6.19544098563145E-17));
#1660=DIRECTION('',(0.,-1.,0.));
#1661=DIRECTION('',(-1.,0.,0.));
#1662=DIRECTION('',(1.,0.,-6.19544098563145E-17));
#1663=DIRECTION('',(1.,0.,-6.19544098563145E-17));
#1664=DIRECTION('',(6.19544098563145E-17,0.,1.));
#1665=DIRECTION('',(1.,0.,-6.19544098563145E-17));
#1666=DIRECTION('',(6.19544098563145E-17,0.,1.));
#1667=DIRECTION('',(1.,0.,-6.19544098563145E-17));
#1668=DIRECTION('',(0.,-1.,0.));
#1669=DIRECTION('',(-1.,0.,0.));
#1670=DIRECTION('',(1.,0.,-6.19544098563145E-17));
#1671=DIRECTION('',(1.,0.,-6.19544098563145E-17));
#1672=DIRECTION('',(0.,-1.,0.));
#1673=DIRECTION('',(-1.,0.,0.));
#1674=DIRECTION('',(1.,0.,-6.19544098563145E-17));
#1675=DIRECTION('',(1.,0.,-6.19544098563145E-17));
#1676=DIRECTION('',(6.19544098563145E-17,0.,1.));
#1677=DIRECTION('',(1.,0.,-6.19544098563145E-17));
#1678=DIRECTION('',(6.19544098563145E-17,0.,1.));
#1679=DIRECTION('',(1.,0.,-6.19544098563145E-17));
#1680=DIRECTION('',(0.,0.,1.));
#1681=DIRECTION('',(1.,0.,0.));
#1682=DIRECTION('',(0.,0.,-1.));
#1683=DIRECTION('',(0.,1.,0.));
#1684=DIRECTION('',(1.25539198919374E-16,-1.,0.));
#1685=DIRECTION('',(1.25539198919374E-16,-1.,0.));
#1686=DIRECTION('',(1.,1.25539198919374E-16,0.));
#1687=DIRECTION('',(-1.,-1.25539198919374E-16,0.));
#1688=DIRECTION('',(-1.25539198919374E-16,1.,0.));
#1689=DIRECTION('',(0.,0.,-1.));
#1690=DIRECTION('',(1.25539198919374E-16,-1.,0.));
#1691=DIRECTION('',(0.,0.,-1.));
#1692=DIRECTION('',(0.,0.,-1.));
#1693=DIRECTION('',(0.,1.,0.));
#1694=DIRECTION('',(1.25539198919374E-16,-1.,0.));
#1695=DIRECTION('',(1.,1.25539198919374E-16,0.));
#1696=DIRECTION('',(-1.,-1.25539198919374E-16,0.));
#1697=DIRECTION('',(-1.25539198919374E-16,1.,0.));
#1698=DIRECTION('',(0.,0.,-1.));
#1699=DIRECTION('',(0.,0.,-1.));
#1700=DIRECTION('',(1.25539198919374E-16,-1.,0.));
#1701=DIRECTION('',(1.,1.25539198919374E-16,0.));
#1702=DIRECTION('',(1.25539198919374E-16,-1.,0.));
#1703=DIRECTION('',(1.,1.25539198919374E-16,0.));
#1704=CARTESIAN_POINT('',(0.,0.,0.));
#1705=CARTESIAN_POINT('',(18.3545077741146,-1.5,18.9785));
#1706=CARTESIAN_POINT('',(18.3545077741146,-3.,18.9785));
#1707=CARTESIAN_POINT('',(18.3545077741146,-3.,18.9785));
#1708=CARTESIAN_POINT('',(18.3545077741146,-3.,-42.0215));
#1709=CARTESIAN_POINT('',(18.3545077741146,-3.,-42.0215));
#1710=CARTESIAN_POINT('',(18.3545077741146,-2.,-42.0215));
#1711=CARTESIAN_POINT('',(18.3545077741146,-1.,-42.0215));
#1712=CARTESIAN_POINT('',(18.3545077741146,0.,-42.0215));
#1713=CARTESIAN_POINT('',(18.3545077741146,2.39270384136931E-15,-42.0215));
#1714=CARTESIAN_POINT('',(18.3545077741146,2.39270384136931E-15,18.9785));
#1715=CARTESIAN_POINT('',(18.3545077741146,2.39270384136931E-15,18.9785));
#1716=CARTESIAN_POINT('',(18.3545077741146,-1.5,18.9785));
#1717=CARTESIAN_POINT('',(-0.645492225885395,6.58749229893393E-17,18.9785));
#1718=CARTESIAN_POINT('',(-0.645492225885395,6.58749229893393E-17,-47.0215));
#1719=CARTESIAN_POINT('',(13.3545077741146,1.78038044179564E-15,-47.0215));
#1720=CARTESIAN_POINT('',(-14.6454922258854,-1.64863059581696E-15,-47.0215));
#1721=CARTESIAN_POINT('',(-14.6454922258854,-1.64863059581695E-15,-47.0215));
#1722=CARTESIAN_POINT('',(-17.9788255592187,-2.05684619553274E-15,-47.0215));
#1723=CARTESIAN_POINT('',(-19.6454922258854,-2.26095399539063E-15,-45.3548333333333));
#1724=CARTESIAN_POINT('',(-19.6454922258854,-2.26095399539063E-15,-42.0215));
#1725=CARTESIAN_POINT('',(-19.6454922258854,0.,-42.0215));
#1726=CARTESIAN_POINT('',(-19.6454922258854,0.,18.9785));
#1727=CARTESIAN_POINT('',(-19.6454922258854,0.,18.9785));
#1728=CARTESIAN_POINT('',(-0.645492225885395,6.58749229893393E-17,18.9785));
#1729=CARTESIAN_POINT('',(18.3545077741146,2.39270384136931E-15,-42.0215));
#1730=CARTESIAN_POINT('',(18.3545077741146,2.39270384136931E-15,-45.3548333333333));
#1731=CARTESIAN_POINT('',(16.6878411074479,2.18859604151142E-15,-47.0215));
#1732=CARTESIAN_POINT('',(13.3545077741146,1.78038044179563E-15,-47.0215));
#1733=CARTESIAN_POINT('',(-19.6454922258854,-1.5,18.9785));
#1734=CARTESIAN_POINT('',(-19.6454922258854,0.,-42.0215));
#1735=CARTESIAN_POINT('',(-19.6454922258854,-1.,-42.0215));
#1736=CARTESIAN_POINT('',(-19.6454922258854,-2.,-42.0215));
#1737=CARTESIAN_POINT('',(-19.6454922258854,-3.,-42.0215));
#1738=CARTESIAN_POINT('',(-19.6454922258854,-3.,-42.0215));
#1739=CARTESIAN_POINT('',(-19.6454922258854,-3.,18.9785));
#1740=CARTESIAN_POINT('',(-19.6454922258854,-3.,18.9785));
#1741=CARTESIAN_POINT('',(-19.6454922258854,-1.5,18.9785));
#1742=CARTESIAN_POINT('',(-0.645492225885395,-3.,18.9785));
#1743=CARTESIAN_POINT('',(-19.6454922258854,-3.,-42.0215));
#1744=CARTESIAN_POINT('',(-19.6454922258854,-3.,-45.3548333333333));
#1745=CARTESIAN_POINT('',(-17.9788255592187,-3.,-47.0215));
#1746=CARTESIAN_POINT('',(-14.6454922258854,-3.,-47.0215));
#1747=CARTESIAN_POINT('',(-14.6454922258854,-3.,-47.0215));
#1748=CARTESIAN_POINT('',(-0.645492225885395,-3.,-47.0215));
#1749=CARTESIAN_POINT('',(13.3545077741146,-3.,-47.0215));
#1750=CARTESIAN_POINT('',(13.3545077741146,-3.,-47.0215));
#1751=CARTESIAN_POINT('',(16.6878411074479,-3.,-47.0215));
#1752=CARTESIAN_POINT('',(18.3545077741146,-3.,-45.3548333333333));
#1753=CARTESIAN_POINT('',(18.3545077741146,-3.,-42.0215));
#1754=CARTESIAN_POINT('',(-0.645492225885395,-3.,18.9785));
#1755=CARTESIAN_POINT('',(-0.645492225885391,-1.5,18.9785));
#1756=CARTESIAN_POINT('',(-0.645492225885391,-1.5,-47.0215));
#1757=CARTESIAN_POINT('',(-14.6454922258854,-3.,-47.0215));
#1758=CARTESIAN_POINT('',(-14.6454922258854,-2.,-47.0215));
#1759=CARTESIAN_POINT('',(-14.6454922258854,-1.,-47.0215));
#1760=CARTESIAN_POINT('',(-14.6454922258854,0.,-47.0215));
#1761=CARTESIAN_POINT('',(13.3545077741146,0.,-47.0215));
#1762=CARTESIAN_POINT('',(13.3545077741146,-1.,-47.0215));
#1763=CARTESIAN_POINT('',(13.3545077741146,-2.,-47.0215));
#1764=CARTESIAN_POINT('',(13.3545077741146,-3.,-47.0215));
#1765=CARTESIAN_POINT('',(-19.6454922258854,3.76334638383402E-17,-42.0215));
#1766=CARTESIAN_POINT('',(-19.6454922258854,-3.,-42.0215));
#1767=CARTESIAN_POINT('',(-19.6454922258854,2.16840434497101E-16,-45.3548333333333));
#1768=CARTESIAN_POINT('',(-19.6454922258854,-3.,-45.3548333333333));
#1769=CARTESIAN_POINT('',(-17.9788255592188,2.16840434497101E-16,-47.0215));
#1770=CARTESIAN_POINT('',(-17.9788255592188,-3.,-47.0215));
#1771=CARTESIAN_POINT('',(-14.6454922258854,3.76334638383394E-17,-47.0215));
#1772=CARTESIAN_POINT('',(-14.6454922258854,-3.,-47.0215));
#1773=CARTESIAN_POINT('',(18.3545077741146,-3.,-42.0215));
#1774=CARTESIAN_POINT('',(18.3545077741146,2.16840434497101E-15,-42.0215));
#1775=CARTESIAN_POINT('',(18.3545077741146,-3.,-45.3548333333333));
#1776=CARTESIAN_POINT('',(18.3545077741146,2.16840434497101E-15,-45.3548333333333));
#1777=CARTESIAN_POINT('',(16.6878411074479,-3.,-47.0215));
#1778=CARTESIAN_POINT('',(16.6878411074479,2.16840434497101E-15,-47.0215));
#1779=CARTESIAN_POINT('',(13.3545077741146,-3.,-47.0215));
#1780=CARTESIAN_POINT('',(13.3545077741146,3.03576608295941E-15,-47.0215));
#1781=CARTESIAN_POINT('',(0.,0.,0.));
#1782=CARTESIAN_POINT('',(-0.645492225885395,18.,-45.0215138345957));
#1783=CARTESIAN_POINT('',(-4.14549222588544,15.5,-45.0215138345957));
#1784=CARTESIAN_POINT('',(-1.81215889255205,15.5,-45.0215138345957));
#1785=CARTESIAN_POINT('',(0.521174440781338,15.5,-45.0215138345957));
#1786=CARTESIAN_POINT('',(2.85450777411473,15.5,-45.0215138345957));
#1787=CARTESIAN_POINT('',(-4.14549222588539,15.5,-45.0215138345957));
#1788=CARTESIAN_POINT('',(2.85450777411473,15.5,-45.0215138345957));
#1789=CARTESIAN_POINT('',(2.8545077741146,15.5,-45.0215138345957));
#1790=CARTESIAN_POINT('',(2.8545077741146,10.3333333333336,-45.0215138345957));
#1791=CARTESIAN_POINT('',(2.8545077741146,5.1666666666673,-45.0215138345957));
#1792=CARTESIAN_POINT('',(2.8545077741146,9.47159017883337E-13,-45.0215138345957));
#1793=CARTESIAN_POINT('',(2.85450777411461,0.,-45.0215138345957));
#1794=CARTESIAN_POINT('',(-0.645492225885395,0.,-45.0215138345957));
#1795=CARTESIAN_POINT('',(-4.14549222588539,0.,-45.0215138345957));
#1796=CARTESIAN_POINT('',(-4.14549222588539,9.47159017883337E-13,-45.0215138345957));
#1797=CARTESIAN_POINT('',(-4.14549222588539,5.1666666666673,-45.0215138345957));
#1798=CARTESIAN_POINT('',(-4.14549222588539,10.3333333333336,-45.0215138345957));
#1799=CARTESIAN_POINT('',(-4.14549222588539,15.5,-45.0215138345957));
#1800=CARTESIAN_POINT('',(-6.64549222588539,18.,-42.5215138345957));
#1801=CARTESIAN_POINT('',(-6.6454922258854,18.,-40.0215138345957));
#1802=CARTESIAN_POINT('',(-6.6454922258854,15.5,-40.0215138345957));
#1803=CARTESIAN_POINT('',(-6.6454922258854,0.,-40.0215138345957));
#1804=CARTESIAN_POINT('',(-6.64549222588539,15.5,-40.0215138345957));
#1805=CARTESIAN_POINT('',(-6.64549222588539,15.5,-40.854847167929));
#1806=CARTESIAN_POINT('',(-6.64549222588539,15.5,-41.6881805012624));
#1807=CARTESIAN_POINT('',(-6.64549222588539,15.5,-42.5215138345957));
#1808=CARTESIAN_POINT('',(-6.64549222588539,15.5,-42.5215138345957));
#1809=CARTESIAN_POINT('',(-6.64549222588539,15.5,-42.5215138345957));
#1810=CARTESIAN_POINT('',(-6.64549222588539,10.3333333333336,-42.5215138345957));
#1811=CARTESIAN_POINT('',(-6.64549222588539,5.1666666666673,-42.5215138345957));
#1812=CARTESIAN_POINT('',(-6.64549222588539,9.47159017883337E-13,-42.5215138345957));
#1813=CARTESIAN_POINT('',(-6.64549222588539,0.,-42.5215138345957));
#1814=CARTESIAN_POINT('',(-6.64549222588539,0.,-42.5215138345957));
#1815=CARTESIAN_POINT('',(-0.645492225885395,18.,-40.0215138345957));
#1816=CARTESIAN_POINT('',(5.35450777411461,18.,-40.0215138345957));
#1817=CARTESIAN_POINT('',(5.35450777411461,15.5,-40.0215138345957));
#1818=CARTESIAN_POINT('',(5.35450777411461,0.,-40.0215138345957));
#1819=CARTESIAN_POINT('',(5.35450777411461,15.5,-40.0215138345957));
#1820=CARTESIAN_POINT('',(1.3545077741146,15.5,-40.0215138345957));
#1821=CARTESIAN_POINT('',(-2.64549222588539,15.5,-40.0215138345957));
#1822=CARTESIAN_POINT('',(-6.64549222588539,15.5,-40.0215138345957));
#1823=CARTESIAN_POINT('',(-0.645492225885395,0.,-40.0215138345957));
#1824=CARTESIAN_POINT('',(5.35450777411461,18.,-42.5215138345957));
#1825=CARTESIAN_POINT('',(5.35450777411461,9.47159017883337E-13,-42.5215138345957));
#1826=CARTESIAN_POINT('',(5.35450777411461,5.1666666666673,-42.5215138345957));
#1827=CARTESIAN_POINT('',(5.35450777411461,10.3333333333336,-42.5215138345957));
#1828=CARTESIAN_POINT('',(5.35450777411461,15.5,-42.5215138345957));
#1829=CARTESIAN_POINT('',(5.35450777411461,0.,-42.5215138345957));
#1830=CARTESIAN_POINT('',(5.35450777411461,15.5,-42.5215138345957));
#1831=CARTESIAN_POINT('',(5.35450777411461,15.5,-42.5215138345957));
#1832=CARTESIAN_POINT('',(5.35450777411461,15.5,-41.6881805012622));
#1833=CARTESIAN_POINT('',(5.35450777411461,15.5,-40.8548471679287));
#1834=CARTESIAN_POINT('',(5.35450777411461,15.5,-40.0215138345952));
#1835=CARTESIAN_POINT('',(5.35450777411461,0.,-42.5215138345957));
#1836=CARTESIAN_POINT('',(-0.645492225885391,0.,-14.0215138345957));
#1837=CARTESIAN_POINT('',(2.85450777411461,0.,-45.0215138345957));
#1838=CARTESIAN_POINT('',(4.52117444078128,0.,-45.0215138345957));
#1839=CARTESIAN_POINT('',(5.35450777411461,0.,-44.1881805012624));
#1840=CARTESIAN_POINT('',(5.35450777411461,0.,-42.5215138345957));
#1841=CARTESIAN_POINT('',(-6.64549222588539,0.,-42.5215138345957));
#1842=CARTESIAN_POINT('',(-6.64549222588539,0.,-44.1881805012624));
#1843=CARTESIAN_POINT('',(-5.81215889255206,0.,-45.0215138345957));
#1844=CARTESIAN_POINT('',(-4.14549222588539,0.,-45.0215138345957));
#1845=CARTESIAN_POINT('',(4.41700777411463,17.0625,-44.0840138345957));
#1846=CARTESIAN_POINT('',(4.31284110744796,17.1145833333333,-44.136097167929));
#1847=CARTESIAN_POINT('',(4.20232306194654,17.1606332831298,-44.1821471177254));
#1848=CARTESIAN_POINT('',(3.96812937421896,17.2389095328041,-44.2604233673998));
#1849=CARTESIAN_POINT('',(3.8444537319928,17.2711358326821,-44.2926496672778));
#1850=CARTESIAN_POINT('',(3.45300815164441,17.3444439331714,-44.365957767767));
#1851=CARTESIAN_POINT('',(3.16700777411466,17.375,-44.3965138345957));
#1852=CARTESIAN_POINT('',(2.85450777411467,17.375,-44.3965138345957));
#1853=CARTESIAN_POINT('',(4.46909110744796,16.9583333333333,-44.136097167929));
#1854=CARTESIAN_POINT('',(4.3496097903267,16.9951020162121,-44.2249491841411));
#1855=CARTESIAN_POINT('',(4.22613291171519,17.0298493405415,-44.2955018420611));
#1856=CARTESIAN_POINT('',(3.97348926992035,17.0925401469115,-44.4047230430184));
#1857=CARTESIAN_POINT('',(3.84434015385891,17.1204633215361,-44.4433712788837));
#1858=CARTESIAN_POINT('',(3.45291183255683,17.1908745053841,-44.5195508279948));
#1859=CARTESIAN_POINT('',(3.16700857561274,17.2371005131873,-44.5344133214084));
#1860=CARTESIAN_POINT('',(2.85450777411467,17.255435362519,-44.5160784720767));
#1861=CARTESIAN_POINT('',(4.51514105724437,16.8478152878319,-44.1821471177254));
#1862=CARTESIAN_POINT('',(4.38435711456211,16.8716249372261,-44.2955018421553));
#1863=CARTESIAN_POINT('',(4.25080511684446,16.8962969699977,-44.3815554518751));
#1864=CARTESIAN_POINT('',(3.98352388664693,16.9442533669518,-44.510020920681));
#1865=CARTESIAN_POINT('',(3.84976809550179,16.9675072700106,-44.5524994719831));
#1866=CARTESIAN_POINT('',(3.45455740005861,17.0320024900778,-44.6321246164384));
#1867=CARTESIAN_POINT('',(3.16816619057772,17.0863964766194,-44.6400518065701));
#1868=CARTESIAN_POINT('',(2.85450777411467,17.1184721316266,-44.6179407669806));
#1869=CARTESIAN_POINT('',(4.59341730691874,16.6136216001043,-44.2604233673998));
#1870=CARTESIAN_POINT('',(4.44704792063228,16.6189807944954,-44.4047230434135));
#1871=CARTESIAN_POINT('',(4.29876181271099,16.6290151278793,-44.5100207315962));
#1872=CARTESIAN_POINT('',(4.00922483731904,16.6547159794269,-44.6628004606915));
#1873=CARTESIAN_POINT('',(3.86783190580161,16.6703444211858,-44.7105930105553));
#1874=CARTESIAN_POINT('',(3.46074410822942,16.72195546731,-44.7989195630444));
#1875=CARTESIAN_POINT('',(3.17186129104136,16.780268728876,-44.8026629128389));
#1876=CARTESIAN_POINT('',(2.85450777411467,16.8232323492703,-44.7828579649055));
#1877=CARTESIAN_POINT('',(4.6256436067967,16.4899459578782,-44.2926496672778));
#1878=CARTESIAN_POINT('',(4.47497109529454,16.4898313778719,-44.443371279241));
#1879=CARTESIAN_POINT('',(4.32201584268949,16.4952593658706,-44.5524990773278));
#1880=CARTESIAN_POINT('',(4.02485309531613,16.5133243844692,-44.7105925630029));
#1881=CARTESIAN_POINT('',(3.88043223690664,16.5259258770914,-44.7600255768905));
#1882=CARTESIAN_POINT('',(3.46526494172593,16.5704607233357,-44.8539658057659));
#1883=CARTESIAN_POINT('',(3.17439877654,16.6245923393629,-44.8605492223049));
#1884=CARTESIAN_POINT('',(2.85450777411466,16.6652946189921,-44.846186053459));
#1885=CARTESIAN_POINT('',(4.69895170728596,16.0985003775298,-44.365957767767));
#1886=CARTESIAN_POINT('',(4.54538227929562,16.098402455446,-44.5195508281982));
#1887=CARTESIAN_POINT('',(4.38651139029638,16.1000468789223,-44.6321242330463));
#1888=CARTESIAN_POINT('',(4.0764634415504,16.1062318526604,-44.7989203647567));
#1889=CARTESIAN_POINT('',(3.92496339668427,16.1107520955064,-44.8539684041651));
#1890=CARTESIAN_POINT('',(3.48327761323524,16.128763278914,-44.969836319116));
#1891=CARTESIAN_POINT('',(3.18268040423615,16.1541672139294,-44.9906476393405));
#1892=CARTESIAN_POINT('',(2.85450777411465,16.1783908962003,-44.9885004766597));
#1893=CARTESIAN_POINT('',(4.72950777411462,15.8125,-44.3965138345957));
#1894=CARTESIAN_POINT('',(4.5916082873019,15.8124991985019,-44.5344133214084));
#1895=CARTESIAN_POINT('',(4.44090552430981,15.8136554026916,-44.6400510909713));
#1896=CARTESIAN_POINT('',(4.13477603847309,15.8173479669088,-44.8026632201272));
#1897=CARTESIAN_POINT('',(3.97909228593029,15.8198843269365,-44.8605515953688));
#1898=CARTESIAN_POINT('',(3.50868216189949,15.82816285747,-44.9906452971247));
#1899=CARTESIAN_POINT('',(3.18909371763388,15.8345744784267,-45.0215138345957));
#1900=CARTESIAN_POINT('',(2.85450777411464,15.8381432778344,-45.0215138345957));
#1901=CARTESIAN_POINT('',(4.72950777411462,15.5,-44.3965138345957));
#1902=CARTESIAN_POINT('',(4.60994313663361,15.5,-44.5160784720767));
#1903=CARTESIAN_POINT('',(4.47298129590777,15.5,-44.6179399046411));
#1904=CARTESIAN_POINT('',(4.17774026852979,15.5,-44.7828579696389));
#1905=CARTESIAN_POINT('',(4.01979549205003,15.5,-44.8461881857952));
#1906=CARTESIAN_POINT('',(3.53290753608267,15.5,-44.9884976548031));
#1907=CARTESIAN_POINT('',(3.1926642336979,15.5,-45.0215138345957));
#1908=CARTESIAN_POINT('',(2.85450777411465,15.5,-45.0215138345957));
#1909=CARTESIAN_POINT('',(4.41700777411463,17.0625,-44.0840138345957));
#1910=CARTESIAN_POINT('',(4.46909110744796,16.9583333333333,-44.136097167929));
#1911=CARTESIAN_POINT('',(4.51514105724437,16.8478152878319,-44.1821471177254));
#1912=CARTESIAN_POINT('',(4.59341730691874,16.6136216001043,-44.2604233673998));
#1913=CARTESIAN_POINT('',(4.6256436067967,16.4899459578782,-44.2926496672778));
#1914=CARTESIAN_POINT('',(4.69895170728596,16.0985003775298,-44.365957767767));
#1915=CARTESIAN_POINT('',(4.72950777411462,15.8125,-44.3965138345957));
#1916=CARTESIAN_POINT('',(4.72950777411462,15.5,-44.3965138345957));
#1917=CARTESIAN_POINT('',(4.72950777411462,15.5,-44.3965138345957));
#1918=CARTESIAN_POINT('',(4.41700777411463,17.0625,-44.0840138345957));
#1919=CARTESIAN_POINT('',(2.85450777411465,15.5,-45.0215138345957));
#1920=CARTESIAN_POINT('',(3.687841107448,15.4999999999998,-45.0215138345957));
#1921=CARTESIAN_POINT('',(4.312841107448,15.4999999999998,-44.8131805012624));
#1922=CARTESIAN_POINT('',(4.72950777411466,15.5,-44.3965138345957));
#1923=CARTESIAN_POINT('',(2.85450777411467,17.375,-44.3965138345957));
#1924=CARTESIAN_POINT('',(2.85450777411466,16.9583333333334,-44.8131805012624));
#1925=CARTESIAN_POINT('',(2.85450777411466,16.3333333333334,-45.0215138345957));
#1926=CARTESIAN_POINT('',(2.85450777411465,15.5,-45.0215138345957));
#1927=CARTESIAN_POINT('',(2.85450777411467,17.375,-44.3965138345957));
#1928=CARTESIAN_POINT('',(4.41700777411463,17.0625,-44.0840138345957));
#1929=CARTESIAN_POINT('',(4.31284110744796,17.1145833333333,-44.136097167929));
#1930=CARTESIAN_POINT('',(4.20232306194654,17.1606332831298,-44.1821471177254));
#1931=CARTESIAN_POINT('',(3.96812937421896,17.2389095328041,-44.2604233673998));
#1932=CARTESIAN_POINT('',(3.8444537319928,17.2711358326821,-44.2926496672778));
#1933=CARTESIAN_POINT('',(3.45300815164441,17.3444439331714,-44.365957767767));
#1934=CARTESIAN_POINT('',(3.16700777411466,17.375,-44.3965138345957));
#1935=CARTESIAN_POINT('',(2.85450777411467,17.375,-44.3965138345957));
#1936=CARTESIAN_POINT('',(4.41700777411463,17.0625,-44.0840138345957));
#1937=CARTESIAN_POINT('',(4.46909110744796,17.1145833333333,-43.979847167929));
#1938=CARTESIAN_POINT('',(4.51514105724437,17.1606332831298,-43.8693291224276));
#1939=CARTESIAN_POINT('',(4.59341730691874,17.2389095328041,-43.6351354346999));
#1940=CARTESIAN_POINT('',(4.6256436067967,17.2711358326821,-43.5114597924738));
#1941=CARTESIAN_POINT('',(4.69895170728595,17.3444439331714,-43.1200142121254));
#1942=CARTESIAN_POINT('',(4.72950777411461,17.375,-42.8340138345957));
#1943=CARTESIAN_POINT('',(4.72950777411461,17.375,-42.5215138345957));
#1944=CARTESIAN_POINT('',(4.31284110744796,17.1145833333333,-44.136097167929));
#1945=CARTESIAN_POINT('',(4.3496097903267,17.2034353495454,-44.0166158508077));
#1946=CARTESIAN_POINT('',(4.38435711465617,17.2739880074654,-43.8931389721962));
#1947=CARTESIAN_POINT('',(4.44704792102606,17.3832092084227,-43.6404953304013));
#1948=CARTESIAN_POINT('',(4.4749710956507,17.4218574442881,-43.51134621434));
#1949=CARTESIAN_POINT('',(4.54538227949872,17.4980369933992,-43.1199178930378));
#1950=CARTESIAN_POINT('',(4.59160828730188,17.5128994868127,-42.8340146360937));
#1951=CARTESIAN_POINT('',(4.60994313663359,17.4945646374811,-42.5215138345957));
#1952=CARTESIAN_POINT('',(4.20232306194654,17.1606332831298,-44.1821471177254));
#1953=CARTESIAN_POINT('',(4.22613271134076,17.2739880075597,-44.0513631750432));
#1954=CARTESIAN_POINT('',(4.25080474411234,17.3600416172794,-43.9178111773255));
#1955=CARTESIAN_POINT('',(4.29876114106639,17.4885070860853,-43.6505299471279));
#1956=CARTESIAN_POINT('',(4.32201504412518,17.5309856373873,-43.5167741559828));
#1957=CARTESIAN_POINT('',(4.38651026419237,17.6106107818427,-43.1215634605396));
#1958=CARTESIAN_POINT('',(4.44090425073393,17.6185379719744,-42.8351722510587));
#1959=CARTESIAN_POINT('',(4.47297990574126,17.5964269323848,-42.5215138345957));
#1960=CARTESIAN_POINT('',(3.96812937421896,17.2389095328041,-44.2604233673998));
#1961=CARTESIAN_POINT('',(3.97348856860998,17.3832092088179,-44.1140539811134));
#1962=CARTESIAN_POINT('',(3.983522901994,17.4885068970006,-43.965767873192));
#1963=CARTESIAN_POINT('',(4.00922375354153,17.6412866260958,-43.6762308978001));
#1964=CARTESIAN_POINT('',(4.02485219530047,17.6890791759596,-43.5348379662827));
#1965=CARTESIAN_POINT('',(4.07646324142465,17.7774057284487,-43.1277501687104));
#1966=CARTESIAN_POINT('',(4.13477650299065,17.7811490782432,-42.8388673515223));
#1967=CARTESIAN_POINT('',(4.17774012338491,17.7613441303098,-42.5215138345957));
#1968=CARTESIAN_POINT('',(3.8444537319928,17.2711358326821,-44.2926496672778));
#1969=CARTESIAN_POINT('',(3.84433915198654,17.4218574446454,-44.1419771557756));
#1970=CARTESIAN_POINT('',(3.84976713998524,17.5309852427321,-43.9890219031705));
#1971=CARTESIAN_POINT('',(3.86783215858382,17.6890787284073,-43.6918591557972));
#1972=CARTESIAN_POINT('',(3.88043365120611,17.7385117422949,-43.5474382973876));
#1973=CARTESIAN_POINT('',(3.92496849745038,17.8324519711702,-43.1322710022069));
#1974=CARTESIAN_POINT('',(3.97910011347748,17.8390353877091,-42.841404837021));
#1975=CARTESIAN_POINT('',(4.01980239310678,17.8246722188634,-42.5215138345957));
#1976=CARTESIAN_POINT('',(3.45300815164441,17.3444439331714,-44.365957767767));
#1977=CARTESIAN_POINT('',(3.45291022956068,17.4980369936025,-44.2123883397767));
#1978=CARTESIAN_POINT('',(3.454554653037,17.6106103984506,-44.0535174507774));
#1979=CARTESIAN_POINT('',(3.46073962677509,17.777406530161,-43.7434695020315));
#1980=CARTESIAN_POINT('',(3.46525986962108,17.8324545695694,-43.5919694571653));
#1981=CARTESIAN_POINT('',(3.48327105302862,17.9483224845203,-43.1502836737162));
#1982=CARTESIAN_POINT('',(3.50867498804397,17.9691338047448,-42.8496864647172));
#1983=CARTESIAN_POINT('',(3.53289867031487,17.966986642064,-42.5215138345957));
#1984=CARTESIAN_POINT('',(3.16700777411466,17.375,-44.3965138345957));
#1985=CARTESIAN_POINT('',(3.16700697261658,17.5128994868127,-44.258614347783));
#1986=CARTESIAN_POINT('',(3.16816317680623,17.6185372563757,-44.1079115847908));
#1987=CARTESIAN_POINT('',(3.17185574102349,17.7811493855315,-43.8017820989541));
#1988=CARTESIAN_POINT('',(3.17439210105111,17.8390377607731,-43.6460983464113));
#1989=CARTESIAN_POINT('',(3.18267063158468,17.969131462529,-43.1756882223805));
#1990=CARTESIAN_POINT('',(3.18908225254136,18.,-42.8560997781149));
#1991=CARTESIAN_POINT('',(3.19265105194906,18.,-42.5215138345957));
#1992=CARTESIAN_POINT('',(2.85450777411467,17.375,-44.3965138345957));
#1993=CARTESIAN_POINT('',(2.85450777411467,17.494564637481,-44.2769491971146));
#1994=CARTESIAN_POINT('',(2.85450777411466,17.5964260700455,-44.1399873563888));
#1995=CARTESIAN_POINT('',(2.85450777411466,17.7613441350432,-43.8447463290109));
#1996=CARTESIAN_POINT('',(2.85450777411465,17.8246743511996,-43.6868015525311));
#1997=CARTESIAN_POINT('',(2.85450777411463,17.9669838202074,-43.1999135965637));
#1998=CARTESIAN_POINT('',(2.85450777411463,18.,-42.8596702941789));
#1999=CARTESIAN_POINT('',(2.85450777411463,18.,-42.5215138345957));
#2000=CARTESIAN_POINT('',(2.85450777411463,18.,-42.5215138345957));
#2001=CARTESIAN_POINT('',(2.85450777411464,18.,-43.354847167929));
#2002=CARTESIAN_POINT('',(2.85450777411466,17.7916666666667,-43.979847167929));
#2003=CARTESIAN_POINT('',(2.85450777411467,17.375,-44.3965138345957));
#2004=CARTESIAN_POINT('',(2.85450777411461,18.,-42.5215138345957));
#2005=CARTESIAN_POINT('',(4.72950777411462,17.375,-42.5215138345957));
#2006=CARTESIAN_POINT('',(4.31284110744795,17.7916666666667,-42.5215138345957));
#2007=CARTESIAN_POINT('',(3.68784110744796,18.,-42.5215138345957));
#2008=CARTESIAN_POINT('',(2.85450777411463,18.,-42.5215138345957));
#2009=CARTESIAN_POINT('',(4.72950777411461,17.375,-42.5215138345957));
#2010=CARTESIAN_POINT('',(4.41700777411463,17.0625,-44.0840138345957));
#2011=CARTESIAN_POINT('',(4.46909110744796,17.1145833333333,-43.979847167929));
#2012=CARTESIAN_POINT('',(4.51514105724437,17.1606332831298,-43.8693291224276));
#2013=CARTESIAN_POINT('',(4.59341730691874,17.2389095328041,-43.6351354346999));
#2014=CARTESIAN_POINT('',(4.6256436067967,17.2711358326821,-43.5114597924738));
#2015=CARTESIAN_POINT('',(4.69895170728595,17.3444439331714,-43.1200142121254));
#2016=CARTESIAN_POINT('',(4.72950777411461,17.375,-42.8340138345957));
#2017=CARTESIAN_POINT('',(4.72950777411461,17.375,-42.5215138345957));
#2018=CARTESIAN_POINT('',(-5.7079922258854,17.0625,-44.0840138345957));
#2019=CARTESIAN_POINT('',(-5.76007555921873,17.1145833333333,-43.979847167929));
#2020=CARTESIAN_POINT('',(-5.80612550901514,17.1606332831298,-43.8693291224276));
#2021=CARTESIAN_POINT('',(-5.88440175868951,17.2389095328041,-43.6351354347));
#2022=CARTESIAN_POINT('',(-5.91662805856747,17.271135832682,-43.5114597924738));
#2023=CARTESIAN_POINT('',(-5.98993615905673,17.3444439331714,-43.1200142121254));
#2024=CARTESIAN_POINT('',(-6.02049222588539,17.375,-42.8340138345957));
#2025=CARTESIAN_POINT('',(-6.02049222588539,17.375,-42.5215138345957));
#2026=CARTESIAN_POINT('',(-5.76007555921873,16.9583333333333,-44.136097167929));
#2027=CARTESIAN_POINT('',(-5.8489275754308,16.9951020162121,-44.0166158508077));
#2028=CARTESIAN_POINT('',(-5.91948023335086,17.0298493405415,-43.8931389721963));
#2029=CARTESIAN_POINT('',(-6.02870143430807,17.0925401469115,-43.6404953304014));
#2030=CARTESIAN_POINT('',(-6.06734967017348,17.1204633215361,-43.51134621434));
#2031=CARTESIAN_POINT('',(-6.14352921928453,17.1908745053841,-43.1199178930378));
#2032=CARTESIAN_POINT('',(-6.15839171269811,17.2371005131873,-42.8340146360937));
#2033=CARTESIAN_POINT('',(-6.14005686336639,17.255435362519,-42.5215138345957));
#2034=CARTESIAN_POINT('',(-5.80612550901514,16.8478152878319,-44.1821471177254));
#2035=CARTESIAN_POINT('',(-5.91948023344506,16.8716249372261,-44.0513631750432));
#2036=CARTESIAN_POINT('',(-6.00553384316475,16.8962969699977,-43.9178111773255));
#2037=CARTESIAN_POINT('',(-6.13399931197071,16.9442533669518,-43.6505299471279));
#2038=CARTESIAN_POINT('',(-6.17647786327275,16.9675072700106,-43.5167741559828));
#2039=CARTESIAN_POINT('',(-6.2561030077281,17.0320024900778,-43.1215634605396));
#2040=CARTESIAN_POINT('',(-6.26403019785979,17.0863964766194,-42.8351722510588));
#2041=CARTESIAN_POINT('',(-6.24191915827025,17.1184721316267,-42.5215138345958));
#2042=CARTESIAN_POINT('',(-5.88440175868951,16.6136216001043,-44.2604233673998));
#2043=CARTESIAN_POINT('',(-6.02870143470331,16.6189807944954,-44.1140539811134));
#2044=CARTESIAN_POINT('',(-6.13399912288592,16.6290151278793,-43.965767873192));
#2045=CARTESIAN_POINT('',(-6.28677885198119,16.6547159794269,-43.6762308978001));
#2046=CARTESIAN_POINT('',(-6.33457140184507,16.6703444211858,-43.5348379662825));
#2047=CARTESIAN_POINT('',(-6.42289795433409,16.72195546731,-43.1277501687103));
#2048=CARTESIAN_POINT('',(-6.42664130412866,16.780268728876,-42.8388673515223));
#2049=CARTESIAN_POINT('',(-6.40683635619517,16.8232323492703,-42.5215138345956));
#2050=CARTESIAN_POINT('',(-5.91662805856747,16.4899459578782,-44.2926496672778));
#2051=CARTESIAN_POINT('',(-6.06734967053076,16.4898313778719,-44.1419771557756));
#2052=CARTESIAN_POINT('',(-6.17647746861746,16.4952593658706,-43.9890219031705));
#2053=CARTESIAN_POINT('',(-6.33457095429264,16.5133243844692,-43.6918591557972));
#2054=CARTESIAN_POINT('',(-6.38400396818025,16.5259258770915,-43.5474382973876));
#2055=CARTESIAN_POINT('',(-6.47794419705556,16.5704607233357,-43.1322710022069));
#2056=CARTESIAN_POINT('',(-6.48452761359455,16.6245923393629,-42.841404837021));
#2057=CARTESIAN_POINT('',(-6.47016444474875,16.6652946189921,-42.5215138345957));
#2058=CARTESIAN_POINT('',(-5.98993615905672,16.0985003775298,-44.365957767767));
#2059=CARTESIAN_POINT('',(-6.1435292194879,16.098402455446,-44.2123883397767));
#2060=CARTESIAN_POINT('',(-6.25610262433602,16.1000468789223,-44.0535174507774));
#2061=CARTESIAN_POINT('',(-6.4228987560464,16.1062318526604,-43.7434695020315));
#2062=CARTESIAN_POINT('',(-6.47794679545488,16.1107520955064,-43.5919694571652));
#2063=CARTESIAN_POINT('',(-6.59381471040568,16.128763278914,-43.1502836737162));
#2064=CARTESIAN_POINT('',(-6.61462603063022,16.1541672139293,-42.8496864647171));
#2065=CARTESIAN_POINT('',(-6.61247886794936,16.1783908962002,-42.5215138345956));
#2066=CARTESIAN_POINT('',(-6.02049222588539,15.8125,-44.3965138345957));
#2067=CARTESIAN_POINT('',(-6.1583917126981,15.8124991985019,-44.258614347783));
#2068=CARTESIAN_POINT('',(-6.26402948226107,15.8136554026916,-44.1079115847908));
#2069=CARTESIAN_POINT('',(-6.42664161141693,15.8173479669088,-43.8017820989542));
#2070=CARTESIAN_POINT('',(-6.48452998665852,15.8198843269365,-43.6460983464113));
#2071=CARTESIAN_POINT('',(-6.61462368841437,15.82816285747,-43.1756882223805));
#2072=CARTESIAN_POINT('',(-6.64549222588539,15.8345744784267,-42.8560997781149));
#2073=CARTESIAN_POINT('',(-6.64549222588539,15.8381432778344,-42.5215138345957));
#2074=CARTESIAN_POINT('',(-6.02049222588539,15.5,-44.3965138345957));
#2075=CARTESIAN_POINT('',(-6.14005686336639,15.5,-44.2769491971146));
#2076=CARTESIAN_POINT('',(-6.24191829593087,15.5,-44.1399873563889));
#2077=CARTESIAN_POINT('',(-6.40683636092863,15.5,-43.8447463290109));
#2078=CARTESIAN_POINT('',(-6.47016657708492,15.5,-43.686801552531));
#2079=CARTESIAN_POINT('',(-6.61247604609273,15.5,-43.1999135965637));
#2080=CARTESIAN_POINT('',(-6.64549222588539,15.5,-42.8596702941789));
#2081=CARTESIAN_POINT('',(-6.64549222588539,15.5,-42.5215138345957));
#2082=CARTESIAN_POINT('',(-5.7079922258854,17.0625,-44.0840138345957));
#2083=CARTESIAN_POINT('',(-5.76007555921873,16.9583333333333,-44.136097167929));
#2084=CARTESIAN_POINT('',(-5.80612550901514,16.8478152878319,-44.1821471177254));
#2085=CARTESIAN_POINT('',(-5.88440175868951,16.6136216001043,-44.2604233673998));
#2086=CARTESIAN_POINT('',(-5.91662805856747,16.4899459578782,-44.2926496672778));
#2087=CARTESIAN_POINT('',(-5.98993615905672,16.0985003775298,-44.365957767767));
#2088=CARTESIAN_POINT('',(-6.02049222588539,15.8125,-44.3965138345957));
#2089=CARTESIAN_POINT('',(-6.02049222588539,15.5,-44.3965138345957));
#2090=CARTESIAN_POINT('',(-6.02049222588539,15.5,-44.3965138345957));
#2091=CARTESIAN_POINT('',(-5.7079922258854,17.0625,-44.0840138345957));
#2092=CARTESIAN_POINT('',(-6.64549222588539,15.5,-42.5215138345957));
#2093=CARTESIAN_POINT('',(-6.6454922258854,15.4999999999998,-43.354847167929));
#2094=CARTESIAN_POINT('',(-6.43715889255208,15.4999999999998,-43.9798471679291));
#2095=CARTESIAN_POINT('',(-6.02049222588541,15.5,-44.3965138345957));
#2096=CARTESIAN_POINT('',(-6.02049222588539,17.375,-42.5215138345957));
#2097=CARTESIAN_POINT('',(-6.43715889255206,16.9583333333333,-42.5215138345956));
#2098=CARTESIAN_POINT('',(-6.64549222588539,16.3333333333333,-42.5215138345957));
#2099=CARTESIAN_POINT('',(-6.64549222588539,15.5,-42.5215138345957));
#2100=CARTESIAN_POINT('',(-6.02049222588539,17.375,-42.5215138345957));
#2101=CARTESIAN_POINT('',(-5.7079922258854,17.0625,-44.0840138345957));
#2102=CARTESIAN_POINT('',(-5.76007555921873,17.1145833333333,-43.979847167929));
#2103=CARTESIAN_POINT('',(-5.80612550901515,17.1606332831298,-43.8693291224276));
#2104=CARTESIAN_POINT('',(-5.88440175868951,17.2389095328041,-43.6351354346999));
#2105=CARTESIAN_POINT('',(-5.91662805856747,17.271135832682,-43.5114597924738));
#2106=CARTESIAN_POINT('',(-5.98993615905673,17.3444439331714,-43.1200142121255));
#2107=CARTESIAN_POINT('',(-6.02049222588539,17.375,-42.8340138345957));
#2108=CARTESIAN_POINT('',(-6.02049222588539,17.375,-42.5215138345957));
#2109=CARTESIAN_POINT('',(-5.7079922258854,17.0625,-44.0840138345957));
#2110=CARTESIAN_POINT('',(-5.60382555921873,17.1145833333333,-44.136097167929));
#2111=CARTESIAN_POINT('',(-5.49330751371731,17.1606332831298,-44.1821471177254));
#2112=CARTESIAN_POINT('',(-5.25911382598972,17.2389095328041,-44.2604233673998));
#2113=CARTESIAN_POINT('',(-5.13543818376356,17.271135832682,-44.2926496672778));
#2114=CARTESIAN_POINT('',(-4.74399260341517,17.3444439331713,-44.365957767767));
#2115=CARTESIAN_POINT('',(-4.45799222588542,17.375,-44.3965138345957));
#2116=CARTESIAN_POINT('',(-4.14549222588542,17.375,-44.3965138345957));
#2117=CARTESIAN_POINT('',(-5.76007555921873,17.1145833333333,-43.979847167929));
#2118=CARTESIAN_POINT('',(-5.64059424209747,17.2034353495454,-44.0166158508077));
#2119=CARTESIAN_POINT('',(-5.51711736348595,17.2739880074654,-44.0513631751372));
#2120=CARTESIAN_POINT('',(-5.26447372169111,17.3832092084227,-44.1140539815071));
#2121=CARTESIAN_POINT('',(-5.13532460562967,17.4218574442881,-44.1419771561318));
#2122=CARTESIAN_POINT('',(-4.74389628432758,17.4980369933991,-44.2123883399798));
#2123=CARTESIAN_POINT('',(-4.45799302738349,17.5128994868127,-44.258614347783));
#2124=CARTESIAN_POINT('',(-4.14549222588542,17.494564637481,-44.2769491971146));
#2125=CARTESIAN_POINT('',(-5.80612550901515,17.1606332831298,-43.8693291224276));
#2126=CARTESIAN_POINT('',(-5.67534156633287,17.2739880075597,-43.8931387718218));
#2127=CARTESIAN_POINT('',(-5.54178956861522,17.3600416172794,-43.9178108045934));
#2128=CARTESIAN_POINT('',(-5.27450833841769,17.4885070860853,-43.9657672015475));
#2129=CARTESIAN_POINT('',(-5.14075254727256,17.5309856373873,-43.9890211046063));
#2130=CARTESIAN_POINT('',(-4.74554185182937,17.6106107818427,-44.0535163246734));
#2131=CARTESIAN_POINT('',(-4.45915064234848,17.6185379719744,-44.107910311215));
#2132=CARTESIAN_POINT('',(-4.14549222588542,17.5964269323848,-44.1399859662223));
#2133=CARTESIAN_POINT('',(-5.88440175868951,17.2389095328041,-43.6351354346999));
#2134=CARTESIAN_POINT('',(-5.73803237240305,17.3832092088179,-43.640494629091));
#2135=CARTESIAN_POINT('',(-5.58974626448175,17.4885068970005,-43.6505289624751));
#2136=CARTESIAN_POINT('',(-5.3002092890898,17.6412866260958,-43.6762298140226));
#2137=CARTESIAN_POINT('',(-5.15881635757237,17.6890791759596,-43.6918582557816));
#2138=CARTESIAN_POINT('',(-4.75172856000017,17.7774057284487,-43.7434693019057));
#2139=CARTESIAN_POINT('',(-4.4628457428121,17.7811490782432,-43.8017825634717));
#2140=CARTESIAN_POINT('',(-4.14549222588541,17.7613441303097,-43.844746183866));
#2141=CARTESIAN_POINT('',(-5.91662805856747,17.271135832682,-43.5114597924738));
#2142=CARTESIAN_POINT('',(-5.76595554706532,17.4218574446454,-43.5113452124676));
#2143=CARTESIAN_POINT('',(-5.61300029446025,17.5309852427321,-43.5167732004663));
#2144=CARTESIAN_POINT('',(-5.31583754708689,17.6890787284073,-43.5348382190649));
#2145=CARTESIAN_POINT('',(-5.1714166886774,17.7385117422949,-43.5474397116872));
#2146=CARTESIAN_POINT('',(-4.75624939349669,17.8324519711702,-43.5919745579315));
#2147=CARTESIAN_POINT('',(-4.46538322831075,17.8390353877091,-43.6461061739585));
#2148=CARTESIAN_POINT('',(-4.14549222588542,17.8246722188634,-43.6868084535879));
#2149=CARTESIAN_POINT('',(-5.98993615905673,17.3444439331714,-43.1200142121255));
#2150=CARTESIAN_POINT('',(-5.83636673106639,17.4980369936025,-43.1199162900416));
#2151=CARTESIAN_POINT('',(-5.67749584206713,17.6106103984506,-43.121560713518));
#2152=CARTESIAN_POINT('',(-5.36744789332116,17.777406530161,-43.1277456872562));
#2153=CARTESIAN_POINT('',(-5.21594784845503,17.8324545695694,-43.1322659301022));
#2154=CARTESIAN_POINT('',(-4.77426206500599,17.9483224845203,-43.1502771135097));
#2155=CARTESIAN_POINT('',(-4.4736648560069,17.9691338047448,-43.175681048525));
#2156=CARTESIAN_POINT('',(-4.1454922258854,17.966986642064,-43.1999047307959));
#2157=CARTESIAN_POINT('',(-6.02049222588539,17.375,-42.8340138345957));
#2158=CARTESIAN_POINT('',(-5.88259273907268,17.5128994868127,-42.8340130330975));
#2159=CARTESIAN_POINT('',(-5.73188997608057,17.6185372563757,-42.8351692372873));
#2160=CARTESIAN_POINT('',(-5.42576049024386,17.7811493855315,-42.8388618015046));
#2161=CARTESIAN_POINT('',(-5.27007673770105,17.8390377607731,-42.8413981615322));
#2162=CARTESIAN_POINT('',(-4.79966661367025,17.969131462529,-42.8496766920657));
#2163=CARTESIAN_POINT('',(-4.48007816940464,18.,-42.8560883130224));
#2164=CARTESIAN_POINT('',(-4.1454922258854,18.,-42.8596571124301));
#2165=CARTESIAN_POINT('',(-6.02049222588539,17.375,-42.5215138345957));
#2166=CARTESIAN_POINT('',(-5.90092758840439,17.494564637481,-42.5215138345957));
#2167=CARTESIAN_POINT('',(-5.76396574767853,17.5964260700455,-42.5215138345957));
#2168=CARTESIAN_POINT('',(-5.46872472030055,17.7613441350432,-42.5215138345957));
#2169=CARTESIAN_POINT('',(-5.31077994382079,17.8246743511996,-42.5215138345957));
#2170=CARTESIAN_POINT('',(-4.82389198785342,17.9669838202074,-42.5215138345957));
#2171=CARTESIAN_POINT('',(-4.48364868546865,18.,-42.5215138345957));
#2172=CARTESIAN_POINT('',(-4.1454922258854,18.,-42.5215138345957));
#2173=CARTESIAN_POINT('',(-4.1454922258854,18.,-42.5215138345957));
#2174=CARTESIAN_POINT('',(-4.97882555921873,18.,-42.5215138345957));
#2175=CARTESIAN_POINT('',(-5.60382555921872,17.7916666666667,-42.5215138345957));
#2176=CARTESIAN_POINT('',(-6.02049222588539,17.375,-42.5215138345957));
#2177=CARTESIAN_POINT('',(-4.14549222588519,18.,-42.5215138345957));
#2178=CARTESIAN_POINT('',(-4.14549222588542,17.375,-44.3965138345957));
#2179=CARTESIAN_POINT('',(-4.14549222588541,17.7916666666667,-43.979847167929));
#2180=CARTESIAN_POINT('',(-4.1454922258854,18.,-43.354847167929));
#2181=CARTESIAN_POINT('',(-4.1454922258854,18.,-42.5215138345957));
#2182=CARTESIAN_POINT('',(-4.14549222588542,17.375,-44.3965138345957));
#2183=CARTESIAN_POINT('',(-5.7079922258854,17.0625,-44.0840138345957));
#2184=CARTESIAN_POINT('',(-5.60382555921873,17.1145833333333,-44.136097167929));
#2185=CARTESIAN_POINT('',(-5.49330751371731,17.1606332831298,-44.1821471177254));
#2186=CARTESIAN_POINT('',(-5.25911382598972,17.2389095328041,-44.2604233673998));
#2187=CARTESIAN_POINT('',(-5.13543818376356,17.271135832682,-44.2926496672778));
#2188=CARTESIAN_POINT('',(-4.74399260341517,17.3444439331713,-44.365957767767));
#2189=CARTESIAN_POINT('',(-4.45799222588542,17.375,-44.3965138345957));
#2190=CARTESIAN_POINT('',(-4.14549222588542,17.375,-44.3965138345957));
#2191=CARTESIAN_POINT('',(-4.14549222588539,-5.63904601006064E-16,-45.0215138345957));
#2192=CARTESIAN_POINT('',(-4.14549222588539,15.5000000000005,-45.0215138345957));
#2193=CARTESIAN_POINT('',(-5.81215889255208,-6.81168084900233E-13,-45.0215138345958));
#2194=CARTESIAN_POINT('',(-5.81215889255208,15.4999999999998,-45.0215138345958));
#2195=CARTESIAN_POINT('',(-6.64549222588541,-6.92732908073405E-13,-44.1881805012624));
#2196=CARTESIAN_POINT('',(-6.64549222588541,15.4999999999998,-44.1881805012624));
#2197=CARTESIAN_POINT('',(-6.64549222588539,-4.19583253966948E-15,-42.5215138345957));
#2198=CARTESIAN_POINT('',(-6.64549222588539,15.5000000000005,-42.5215138345957));
#2199=CARTESIAN_POINT('',(-6.02049222588541,15.5,-44.3965138345957));
#2200=CARTESIAN_POINT('',(-5.60382555921875,15.4999999999998,-44.8131805012624));
#2201=CARTESIAN_POINT('',(-4.97882555921875,15.4999999999998,-45.0215138345957));
#2202=CARTESIAN_POINT('',(-4.14549222588541,15.5,-45.0215138345957));
#2203=CARTESIAN_POINT('',(-5.7079922258854,17.0625,-44.0840138345957));
#2204=CARTESIAN_POINT('',(-5.76007555921873,16.9583333333333,-44.136097167929));
#2205=CARTESIAN_POINT('',(-5.80612550901514,16.8478152878319,-44.1821471177254));
#2206=CARTESIAN_POINT('',(-5.88440175868951,16.6136216001043,-44.2604233673998));
#2207=CARTESIAN_POINT('',(-5.91662805856747,16.4899459578782,-44.2926496672778));
#2208=CARTESIAN_POINT('',(-5.98993615905672,16.0985003775298,-44.365957767767));
#2209=CARTESIAN_POINT('',(-6.02049222588539,15.8125,-44.3965138345957));
#2210=CARTESIAN_POINT('',(-6.02049222588539,15.5,-44.3965138345957));
#2211=CARTESIAN_POINT('',(-5.60382555921873,17.1145833333333,-44.136097167929));
#2212=CARTESIAN_POINT('',(-5.64059424209747,16.9951020162121,-44.2249491841411));
#2213=CARTESIAN_POINT('',(-5.67534156642694,16.8716251376005,-44.2955018420611));
#2214=CARTESIAN_POINT('',(-5.73803237279684,16.6189814958057,-44.4047230430184));
#2215=CARTESIAN_POINT('',(-5.76595554742147,16.4898323797443,-44.4433712788837));
#2216=CARTESIAN_POINT('',(-5.8363667312695,16.0984040584421,-44.5195508279948));
#2217=CARTESIAN_POINT('',(-5.88259273907267,15.8125008014981,-44.5344133214084));
#2218=CARTESIAN_POINT('',(-5.90092758840438,15.5,-44.5160784720767));
#2219=CARTESIAN_POINT('',(-5.49330751371731,17.1606332831298,-44.1821471177254));
#2220=CARTESIAN_POINT('',(-5.51711716311152,17.0298493404475,-44.2955018421553));
#2221=CARTESIAN_POINT('',(-5.5417891958831,16.8962973427298,-44.3815554518751));
#2222=CARTESIAN_POINT('',(-5.58974559283714,16.6290161125322,-44.510020920681));
#2223=CARTESIAN_POINT('',(-5.61299949589594,16.4952603213871,-44.552499471983));
#2224=CARTESIAN_POINT('',(-5.67749471596311,16.1000496259439,-44.6321246164384));
#2225=CARTESIAN_POINT('',(-5.73188870250469,15.813658416463,-44.6400518065701));
#2226=CARTESIAN_POINT('',(-5.76396435751203,15.5,-44.6179407669806));
#2227=CARTESIAN_POINT('',(-5.25911382598972,17.2389095328041,-44.2604233673998));
#2228=CARTESIAN_POINT('',(-5.26447302038074,17.0925401465177,-44.4047230434136));
#2229=CARTESIAN_POINT('',(-5.27450735376476,16.9442540385964,-44.5100207315962));
#2230=CARTESIAN_POINT('',(-5.3002082053123,16.6547170632044,-44.6628004606915));
#2231=CARTESIAN_POINT('',(-5.31583664707123,16.513324131687,-44.7105930105553));
#2232=CARTESIAN_POINT('',(-5.36744769319541,16.1062363341148,-44.7989195630444));
#2233=CARTESIAN_POINT('',(-5.42576095476142,15.8173535169267,-44.8026629128389));
#2234=CARTESIAN_POINT('',(-5.46872457515569,15.5,-44.7828579649054));
#2235=CARTESIAN_POINT('',(-5.13543818376356,17.271135832682,-44.2926496672778));
#2236=CARTESIAN_POINT('',(-5.1353236037573,17.1204633211799,-44.443371279241));
#2237=CARTESIAN_POINT('',(-5.14075159175599,16.9675080685749,-44.5524990773278));
#2238=CARTESIAN_POINT('',(-5.15881661035458,16.6703453212015,-44.7105925630029));
#2239=CARTESIAN_POINT('',(-5.17141810297686,16.525924462792,-44.7600255768905));
#2240=CARTESIAN_POINT('',(-5.21595294922113,16.1107571676112,-44.8539658057659));
#2241=CARTESIAN_POINT('',(-5.27008456524824,15.8198910024254,-44.8605492223049));
#2242=CARTESIAN_POINT('',(-5.31078684487755,15.5,-44.846186053459));
#2243=CARTESIAN_POINT('',(-4.74399260341517,17.3444439331713,-44.365957767767));
#2244=CARTESIAN_POINT('',(-4.74389468133143,17.190874505181,-44.5195508281982));
#2245=CARTESIAN_POINT('',(-4.74553910480776,17.0320036161817,-44.6321242330463));
#2246=CARTESIAN_POINT('',(-4.75172407854585,16.7219556674358,-44.7989203647567));
#2247=CARTESIAN_POINT('',(-4.75624432139184,16.5704556225696,-44.8539684041651));
#2248=CARTESIAN_POINT('',(-4.77425550479937,16.1287698391206,-44.969836319116));
#2249=CARTESIAN_POINT('',(-4.79965943981473,15.8281726301215,-44.9906476393405));
#2250=CARTESIAN_POINT('',(-4.82388312208564,15.5,-44.9885004766597));
#2251=CARTESIAN_POINT('',(-4.45799222588542,17.375,-44.3965138345957));
#2252=CARTESIAN_POINT('',(-4.45799142438734,17.2371005131872,-44.5344133214085));
#2253=CARTESIAN_POINT('',(-4.45914762857698,17.0863977501952,-44.6400510909714));
#2254=CARTESIAN_POINT('',(-4.46284019279426,16.7802682643585,-44.8026632201272));
#2255=CARTESIAN_POINT('',(-4.46537655282187,16.6245845118156,-44.8605515953688));
#2256=CARTESIAN_POINT('',(-4.47365508335543,16.1541743877848,-44.9906452971246));
#2257=CARTESIAN_POINT('',(-4.48006670431213,15.8345859435193,-45.0215138345957));
#2258=CARTESIAN_POINT('',(-4.48363550371983,15.5,-45.0215138345957));
#2259=CARTESIAN_POINT('',(-4.14549222588542,17.375,-44.3965138345957));
#2260=CARTESIAN_POINT('',(-4.14549222588542,17.255435362519,-44.5160784720767));
#2261=CARTESIAN_POINT('',(-4.14549222588542,17.1184735217931,-44.6179399046412));
#2262=CARTESIAN_POINT('',(-4.14549222588542,16.8232324944151,-44.7828579696389));
#2263=CARTESIAN_POINT('',(-4.14549222588542,16.6652877179354,-44.8461881857952));
#2264=CARTESIAN_POINT('',(-4.1454922258854,16.178399761968,-44.9884976548031));
#2265=CARTESIAN_POINT('',(-4.14549222588541,15.8381564595833,-45.0215138345957));
#2266=CARTESIAN_POINT('',(-4.14549222588541,15.5,-45.0215138345957));
#2267=CARTESIAN_POINT('',(-4.14549222588541,15.5,-45.0215138345957));
#2268=CARTESIAN_POINT('',(-4.14549222588541,16.3333333333333,-45.0215138345957));
#2269=CARTESIAN_POINT('',(-4.14549222588541,16.9583333333333,-44.8131805012624));
#2270=CARTESIAN_POINT('',(-4.14549222588542,17.375,-44.3965138345957));
#2271=CARTESIAN_POINT('',(2.8545077741146,15.5000000000005,-45.0215138345957));
#2272=CARTESIAN_POINT('',(2.8545077741146,1.73472347597681E-15,-45.0215138345957));
#2273=CARTESIAN_POINT('',(4.5211744407813,15.4999999999998,-45.0215138345958));
#2274=CARTESIAN_POINT('',(4.5211744407813,-6.73072708679001E-13,-45.0215138345958));
#2275=CARTESIAN_POINT('',(5.35450777411463,15.4999999999998,-44.1881805012624));
#2276=CARTESIAN_POINT('',(5.35450777411463,-6.90419943438769E-13,-44.1881805012624));
#2277=CARTESIAN_POINT('',(5.35450777411461,15.5000000000005,-42.5215138345957));
#2278=CARTESIAN_POINT('',(5.35450777411461,-3.46944695195361E-15,-42.5215138345957));
#2279=CARTESIAN_POINT('',(4.72950777411466,15.5,-44.3965138345957));
#2280=CARTESIAN_POINT('',(5.1461744407813,15.4999999999998,-43.979847167929));
#2281=CARTESIAN_POINT('',(5.35450777411462,15.4999999999998,-43.354847167929));
#2282=CARTESIAN_POINT('',(5.35450777411461,15.5,-42.5215138345957));
#2283=CARTESIAN_POINT('',(-6.64549222588539,15.5,-40.0065138345957));
#2284=CARTESIAN_POINT('',(-6.64549222588539,15.5,-42.5215138345957));
#2285=CARTESIAN_POINT('',(-6.64549222588539,17.1766666666667,-40.0065138345957));
#2286=CARTESIAN_POINT('',(-6.64549222588539,17.1766666666667,-42.5215138345957));
#2287=CARTESIAN_POINT('',(-5.80185767550169,18.0096987829497,-40.0065138345957));
#2288=CARTESIAN_POINT('',(-5.80185767550169,18.0096987829497,-42.5215138345957));
#2289=CARTESIAN_POINT('',(-4.1154038531875,17.9999116273023,-40.0065138345957));
#2290=CARTESIAN_POINT('',(-4.1154038531875,17.9999116273023,-42.5215138345957));
#2291=CARTESIAN_POINT('',(-6.64549222588539,15.5,-40.0215138345957));
#2292=CARTESIAN_POINT('',(-6.64549222588539,17.1666666668341,-40.0215138345957));
#2293=CARTESIAN_POINT('',(-5.8121588923846,18.0000000000001,-40.8548471679291));
#2294=CARTESIAN_POINT('',(-4.1454922258852,18.,-42.5215138345957));
#2295=CARTESIAN_POINT('',(-4.14549222588544,15.5,-45.0215138345957));
#2296=CARTESIAN_POINT('',(2.85450777411473,15.5,-45.0215138345957));
#2297=CARTESIAN_POINT('',(-4.14549222588544,17.1666666666667,-45.0215138345958));
#2298=CARTESIAN_POINT('',(2.85450777411473,17.1666666666667,-45.0215138345958));
#2299=CARTESIAN_POINT('',(-4.14549222588544,18.,-44.1881805012624));
#2300=CARTESIAN_POINT('',(2.85450777411473,18.,-44.1881805012624));
#2301=CARTESIAN_POINT('',(-4.14549222588544,18.,-42.5215138345957));
#2302=CARTESIAN_POINT('',(2.85450777411473,18.,-42.5215138345957));
#2303=CARTESIAN_POINT('',(-4.1454922258851,18.,-42.5215138345957));
#2304=CARTESIAN_POINT('',(-1.81215889255186,18.,-42.5215138345957));
#2305=CARTESIAN_POINT('',(0.521174440781374,18.,-42.5215138345957));
#2306=CARTESIAN_POINT('',(2.85450777411461,18.,-42.5215138345957));
#2307=CARTESIAN_POINT('',(4.41700777411463,17.0625,-44.0840138345957));
#2308=CARTESIAN_POINT('',(4.46909110744796,16.9583333333333,-44.136097167929));
#2309=CARTESIAN_POINT('',(4.51514105724437,16.8478152878319,-44.1821471177254));
#2310=CARTESIAN_POINT('',(4.59341730691874,16.6136216001043,-44.2604233673998));
#2311=CARTESIAN_POINT('',(4.6256436067967,16.4899459578782,-44.2926496672778));
#2312=CARTESIAN_POINT('',(4.69895170728596,16.0985003775298,-44.365957767767));
#2313=CARTESIAN_POINT('',(4.72950777411462,15.8125,-44.3965138345957));
#2314=CARTESIAN_POINT('',(4.72950777411462,15.5,-44.3965138345957));
#2315=CARTESIAN_POINT('',(4.46909110744796,17.1145833333333,-43.979847167929));
#2316=CARTESIAN_POINT('',(4.55794312366003,16.9951020162121,-44.0166158508077));
#2317=CARTESIAN_POINT('',(4.62849578158008,16.8716251376005,-44.0513631751372));
#2318=CARTESIAN_POINT('',(4.7377169825373,16.6189814958057,-44.1140539815071));
#2319=CARTESIAN_POINT('',(4.77636521840271,16.4898323797443,-44.1419771561318));
#2320=CARTESIAN_POINT('',(4.85254476751375,16.0984040584421,-44.2123883399798));
#2321=CARTESIAN_POINT('',(4.86740726092733,15.8125008014981,-44.258614347783));
#2322=CARTESIAN_POINT('',(4.84907241159562,15.5,-44.2769491971146));
#2323=CARTESIAN_POINT('',(4.51514105724437,17.1606332831298,-43.8693291224276));
#2324=CARTESIAN_POINT('',(4.62849578167429,17.0298493404475,-43.8931387718218));
#2325=CARTESIAN_POINT('',(4.71454939139398,16.8962973427299,-43.9178108045934));
#2326=CARTESIAN_POINT('',(4.84301486019993,16.6290161125323,-43.9657672015474));
#2327=CARTESIAN_POINT('',(4.88549341150197,16.4952603213871,-43.9890211046062));
#2328=CARTESIAN_POINT('',(4.96511855595734,16.1000496259439,-44.0535163246734));
#2329=CARTESIAN_POINT('',(4.97304574608904,15.813658416463,-44.107910311215));
#2330=CARTESIAN_POINT('',(4.9509347064995,15.5,-44.1399859662223));
#2331=CARTESIAN_POINT('',(4.59341730691874,17.2389095328041,-43.6351354346999));
#2332=CARTESIAN_POINT('',(4.73771698293253,17.0925401465177,-43.640494629091));
#2333=CARTESIAN_POINT('',(4.84301467111514,16.9442540385964,-43.6505289624751));
#2334=CARTESIAN_POINT('',(4.9957944002104,16.6547170632044,-43.6762298140225));
#2335=CARTESIAN_POINT('',(5.04358695007426,16.513324131687,-43.6918582557815));
#2336=CARTESIAN_POINT('',(5.13191350256329,16.1062363341148,-43.7434693019057));
#2337=CARTESIAN_POINT('',(5.13565685235785,15.8173535169267,-43.8017825634717));
#2338=CARTESIAN_POINT('',(5.11585190442437,15.5,-43.844746183866));
#2339=CARTESIAN_POINT('',(4.6256436067967,17.2711358326821,-43.5114597924738));
#2340=CARTESIAN_POINT('',(4.77636521875998,17.1204633211799,-43.5113452124676));
#2341=CARTESIAN_POINT('',(4.88549301684668,16.9675080685749,-43.5167732004662));
#2342=CARTESIAN_POINT('',(5.04358650252185,16.6703453212015,-43.5348382190648));
#2343=CARTESIAN_POINT('',(5.09301951640946,16.525924462792,-43.5474397116871));
#2344=CARTESIAN_POINT('',(5.18695974528479,16.1107571676113,-43.5919745579313));
#2345=CARTESIAN_POINT('',(5.19354316182377,15.8198910024254,-43.6461061739585));
#2346=CARTESIAN_POINT('',(5.17917999297797,15.5,-43.6868084535878));
#2347=CARTESIAN_POINT('',(4.69895170728595,17.3444439331714,-43.1200142121254));
#2348=CARTESIAN_POINT('',(4.85254476771713,17.190874505181,-43.1199162900416));
#2349=CARTESIAN_POINT('',(4.96511817256524,17.0320036161817,-43.121560713518));
#2350=CARTESIAN_POINT('',(5.13191430427562,16.7219556674358,-43.1277456872561));
#2351=CARTESIAN_POINT('',(5.18696234368408,16.5704556225696,-43.1322659301021));
#2352=CARTESIAN_POINT('',(5.30283025863491,16.1287698391206,-43.1502771135096));
#2353=CARTESIAN_POINT('',(5.32364157885945,15.8281726301215,-43.175681048525));
#2354=CARTESIAN_POINT('',(5.32149441617858,15.5,-43.1999047307959));
#2355=CARTESIAN_POINT('',(4.72950777411461,17.375,-42.8340138345957));
#2356=CARTESIAN_POINT('',(4.86740726092734,17.2371005131873,-42.8340130330976));
#2357=CARTESIAN_POINT('',(4.97304503049029,17.0863977501952,-42.8351692372872));
#2358=CARTESIAN_POINT('',(5.13565715964615,16.7802682643585,-42.8388618015045));
#2359=CARTESIAN_POINT('',(5.19354553488773,16.6245845118156,-42.8413981615321));
#2360=CARTESIAN_POINT('',(5.32363923664359,16.1541743877848,-42.8496766920656));
#2361=CARTESIAN_POINT('',(5.35450777411461,15.8345859435193,-42.8560883130223));
#2362=CARTESIAN_POINT('',(5.35450777411461,15.5,-42.85965711243));
#2363=CARTESIAN_POINT('',(4.72950777411461,17.375,-42.5215138345957));
#2364=CARTESIAN_POINT('',(4.84907241159563,17.255435362519,-42.5215138345957));
#2365=CARTESIAN_POINT('',(4.9509338441601,17.1184735217931,-42.5215138345957));
#2366=CARTESIAN_POINT('',(5.11585190915786,16.8232324944151,-42.5215138345957));
#2367=CARTESIAN_POINT('',(5.17918212531414,16.6652877179354,-42.5215138345957));
#2368=CARTESIAN_POINT('',(5.32149159432195,16.178399761968,-42.5215138345957));
#2369=CARTESIAN_POINT('',(5.35450777411461,15.8381564595833,-42.5215138345957));
#2370=CARTESIAN_POINT('',(5.35450777411461,15.5,-42.5215138345957));
#2371=CARTESIAN_POINT('',(5.35450777411461,15.5,-42.5215138345957));
#2372=CARTESIAN_POINT('',(5.35450777411461,16.3333333333333,-42.5215138345957));
#2373=CARTESIAN_POINT('',(5.14617444078128,16.9583333333333,-42.5215138345957));
#2374=CARTESIAN_POINT('',(4.72950777411462,17.375,-42.5215138345957));
#2375=CARTESIAN_POINT('',(5.42650777411461,15.5,-40.0215138345957));
#2376=CARTESIAN_POINT('',(-6.71749222588539,15.5,-40.0215138345957));
#2377=CARTESIAN_POINT('',(5.42650777411461,17.1666666666667,-40.0215138345957));
#2378=CARTESIAN_POINT('',(-6.71749222588539,17.1666666666667,-40.0215138345957));
#2379=CARTESIAN_POINT('',(5.42650777411461,18.,-40.854847167929));
#2380=CARTESIAN_POINT('',(-6.71749222588539,18.,-40.854847167929));
#2381=CARTESIAN_POINT('',(5.42650777411461,18.,-42.5215138345957));
#2382=CARTESIAN_POINT('',(-6.71749222588539,18.,-42.5215138345957));
#2383=CARTESIAN_POINT('',(5.35450777411461,15.5,-40.0215138345957));
#2384=CARTESIAN_POINT('',(5.35450777411461,17.1666666669065,-40.0215138345957));
#2385=CARTESIAN_POINT('',(4.52117444078128,18.,-40.8548471681688));
#2386=CARTESIAN_POINT('',(2.85450777411461,18.,-42.5215138345956));
#2387=CARTESIAN_POINT('',(5.35450777411461,15.5,-42.5215138345957));
#2388=CARTESIAN_POINT('',(5.35450777411461,15.5,-40.0065138345952));
#2389=CARTESIAN_POINT('',(5.35450777411461,17.1766666666667,-42.5215138345957));
#2390=CARTESIAN_POINT('',(5.35450777411461,17.1766666666667,-40.0065138345952));
#2391=CARTESIAN_POINT('',(4.51087322373096,18.0096987829498,-42.5215138345956));
#2392=CARTESIAN_POINT('',(4.51087322373096,18.0096987829498,-40.0065138345952));
#2393=CARTESIAN_POINT('',(2.82441940141691,17.9999116273023,-42.5215138345957));
#2394=CARTESIAN_POINT('',(2.82441940141691,17.9999116273023,-40.0065138345952));
#2395=CARTESIAN_POINT('',(0.,0.,0.));
#2396=CARTESIAN_POINT('',(45.0437062382698,-0.499999999999994,25.0406877323985));
#2397=CARTESIAN_POINT('',(49.0437062382698,-0.499999999999994,25.0406877323985));
#2398=CARTESIAN_POINT('',(49.0437062382698,-1.5,25.0406877323985));
#2399=CARTESIAN_POINT('',(49.0437062382698,-3.,25.0406877323985));
#2400=CARTESIAN_POINT('',(49.0437062382698,-1.49999999999999,25.0406877323985));
#2401=CARTESIAN_POINT('',(46.3770395716031,-1.49999999999999,25.0406877323985));
#2402=CARTESIAN_POINT('',(43.7103729049365,-1.49999999999999,25.0406877323985));
#2403=CARTESIAN_POINT('',(41.0437062382698,-1.49999999999999,25.0406877323985));
#2404=CARTESIAN_POINT('',(41.0437062382698,-1.5,25.0406877323985));
#2405=CARTESIAN_POINT('',(41.0437062382698,-0.5,25.0406877323985));
#2406=CARTESIAN_POINT('',(41.0437062382698,-3.,25.0406877323985));
#2407=CARTESIAN_POINT('',(45.0437062382698,-3.,25.0406877323985));
#2408=CARTESIAN_POINT('',(41.0437062382698,-0.5,10.0406877323985));
#2409=CARTESIAN_POINT('',(41.0437062382698,-0.5,10.0406877323985));
#2410=CARTESIAN_POINT('',(41.0437062382698,-0.5,24.0406877323985));
#2411=CARTESIAN_POINT('',(41.0437062382698,-0.5,-3.95931226760149));
#2412=CARTESIAN_POINT('',(41.0437062382698,-0.5,-3.9593122676015));
#2413=CARTESIAN_POINT('',(41.0437062382698,-0.5,-4.62597893426817));
#2414=CARTESIAN_POINT('',(41.0437062382698,-0.833333333333334,-4.9593122676015));
#2415=CARTESIAN_POINT('',(41.0437062382698,-1.5,-4.9593122676015));
#2416=CARTESIAN_POINT('',(41.0437062382698,-1.5,-4.95931226760149));
#2417=CARTESIAN_POINT('',(41.0437062382698,-0.5,-4.95931226760149));
#2418=CARTESIAN_POINT('',(41.0437062382698,-3.,-4.95931226760149));
#2419=CARTESIAN_POINT('',(41.0437062382698,-3.,10.0406877323985));
#2420=CARTESIAN_POINT('',(41.0437062382698,-1.5,25.0406877323985));
#2421=CARTESIAN_POINT('',(41.0437062382698,-0.833333333333333,25.0406877323985));
#2422=CARTESIAN_POINT('',(41.0437062382698,-0.5,24.7073543990652));
#2423=CARTESIAN_POINT('',(41.0437062382698,-0.5,24.0406877323985));
#2424=CARTESIAN_POINT('',(45.0437062382698,-0.499999999999994,-4.95931226760149));
#2425=CARTESIAN_POINT('',(41.0437062382698,-1.49999999999999,-4.95931226760149));
#2426=CARTESIAN_POINT('',(43.7103729049365,-1.49999999999999,-4.95931226760149));
#2427=CARTESIAN_POINT('',(46.3770395716031,-1.49999999999999,-4.95931226760149));
#2428=CARTESIAN_POINT('',(49.0437062382698,-1.49999999999999,-4.95931226760149));
#2429=CARTESIAN_POINT('',(49.0437062382698,-1.5,-4.95931226760149));
#2430=CARTESIAN_POINT('',(49.0437062382698,-0.499999999999994,-4.95931226760149));
#2431=CARTESIAN_POINT('',(49.0437062382698,-3.,-4.95931226760149));
#2432=CARTESIAN_POINT('',(45.0437062382698,-3.,-4.95931226760149));
#2433=CARTESIAN_POINT('',(49.0437062382698,-0.499999999999994,10.0406877323985));
#2434=CARTESIAN_POINT('',(49.0437062382698,-1.49999999999999,-4.9593122676015));
#2435=CARTESIAN_POINT('',(49.0437062382698,-0.833333333333327,-4.9593122676015));
#2436=CARTESIAN_POINT('',(49.0437062382698,-0.499999999999994,-4.62597893426817));
#2437=CARTESIAN_POINT('',(49.0437062382698,-0.499999999999994,-3.9593122676015));
#2438=CARTESIAN_POINT('',(49.0437062382698,-0.499999999999994,-3.95931226760149));
#2439=CARTESIAN_POINT('',(49.0437062382698,-0.499999999999994,10.0406877323985));
#2440=CARTESIAN_POINT('',(49.0437062382698,-0.499999999999994,24.0406877323985));
#2441=CARTESIAN_POINT('',(49.0437062382698,-0.499999999999994,24.0406877323985));
#2442=CARTESIAN_POINT('',(49.0437062382698,-0.499999999999994,24.7073543990652));
#2443=CARTESIAN_POINT('',(49.0437062382698,-0.833333333333327,25.0406877323985));
#2444=CARTESIAN_POINT('',(49.0437062382698,-1.49999999999999,25.0406877323985));
#2445=CARTESIAN_POINT('',(49.0437062382698,-3.,10.0406877323985));
#2446=CARTESIAN_POINT('',(-3.56677393615245,-0.5,-11.0154061338007));
#2447=CARTESIAN_POINT('',(49.0437062382698,-0.499999999999993,-3.95931226760148));
#2448=CARTESIAN_POINT('',(46.3770395716032,-0.499999999999994,-3.95931226760148));
#2449=CARTESIAN_POINT('',(43.7103729049365,-0.499999999999994,-3.95931226760148));
#2450=CARTESIAN_POINT('',(41.0437062382698,-0.499999999999994,-3.95931226760148));
#2451=CARTESIAN_POINT('',(41.0437062382698,-0.499999999999994,24.0406877323985));
#2452=CARTESIAN_POINT('',(43.7103729049364,-0.499999999999994,24.0406877323985));
#2453=CARTESIAN_POINT('',(46.3770395716031,-0.499999999999994,24.0406877323985));
#2454=CARTESIAN_POINT('',(49.0437062382697,-0.499999999999993,24.0406877323985));
#2455=CARTESIAN_POINT('',(-3.56677393615245,-3.,-11.0154061338007));
#2456=CARTESIAN_POINT('',(49.0437062382699,-0.499999999999997,-3.95931226760148));
#2457=CARTESIAN_POINT('',(41.0437062382698,-0.499999999999997,-3.95931226760148));
#2458=CARTESIAN_POINT('',(49.0437062382699,-0.499999999999994,-4.62597893426816));
#2459=CARTESIAN_POINT('',(41.0437062382698,-0.499999999999994,-4.62597893426816));
#2460=CARTESIAN_POINT('',(49.0437062382699,-0.83333333333333,-4.95931226760149));
#2461=CARTESIAN_POINT('',(41.0437062382699,-0.83333333333333,-4.95931226760149));
#2462=CARTESIAN_POINT('',(49.0437062382699,-1.5,-4.95931226760149));
#2463=CARTESIAN_POINT('',(41.0437062382698,-1.5,-4.95931226760149));
#2464=CARTESIAN_POINT('',(41.0437062382698,-0.499999999999997,24.0406877323985));
#2465=CARTESIAN_POINT('',(49.0437062382698,-0.499999999999997,24.0406877323985));
#2466=CARTESIAN_POINT('',(41.0437062382699,-0.499999999999995,24.7073543990652));
#2467=CARTESIAN_POINT('',(49.0437062382699,-0.499999999999995,24.7073543990652));
#2468=CARTESIAN_POINT('',(41.0437062382698,-0.833333333333331,25.0406877323985));
#2469=CARTESIAN_POINT('',(49.0437062382698,-0.833333333333331,25.0406877323985));
#2470=CARTESIAN_POINT('',(41.0437062382698,-1.5,25.0406877323985));
#2471=CARTESIAN_POINT('',(49.0437062382698,-1.5,25.0406877323985));
#2472=CARTESIAN_POINT('',(0.,0.,0.));
#2473=CARTESIAN_POINT('',(14.3545077741146,18.,-11.0215138345957));
#2474=CARTESIAN_POINT('',(14.3545077741146,17.,-11.0215138345957));
#2475=CARTESIAN_POINT('',(14.3545077741146,17.,-15.));
#2476=CARTESIAN_POINT('',(14.3545077741146,17.,-23.));
#2477=CARTESIAN_POINT('',(14.3545077741146,18.,-15.));
#2478=CARTESIAN_POINT('',(14.3545077741146,14.5,-15.));
#2479=CARTESIAN_POINT('',(14.3545077741146,14.5,-11.0215138345957));
#2480=CARTESIAN_POINT('',(14.3545077741146,14.5,-23.));
#2481=CARTESIAN_POINT('',(14.3545077741146,18.,-23.));
#2482=CARTESIAN_POINT('',(14.3545077741146,18.,-11.0215138345957));
#2483=CARTESIAN_POINT('',(14.3545077741146,18.,-34.5215138345957));
#2484=CARTESIAN_POINT('',(14.3545077741146,18.,14.9784861654043));
#2485=CARTESIAN_POINT('',(14.3545077741146,18.,-34.5215138345957));
#2486=CARTESIAN_POINT('',(14.3545077741146,18.,-36.1881805012624));
#2487=CARTESIAN_POINT('',(14.3545077741146,17.1666666666667,-37.0215138345957));
#2488=CARTESIAN_POINT('',(14.3545077741146,15.5,-37.0215138345957));
#2489=CARTESIAN_POINT('',(14.3545077741146,15.5,-37.0215138345957));
#2490=CARTESIAN_POINT('',(14.3545077741146,18.,-37.0215138345957));
#2491=CARTESIAN_POINT('',(14.3545077741146,0.,-37.0215138345957));
#2492=CARTESIAN_POINT('',(14.3545077741146,0.,-11.0215138345957));
#2493=CARTESIAN_POINT('',(14.3545077741146,0.,14.9784861654043));
#2494=CARTESIAN_POINT('',(14.3545077741146,18.,14.9784861654043));
#2495=CARTESIAN_POINT('',(14.3545077741146,17.,-11.0215138345957));
#2496=CARTESIAN_POINT('',(14.3545077741146,17.,8.));
#2497=CARTESIAN_POINT('',(14.3545077741146,17.,0.));
#2498=CARTESIAN_POINT('',(14.3545077741146,18.,8.));
#2499=CARTESIAN_POINT('',(14.3545077741146,14.5,8.));
#2500=CARTESIAN_POINT('',(14.3545077741146,14.5,-11.0215138345957));
#2501=CARTESIAN_POINT('',(14.3545077741146,14.5,-8.8932505792315E-16));
#2502=CARTESIAN_POINT('',(14.3545077741146,18.,0.));
#2503=CARTESIAN_POINT('',(-15.6454922258854,18.,-11.0215138345957));
#2504=CARTESIAN_POINT('',(-15.6454922258854,18.,-37.0215138345957));
#2505=CARTESIAN_POINT('',(-15.6454922258854,15.5,-37.0215138345957));
#2506=CARTESIAN_POINT('',(-15.6454922258854,0.,-37.0215138345957));
#2507=CARTESIAN_POINT('',(-15.6454922258854,15.5,-37.0215138345957));
#2508=CARTESIAN_POINT('',(-15.6454922258854,17.1666666666667,-37.0215138345957));
#2509=CARTESIAN_POINT('',(-15.6454922258854,18.,-36.1881805012624));
#2510=CARTESIAN_POINT('',(-15.6454922258854,18.,-34.5215138345957));
#2511=CARTESIAN_POINT('',(-15.6454922258854,18.,-34.5215138345957));
#2512=CARTESIAN_POINT('',(-15.6454922258854,18.,-11.0215138345957));
#2513=CARTESIAN_POINT('',(-15.6454922258854,18.,14.9784861654043));
#2514=CARTESIAN_POINT('',(-15.6454922258854,18.,14.9784861654043));
#2515=CARTESIAN_POINT('',(-15.6454922258854,0.,14.9784861654043));
#2516=CARTESIAN_POINT('',(-15.6454922258854,0.,-11.0215138345957));
#2517=CARTESIAN_POINT('',(-15.6454922258854,18.,-15.));
#2518=CARTESIAN_POINT('',(-15.6454922258854,17.,-15.));
#2519=CARTESIAN_POINT('',(-15.6454922258854,14.5,-15.));
#2520=CARTESIAN_POINT('',(-15.6454922258854,17.,-11.0215138345957));
#2521=CARTESIAN_POINT('',(-15.6454922258854,17.,-23.));
#2522=CARTESIAN_POINT('',(-15.6454922258854,18.,-23.));
#2523=CARTESIAN_POINT('',(-15.6454922258854,14.5,-23.));
#2524=CARTESIAN_POINT('',(-15.6454922258854,14.5,-11.0215138345957));
#2525=CARTESIAN_POINT('',(-15.6454922258854,18.,8.));
#2526=CARTESIAN_POINT('',(-15.6454922258854,17.,8.));
#2527=CARTESIAN_POINT('',(-15.6454922258854,14.5,8.));
#2528=CARTESIAN_POINT('',(-15.6454922258854,17.,-11.0215138345957));
#2529=CARTESIAN_POINT('',(-15.6454922258854,17.,9.69307237766286E-16));
#2530=CARTESIAN_POINT('',(-15.6454922258854,18.,1.7347234759768E-15));
#2531=CARTESIAN_POINT('',(-15.6454922258854,14.5,1.7347234759768E-15));
#2532=CARTESIAN_POINT('',(-15.6454922258854,14.5,-11.0215138345957));
#2533=CARTESIAN_POINT('',(-17.6454922258854,18.,-37.0215138345957));
#2534=CARTESIAN_POINT('',(-17.1454922258854,0.,-37.0215138345957));
#2535=CARTESIAN_POINT('',(-17.1454922258854,5.16666666666667,-37.0215138345957));
#2536=CARTESIAN_POINT('',(-17.1454922258854,10.3333333333333,-37.0215138345957));
#2537=CARTESIAN_POINT('',(-17.1454922258854,15.5,-37.0215138345957));
#2538=CARTESIAN_POINT('',(-17.1454922258854,0.,-37.0215138345957));
#2539=CARTESIAN_POINT('',(-17.1454922258854,15.5,-37.0215138345957));
#2540=CARTESIAN_POINT('',(-17.1454922258854,15.5,-37.0215138345957));
#2541=CARTESIAN_POINT('',(-16.6454922258854,15.5,-37.0215138345957));
#2542=CARTESIAN_POINT('',(-16.1454922258854,15.5,-37.0215138345957));
#2543=CARTESIAN_POINT('',(-15.6454922258854,15.5,-37.0215138345957));
#2544=CARTESIAN_POINT('',(-17.6454922258854,0.,-37.0215138345957));
#2545=CARTESIAN_POINT('',(-19.6454922258854,18.,-9.02151383459568));
#2546=CARTESIAN_POINT('',(-19.6454922258854,15.5,16.4784861654043));
#2547=CARTESIAN_POINT('',(-19.6454922258854,15.5,13.6523241102695));
#2548=CARTESIAN_POINT('',(-19.6454922258854,15.5,10.8261620551348));
#2549=CARTESIAN_POINT('',(-19.6454922258854,15.5,8.));
#2550=CARTESIAN_POINT('',(-19.6454922258854,15.5,16.4784861654043));
#2551=CARTESIAN_POINT('',(-19.6454922258854,15.5,8.));
#2552=CARTESIAN_POINT('',(-19.6454922258854,18.,8.));
#2553=CARTESIAN_POINT('',(-19.6454922258854,14.5,8.));
#2554=CARTESIAN_POINT('',(-19.6454922258854,14.5,-9.02151383459568));
#2555=CARTESIAN_POINT('',(-19.6454922258854,14.5,1.21712487719154E-15));
#2556=CARTESIAN_POINT('',(-19.6454922258854,18.,1.7347234759768E-15));
#2557=CARTESIAN_POINT('',(-19.6454922258854,15.5,1.7347234759768E-15));
#2558=CARTESIAN_POINT('',(-19.6454922258854,15.5,-3.46944695195361E-15));
#2559=CARTESIAN_POINT('',(-19.6454922258854,15.5,-5.));
#2560=CARTESIAN_POINT('',(-19.6454922258854,15.5,-9.99999999999999));
#2561=CARTESIAN_POINT('',(-19.6454922258854,15.5,-15.));
#2562=CARTESIAN_POINT('',(-19.6454922258854,15.5,-15.));
#2563=CARTESIAN_POINT('',(-19.6454922258854,18.,-15.));
#2564=CARTESIAN_POINT('',(-19.6454922258854,14.5,-15.));
#2565=CARTESIAN_POINT('',(-19.6454922258854,14.5,-9.02151383459568));
#2566=CARTESIAN_POINT('',(-19.6454922258854,14.5,-23.));
#2567=CARTESIAN_POINT('',(-19.6454922258854,18.,-23.));
#2568=CARTESIAN_POINT('',(-19.6454922258854,15.5,-23.));
#2569=CARTESIAN_POINT('',(-19.6454922258854,15.5,-23.));
#2570=CARTESIAN_POINT('',(-19.6454922258854,15.5,-26.8405046115319));
#2571=CARTESIAN_POINT('',(-19.6454922258854,15.5,-30.6810092230638));
#2572=CARTESIAN_POINT('',(-19.6454922258854,15.5,-34.5215138345957));
#2573=CARTESIAN_POINT('',(-19.6454922258854,15.5,-34.5215138345957));
#2574=CARTESIAN_POINT('',(-19.6454922258854,15.5,-34.5215138345957));
#2575=CARTESIAN_POINT('',(-19.6454922258854,10.3333333333333,-34.5215138345957));
#2576=CARTESIAN_POINT('',(-19.6454922258854,5.16666666666667,-34.5215138345957));
#2577=CARTESIAN_POINT('',(-19.6454922258854,0.,-34.5215138345957));
#2578=CARTESIAN_POINT('',(-19.6454922258854,0.,-34.5215138345957));
#2579=CARTESIAN_POINT('',(-19.6454922258854,0.,-9.02151383459568));
#2580=CARTESIAN_POINT('',(-19.6454922258854,0.,16.4784861654043));
#2581=CARTESIAN_POINT('',(-19.6454922258854,0.,16.4784861654043));
#2582=CARTESIAN_POINT('',(-19.6454922258854,5.16666666666667,16.4784861654043));
#2583=CARTESIAN_POINT('',(-19.6454922258854,10.3333333333333,16.4784861654043));
#2584=CARTESIAN_POINT('',(-19.6454922258854,15.5,16.4784861654043));
#2585=CARTESIAN_POINT('',(-0.645492225885384,18.,18.9784861654043));
#2586=CARTESIAN_POINT('',(15.8545077741146,15.5,18.9784861654043));
#2587=CARTESIAN_POINT('',(4.8545077741146,15.5,18.9784861654043));
#2588=CARTESIAN_POINT('',(-6.1454922258854,15.5,18.9784861654043));
#2589=CARTESIAN_POINT('',(-17.1454922258854,15.5,18.9784861654043));
#2590=CARTESIAN_POINT('',(15.8545077741146,15.50003,18.9784861652243));
#2591=CARTESIAN_POINT('',(-17.1454922258854,15.5,18.9784861654043));
#2592=CARTESIAN_POINT('',(-17.1454922258854,15.5,18.9784861654043));
#2593=CARTESIAN_POINT('',(-17.1454922258854,10.3333333333333,18.9784861654043));
#2594=CARTESIAN_POINT('',(-17.1454922258854,5.16666666666667,18.9784861654043));
#2595=CARTESIAN_POINT('',(-17.1454922258854,0.,18.9784861654043));
#2596=CARTESIAN_POINT('',(-17.1454922258854,0.,18.9784861654043));
#2597=CARTESIAN_POINT('',(-0.645492225885384,0.,18.9784861654043));
#2598=CARTESIAN_POINT('',(15.8545077741146,0.,18.9784861654043));
#2599=CARTESIAN_POINT('',(15.8545077741146,0.,18.9784861654043));
#2600=CARTESIAN_POINT('',(15.8545077741146,5.16666666666667,18.9784861654043));
#2601=CARTESIAN_POINT('',(15.8545077741146,10.3333333333333,18.9784861654043));
#2602=CARTESIAN_POINT('',(15.8545077741146,15.5,18.9784861654043));
#2603=CARTESIAN_POINT('',(18.3545077741146,18.,-9.02151383459568));
#2604=CARTESIAN_POINT('',(18.3545077741146,15.75,8.));
#2605=CARTESIAN_POINT('',(18.3545077741146,15.5,8.));
#2606=CARTESIAN_POINT('',(18.3545077741146,14.5,8.));
#2607=CARTESIAN_POINT('',(18.3545077741146,15.5,8.));
#2608=CARTESIAN_POINT('',(18.3545077741146,15.5,10.8261620551348));
#2609=CARTESIAN_POINT('',(18.3545077741146,15.5,13.6523241102695));
#2610=CARTESIAN_POINT('',(18.3545077741146,15.5,16.4784861654043));
#2611=CARTESIAN_POINT('',(18.3545077741146,15.5,16.4784861654043));
#2612=CARTESIAN_POINT('',(18.3545077741146,15.5,16.4784861654043));
#2613=CARTESIAN_POINT('',(18.3545077741146,10.3333333333333,16.4784861654043));
#2614=CARTESIAN_POINT('',(18.3545077741146,5.16666666666667,16.4784861654043));
#2615=CARTESIAN_POINT('',(18.3545077741146,0.,16.4784861654043));
#2616=CARTESIAN_POINT('',(18.3545077741146,0.,16.4784861654043));
#2617=CARTESIAN_POINT('',(18.3545077741146,0.,-9.02151383459568));
#2618=CARTESIAN_POINT('',(18.3545077741146,0.,-34.5215138345957));
#2619=CARTESIAN_POINT('',(18.3545077741146,0.,-34.5215138345957));
#2620=CARTESIAN_POINT('',(18.3545077741146,5.16666666666667,-34.5215138345957));
#2621=CARTESIAN_POINT('',(18.3545077741146,10.3333333333333,-34.5215138345957));
#2622=CARTESIAN_POINT('',(18.3545077741146,15.5,-34.5215138345957));
#2623=CARTESIAN_POINT('',(18.3545077741146,15.5,-34.5215138345957));
#2624=CARTESIAN_POINT('',(18.3545077741146,15.5,-34.5215138345957));
#2625=CARTESIAN_POINT('',(18.3545077741146,15.5,-30.6810092230638));
#2626=CARTESIAN_POINT('',(18.3545077741146,15.5,-26.8405046115319));
#2627=CARTESIAN_POINT('',(18.3545077741146,15.5,-23.));
#2628=CARTESIAN_POINT('',(18.3545077741146,15.5,-23.));
#2629=CARTESIAN_POINT('',(18.3545077741146,15.75,-23.));
#2630=CARTESIAN_POINT('',(18.3545077741146,14.5,-23.));
#2631=CARTESIAN_POINT('',(18.3545077741146,14.5,-19.));
#2632=CARTESIAN_POINT('',(18.3545077741146,14.5,-15.));
#2633=CARTESIAN_POINT('',(18.3545077741146,15.75,-15.));
#2634=CARTESIAN_POINT('',(18.3545077741146,15.5,-15.));
#2635=CARTESIAN_POINT('',(18.3545077741146,15.5,-15.));
#2636=CARTESIAN_POINT('',(18.3545077741146,15.5,-9.99999999999999));
#2637=CARTESIAN_POINT('',(18.3545077741146,15.5,-4.99999999999998));
#2638=CARTESIAN_POINT('',(18.3545077741146,15.5,2.60208521396521E-14));
#2639=CARTESIAN_POINT('',(18.3545077741146,15.5,1.30104260698261E-14));
#2640=CARTESIAN_POINT('',(18.3545077741146,15.75,-1.13714269734841E-15));
#2641=CARTESIAN_POINT('',(18.3545077741146,14.5,-1.13714269734841E-15));
#2642=CARTESIAN_POINT('',(18.3545077741146,14.5,4.));
#2643=CARTESIAN_POINT('',(16.3545077741146,18.,-37.0215138345957));
#2644=CARTESIAN_POINT('',(14.3545077741146,15.5,-37.0215138345957));
#2645=CARTESIAN_POINT('',(14.8545077741146,15.5,-37.0215138345957));
#2646=CARTESIAN_POINT('',(15.3545077741146,15.5,-37.0215138345957));
#2647=CARTESIAN_POINT('',(15.8545077741146,15.5,-37.0215138345957));
#2648=CARTESIAN_POINT('',(15.8545077741146,15.5,-37.0215138345957));
#2649=CARTESIAN_POINT('',(15.8545077741146,15.5,-37.0215138345957));
#2650=CARTESIAN_POINT('',(15.8545077741146,10.3333333333333,-37.0215138345957));
#2651=CARTESIAN_POINT('',(15.8545077741146,5.16666666666667,-37.0215138345957));
#2652=CARTESIAN_POINT('',(15.8545077741146,0.,-37.0215138345957));
#2653=CARTESIAN_POINT('',(15.8545077741146,0.,-37.0215138345957));
#2654=CARTESIAN_POINT('',(16.3545077741146,0.,-37.0215138345957));
#2655=CARTESIAN_POINT('',(-0.645492225885391,18.,14.9784861654043));
#2656=CARTESIAN_POINT('',(-0.645492225885391,0.,14.9784861654043));
#2657=CARTESIAN_POINT('',(-0.645492225885391,18.,14.9784861654043));
#2658=CARTESIAN_POINT('',(-0.645492225885391,18.,-14.0215138345957));
#2659=CARTESIAN_POINT('',(-15.6454922258854,18.,-34.5215138345957));
#2660=CARTESIAN_POINT('',(-16.1454922258854,18.,-34.5215138345957));
#2661=CARTESIAN_POINT('',(-16.6454922258854,18.,-34.5215138345957));
#2662=CARTESIAN_POINT('',(-17.1454922258854,18.,-34.5215138345957));
#2663=CARTESIAN_POINT('',(-17.1454922258854,18.,-34.5215138345957));
#2664=CARTESIAN_POINT('',(-17.1454922258854,18.,-34.5215138345957));
#2665=CARTESIAN_POINT('',(-17.1454922258854,18.,-17.5215138345957));
#2666=CARTESIAN_POINT('',(-17.1454922258854,18.,-0.521513834595688));
#2667=CARTESIAN_POINT('',(-17.1454922258854,18.,16.4784861654043));
#2668=CARTESIAN_POINT('',(-17.1454922258854,18.,16.4784861654043));
#2669=CARTESIAN_POINT('',(-17.1454922258854,18.,16.4784861654043));
#2670=CARTESIAN_POINT('',(-6.1454922258854,18.,16.4784861654043));
#2671=CARTESIAN_POINT('',(4.8545077741146,18.,16.4784861654043));
#2672=CARTESIAN_POINT('',(15.8545077741146,18.,16.4784861654043));
#2673=CARTESIAN_POINT('',(15.8545077741146,18.,16.4784861654043));
#2674=CARTESIAN_POINT('',(15.8545077741146,18.,16.4784861654043));
#2675=CARTESIAN_POINT('',(15.8545077741146,18.,-0.521513834595688));
#2676=CARTESIAN_POINT('',(15.8545077741146,18.,-17.5215138345957));
#2677=CARTESIAN_POINT('',(15.8545077741146,18.,-34.5215138345957));
#2678=CARTESIAN_POINT('',(15.8545077741146,18.,-34.5215138345957));
#2679=CARTESIAN_POINT('',(15.8545077741146,18.,-34.5215138345957));
#2680=CARTESIAN_POINT('',(15.3545077741146,18.,-34.5215138345957));
#2681=CARTESIAN_POINT('',(14.8545077741146,18.,-34.5215138345957));
#2682=CARTESIAN_POINT('',(14.3545077741146,18.,-34.5215138345957));
#2683=CARTESIAN_POINT('',(-0.645492225885391,0.,-14.0215138345957));
#2684=CARTESIAN_POINT('',(-19.6454922258854,0.,-34.5215138345957));
#2685=CARTESIAN_POINT('',(-19.6454922258854,0.,-36.1881805012624));
#2686=CARTESIAN_POINT('',(-18.8121588925521,0.,-37.0215138345957));
#2687=CARTESIAN_POINT('',(-17.1454922258854,0.,-37.0215138345957));
#2688=CARTESIAN_POINT('',(15.8545077741146,0.,-37.0215138345957));
#2689=CARTESIAN_POINT('',(17.5211744407813,0.,-37.0215138345957));
#2690=CARTESIAN_POINT('',(18.3545077741146,0.,-36.1881805012624));
#2691=CARTESIAN_POINT('',(18.3545077741146,0.,-34.5215138345957));
#2692=CARTESIAN_POINT('',(18.3545077741146,0.,16.4784861654043));
#2693=CARTESIAN_POINT('',(18.3545077741146,0.,18.145152832071));
#2694=CARTESIAN_POINT('',(17.5211744407813,0.,18.9784861654043));
#2695=CARTESIAN_POINT('',(15.8545077741146,0.,18.9784861654043));
#2696=CARTESIAN_POINT('',(-17.1454922258854,0.,18.9784861654043));
#2697=CARTESIAN_POINT('',(-18.8121588925521,0.,18.9784861654043));
#2698=CARTESIAN_POINT('',(-19.6454922258854,0.,18.145152832071));
#2699=CARTESIAN_POINT('',(-19.6454922258854,0.,16.4784861654043));
#2700=CARTESIAN_POINT('',(15.8545077741146,15.5,18.9784861654043));
#2701=CARTESIAN_POINT('',(-17.1454922258854,15.5,18.9784861654043));
#2702=CARTESIAN_POINT('',(15.8545077741146,17.1666666666667,18.9784861654043));
#2703=CARTESIAN_POINT('',(-17.1454922258854,17.1666666666667,18.9784861654043));
#2704=CARTESIAN_POINT('',(15.8545077741146,18.,18.145152832071));
#2705=CARTESIAN_POINT('',(-17.1454922258854,18.,18.145152832071));
#2706=CARTESIAN_POINT('',(15.8545077741146,18.,16.4784861654043));
#2707=CARTESIAN_POINT('',(-17.1454922258854,18.,16.4784861654043));
#2708=CARTESIAN_POINT('',(-17.1454922258854,18.,16.4784861654043));
#2709=CARTESIAN_POINT('',(-17.1454922258854,18.,18.145152832071));
#2710=CARTESIAN_POINT('',(-17.1454922258854,17.1666666666667,18.9784861654043));
#2711=CARTESIAN_POINT('',(-17.1454922258854,15.5,18.9784861654043));
#2712=CARTESIAN_POINT('',(15.8545077741146,15.50003,18.9784861653143));
#2713=CARTESIAN_POINT('',(15.8545077741146,17.1666766666667,18.9784761653443));
#2714=CARTESIAN_POINT('',(15.8545077741146,18.,18.145142832041));
#2715=CARTESIAN_POINT('',(15.8545077741146,18.,16.4784861654043));
#2716=CARTESIAN_POINT('',(18.3545077741146,15.5,-34.5215138345957));
#2717=CARTESIAN_POINT('',(18.3545077741146,15.5,16.4784861654043));
#2718=CARTESIAN_POINT('',(18.3545077741146,17.1666666666667,-34.5215138345957));
#2719=CARTESIAN_POINT('',(18.3545077741146,17.1666666666667,16.4784861654043));
#2720=CARTESIAN_POINT('',(17.5211744407813,18.,-34.5215138345957));
#2721=CARTESIAN_POINT('',(17.5211744407813,18.,16.4784861654043));
#2722=CARTESIAN_POINT('',(15.8545077741146,18.,-34.5215138345957));
#2723=CARTESIAN_POINT('',(15.8545077741146,18.,16.4784861654043));
#2724=CARTESIAN_POINT('',(18.0167854342812,17.000000000003,8.));
#2725=CARTESIAN_POINT('',(18.2804241678155,16.5463412185137,8.));
#2726=CARTESIAN_POINT('',(18.3545077741139,16.0210889203597,8.));
#2727=CARTESIAN_POINT('',(18.3545077741146,15.5000000000065,8.));
#2728=CARTESIAN_POINT('',(18.016785434283,17.,8.));
#2729=CARTESIAN_POINT('',(18.016785434283,17.,-9.02151383459569));
#2730=CARTESIAN_POINT('',(18.016785434283,17.,-1.11621930908885E-15));
#2731=CARTESIAN_POINT('',(18.0167854342812,17.000000000003,-5.58109654544424E-16));
#2732=CARTESIAN_POINT('',(18.2804241678155,16.5463412185137,-5.74443236695806E-16));
#2733=CARTESIAN_POINT('',(18.3545077741139,16.0210889203597,-1.73472347597677E-15));
#2734=CARTESIAN_POINT('',(18.3545077741146,15.5000000000065,-1.73472347597681E-15));
#2735=CARTESIAN_POINT('',(18.0167854342812,17.000000000003,-15.));
#2736=CARTESIAN_POINT('',(18.2804241678155,16.5463412185137,-15.));
#2737=CARTESIAN_POINT('',(18.3545077741139,16.0210889203597,-15.));
#2738=CARTESIAN_POINT('',(18.3545077741146,15.5000000000065,-15.));
#2739=CARTESIAN_POINT('',(18.016785434283,17.,-15.));
#2740=CARTESIAN_POINT('',(18.016785434283,17.,-9.02151383459569));
#2741=CARTESIAN_POINT('',(18.016785434283,17.,-23.));
#2742=CARTESIAN_POINT('',(18.0167854342812,17.000000000003,-23.));
#2743=CARTESIAN_POINT('',(18.2804241678155,16.5463412185137,-23.));
#2744=CARTESIAN_POINT('',(18.3545077741139,16.0210889203597,-23.));
#2745=CARTESIAN_POINT('',(18.3545077741146,15.5000000000065,-23.));
#2746=CARTESIAN_POINT('',(18.3545077741146,15.5,-34.5215138345957));
#2747=CARTESIAN_POINT('',(18.3545077741146,17.1666666666667,-34.5215138345957));
#2748=CARTESIAN_POINT('',(17.5211744407813,18.,-34.5215138345957));
#2749=CARTESIAN_POINT('',(15.8545077741146,18.,-34.5215138345957));
#2750=CARTESIAN_POINT('',(15.8545077741146,18.,16.4784861654043));
#2751=CARTESIAN_POINT('',(17.5211744407813,18.,16.4784861654043));
#2752=CARTESIAN_POINT('',(18.3545077741146,17.1666666666667,16.4784861654043));
#2753=CARTESIAN_POINT('',(18.3545077741146,15.5,16.4784861654043));
#2754=CARTESIAN_POINT('',(15.8545077741146,-1.58418962062345E-15,18.9784861654043));
#2755=CARTESIAN_POINT('',(15.8545077741146,15.59306036,18.9784861654043));
#2756=CARTESIAN_POINT('',(17.5211744407813,-8.67361737988403E-16,18.9784861654043));
#2757=CARTESIAN_POINT('',(17.5211744407813,15.59306036,18.9784861654043));
#2758=CARTESIAN_POINT('',(18.3545077741146,-8.67361737988405E-16,18.145152832071));
#2759=CARTESIAN_POINT('',(18.3545077741146,15.59306036,18.145152832071));
#2760=CARTESIAN_POINT('',(18.3545077741146,-1.58418962062345E-15,16.4784861654043));
#2761=CARTESIAN_POINT('',(18.3545077741146,15.59306036,16.4784861654043));
#2762=CARTESIAN_POINT('',(18.3545077741146,15.5,16.4784861654043));
#2763=CARTESIAN_POINT('',(18.3545077741146,15.50002,18.1451528319012));
#2764=CARTESIAN_POINT('',(17.5211744409511,15.50004,18.9784861652345));
#2765=CARTESIAN_POINT('',(15.854507774624,15.50006,18.9784861654043));
#2766=CARTESIAN_POINT('',(15.8545077741146,15.5,18.9784861654043));
#2767=CARTESIAN_POINT('',(15.8545077741146,15.9166666666666,18.9784861654043));
#2768=CARTESIAN_POINT('',(15.8545077741146,16.28125,18.926402832071));
#2769=CARTESIAN_POINT('',(15.8545077741146,17.21875,18.613902832071));
#2770=CARTESIAN_POINT('',(15.8545077741146,17.6354166666667,18.1972361654043));
#2771=CARTESIAN_POINT('',(15.8545077741146,17.9479166666667,17.2597361654043));
#2772=CARTESIAN_POINT('',(15.8545077741146,18.,16.895152832071));
#2773=CARTESIAN_POINT('',(15.8545077741146,18.,16.4784861654043));
#2774=CARTESIAN_POINT('',(16.1923095436664,15.5,18.9784861654043));
#2775=CARTESIAN_POINT('',(16.1923095436664,15.9115545988653,18.9784861654043));
#2776=CARTESIAN_POINT('',(16.1923095436664,16.2812500000026,18.9264028320696));
#2777=CARTESIAN_POINT('',(16.1923095436664,17.2187499999949,18.6139028320737));
#2778=CARTESIAN_POINT('',(16.1923095436664,17.6354166666633,18.1972361654099));
#2779=CARTESIAN_POINT('',(16.1923095436664,17.9479166666684,17.2597361654015));
#2780=CARTESIAN_POINT('',(16.1923095436664,18.,16.8900407642696));
#2781=CARTESIAN_POINT('',(16.1923095436664,18.,16.4784861654043));
#2782=CARTESIAN_POINT('',(16.5375201024155,15.5,18.9446786667943));
#2783=CARTESIAN_POINT('',(16.5375201024155,15.8919819135098,18.9446786667943));
#2784=CARTESIAN_POINT('',(16.5375201024155,16.2536120541585,18.8904541392584));
#2785=CARTESIAN_POINT('',(16.5375201024155,17.1720318287196,18.5715093875096));
#2786=CARTESIAN_POINT('',(16.5375201024155,17.5930232220961,18.1505179941399));
#2787=CARTESIAN_POINT('',(16.5375201024155,17.9119679738587,17.2320982195548));
#2788=CARTESIAN_POINT('',(16.5375201024155,17.96619250139,16.8704680789142));
#2789=CARTESIAN_POINT('',(16.5375201024155,17.96619250139,16.4784861654043));
#2790=CARTESIAN_POINT('',(17.1854767329712,15.5,18.7541708004215));
#2791=CARTESIAN_POINT('',(17.1854767329712,15.834502426114,18.7541708004215));
#2792=CARTESIAN_POINT('',(17.1854767329712,16.1583616195557,18.6979623990408));
#2793=CARTESIAN_POINT('',(17.1854767329712,16.9919471718382,18.3805081766138));
#2794=CARTESIAN_POINT('',(17.1854767329712,17.402022011198,17.9704333372626));
#2795=CARTESIAN_POINT('',(17.1854767329712,17.7194762336422,17.13684778495));
#2796=CARTESIAN_POINT('',(17.1854767329712,17.7756846350172,16.8129885915183));
#2797=CARTESIAN_POINT('',(17.1854767329712,17.7756846350172,16.4784861654043));
#2798=CARTESIAN_POINT('',(17.4940798087775,15.5,18.5903289917501));
#2799=CARTESIAN_POINT('',(17.4940798087775,15.7965956240736,18.5903289917501));
#2800=CARTESIAN_POINT('',(17.4940798087775,16.0903027907402,18.5347242507827));
#2801=CARTESIAN_POINT('',(17.4940798087775,16.8561258159199,18.2272138396856));
#2802=CARTESIAN_POINT('',(17.4940798087775,17.2487276742706,17.8346119813428));
#2803=CARTESIAN_POINT('',(17.4940798087775,17.5562380853837,17.0687889561351));
#2804=CARTESIAN_POINT('',(17.4940798087775,17.6118428263458,16.7750817894779));
#2805=CARTESIAN_POINT('',(17.4940798087775,17.6118428263458,16.4784861654043));
#2806=CARTESIAN_POINT('',(17.9723558999928,15.5,18.1092010893937));
#2807=CARTESIAN_POINT('',(17.9723558999928,15.7130350217314,18.1092010893937));
#2808=CARTESIAN_POINT('',(17.9723558999928,15.9310573424772,18.0621376832634));
#2809=CARTESIAN_POINT('',(17.9723558999928,16.5131225372364,17.8092101482244));
#2810=CARTESIAN_POINT('',(17.9723558999928,16.8307239828125,17.4916087026541));
#2811=CARTESIAN_POINT('',(17.9723558999928,17.083651517863,16.9095435078748));
#2812=CARTESIAN_POINT('',(17.9723558999928,17.1307149239894,16.6915211871357));
#2813=CARTESIAN_POINT('',(17.9723558999928,17.1307149239894,16.4784861654043));
#2814=CARTESIAN_POINT('',(18.1358652942913,15.5,17.7959179297976));
#2815=CARTESIAN_POINT('',(18.1358652942913,15.6673812214295,17.7959179297976));
#2816=CARTESIAN_POINT('',(18.1358652942913,15.8401209064104,17.7565420147107));
#2817=CARTESIAN_POINT('',(18.1358652942913,16.3073166230644,17.5471277191871));
#2818=CARTESIAN_POINT('',(18.1358652942913,16.5686415537775,17.285802788478));
#2819=CARTESIAN_POINT('',(18.1358652942913,16.7780558493091,16.81860707181));
#2820=CARTESIAN_POINT('',(18.1358652942913,16.8174317643932,16.6458673868338));
#2821=CARTESIAN_POINT('',(18.1358652942913,16.8174317643932,16.4784861654043));
#2822=CARTESIAN_POINT('',(18.3222602985563,15.5,17.1502088888567));
#2823=CARTESIAN_POINT('',(18.3222602985563,15.5789137409876,17.1502088888567));
#2824=CARTESIAN_POINT('',(18.3222602985563,15.6622703071232,17.1282741581251));
#2825=CARTESIAN_POINT('',(18.3222602985563,15.8963001869324,17.0145319152219));
#2826=CARTESIAN_POINT('',(18.3222602985563,16.0360457498161,16.8747863523394));
#2827=CARTESIAN_POINT('',(18.3222602985563,16.1497879927215,16.6407564725262));
#2828=CARTESIAN_POINT('',(18.3222602985563,16.1717227234524,16.5573999063918));
#2829=CARTESIAN_POINT('',(18.3222602985563,16.1717227234524,16.4784861654043));
#2830=CARTESIAN_POINT('',(18.3545077741146,15.5,16.8169155304806));
#2831=CARTESIAN_POINT('',(18.3545077741146,15.5361000608475,16.8169155304806));
#2832=CARTESIAN_POINT('',(18.3545077741146,15.5753019265885,16.8047887103752));
#2833=CARTESIAN_POINT('',(18.3545077741146,15.6907914697429,16.7434492584921));
#2834=CARTESIAN_POINT('',(18.3545077741146,15.7649630930877,16.6692776351472));
#2835=CARTESIAN_POINT('',(18.3545077741146,15.826302544971,16.5537880919928));
#2836=CARTESIAN_POINT('',(18.3545077741146,15.8384293650763,16.5145862262518));
#2837=CARTESIAN_POINT('',(18.3545077741146,15.8384293650763,16.4784861654043));
#2838=CARTESIAN_POINT('',(18.3545077741146,15.5,16.4784861654043));
#2839=CARTESIAN_POINT('',(18.3545077741146,15.5,16.4784861654043));
#2840=CARTESIAN_POINT('',(18.3545077741146,15.5,16.4784861654043));
#2841=CARTESIAN_POINT('',(18.3545077741146,15.5,16.4784861654043));
#2842=CARTESIAN_POINT('',(18.3545077741146,15.5,16.4784861654043));
#2843=CARTESIAN_POINT('',(18.3545077741146,15.5,16.4784861654043));
#2844=CARTESIAN_POINT('',(18.3545077741146,15.5,16.4784861654043));
#2845=CARTESIAN_POINT('',(18.3545077741146,15.5,16.4784861654043));
#2846=CARTESIAN_POINT('',(-17.1454922258854,15.5,18.9784861654043));
#2847=CARTESIAN_POINT('',(-17.1454922258854,0.,18.9784861654043));
#2848=CARTESIAN_POINT('',(-18.8121588925521,15.5,18.9784861654043));
#2849=CARTESIAN_POINT('',(-18.8121588925521,-1.73472347597681E-15,18.9784861654043));
#2850=CARTESIAN_POINT('',(-19.6454922258854,15.5,18.145152832071));
#2851=CARTESIAN_POINT('',(-19.6454922258854,3.46944695195361E-15,18.145152832071));
#2852=CARTESIAN_POINT('',(-19.6454922258854,15.5,16.4784861654043));
#2853=CARTESIAN_POINT('',(-19.6454922258854,0.,16.4784861654043));
#2854=CARTESIAN_POINT('',(-17.1454922258854,15.5,18.9784861654043));
#2855=CARTESIAN_POINT('',(-18.8121588925521,15.5,18.9784861654043));
#2856=CARTESIAN_POINT('',(-19.6454922258854,15.5,18.145152832071));
#2857=CARTESIAN_POINT('',(-19.6454922258854,15.5,16.4784861654043));
#2858=CARTESIAN_POINT('',(-17.1454922258854,18.,16.4784861654043));
#2859=CARTESIAN_POINT('',(-17.1454922258854,18.,16.895152832071));
#2860=CARTESIAN_POINT('',(-17.1454922258854,17.9479166666667,17.2597361654043));
#2861=CARTESIAN_POINT('',(-17.1454922258854,17.6354166666667,18.1972361654043));
#2862=CARTESIAN_POINT('',(-17.1454922258854,17.21875,18.613902832071));
#2863=CARTESIAN_POINT('',(-17.1454922258854,16.28125,18.926402832071));
#2864=CARTESIAN_POINT('',(-17.1454922258854,15.9166666666666,18.9784861654043));
#2865=CARTESIAN_POINT('',(-17.1454922258854,15.5,18.9784861654043));
#2866=CARTESIAN_POINT('',(-17.4832939954372,18.,16.4784861654043));
#2867=CARTESIAN_POINT('',(-17.4832939954372,18.,16.8900407642696));
#2868=CARTESIAN_POINT('',(-17.4832939954372,17.9479166666676,17.259736165404));
#2869=CARTESIAN_POINT('',(-17.4832939954372,17.6354166666648,18.1972361654049));
#2870=CARTESIAN_POINT('',(-17.4832939954372,17.2187499999982,18.6139028320716));
#2871=CARTESIAN_POINT('',(-17.4832939954372,16.2812500000009,18.9264028320707));
#2872=CARTESIAN_POINT('',(-17.4832939954372,15.9115545988653,18.9784861654043));
#2873=CARTESIAN_POINT('',(-17.4832939954372,15.5,18.9784861654043));
#2874=CARTESIAN_POINT('',(-17.8285045541862,17.96619250139,16.4784861654043));
#2875=CARTESIAN_POINT('',(-17.8285045541862,17.96619250139,16.8704680789142));
#2876=CARTESIAN_POINT('',(-17.8285045541862,17.9119679738575,17.2320982195586));
#2877=CARTESIAN_POINT('',(-17.8285045541862,17.5930232220984,18.1505179941324));
#2878=CARTESIAN_POINT('',(-17.8285045541863,17.1720318287245,18.5715093875065));
#2879=CARTESIAN_POINT('',(-17.8285045541863,16.2536120541561,18.89045413926));
#2880=CARTESIAN_POINT('',(-17.8285045541863,15.8919819135098,18.9446786667943));
#2881=CARTESIAN_POINT('',(-17.8285045541863,15.5,18.9446786667943));
#2882=CARTESIAN_POINT('',(-18.476461184742,17.7756846350172,16.4784861654043));
#2883=CARTESIAN_POINT('',(-18.476461184742,17.7756846350172,16.8129885915183));
#2884=CARTESIAN_POINT('',(-18.476461184742,17.7194762336408,17.1368477849547));
#2885=CARTESIAN_POINT('',(-18.476461184742,17.4020220112008,17.9704333372532));
#2886=CARTESIAN_POINT('',(-18.476461184742,16.9919471718444,18.3805081766099));
#2887=CARTESIAN_POINT('',(-18.476461184742,16.1583616195527,18.6979623990427));
#2888=CARTESIAN_POINT('',(-18.476461184742,15.834502426114,18.7541708004215));
#2889=CARTESIAN_POINT('',(-18.476461184742,15.5,18.7541708004215));
#2890=CARTESIAN_POINT('',(-18.7850642605483,17.6118428263458,16.4784861654043));
#2891=CARTESIAN_POINT('',(-18.7850642605483,17.6118428263458,16.7750817894779));
#2892=CARTESIAN_POINT('',(-18.7850642605483,17.5562380853824,17.0687889561395));
#2893=CARTESIAN_POINT('',(-18.7850642605483,17.2487276742733,17.8346119813341));
#2894=CARTESIAN_POINT('',(-18.7850642605483,16.8561258159256,18.227213839682));
#2895=CARTESIAN_POINT('',(-18.7850642605483,16.0903027907373,18.5347242507844));
#2896=CARTESIAN_POINT('',(-18.7850642605483,15.7965956240736,18.5903289917501));
#2897=CARTESIAN_POINT('',(-18.7850642605483,15.5,18.5903289917501));
#2898=CARTESIAN_POINT('',(-19.2633403517636,17.1307149239894,16.4784861654043));
#2899=CARTESIAN_POINT('',(-19.2633403517636,17.1307149239894,16.6915211871357));
#2900=CARTESIAN_POINT('',(-19.2633403517636,17.083651517862,16.9095435078779));
#2901=CARTESIAN_POINT('',(-19.2633403517636,16.8307239828144,17.4916087026478));
#2902=CARTESIAN_POINT('',(-19.2633403517636,16.5131225372405,17.8092101482218));
#2903=CARTESIAN_POINT('',(-19.2633403517636,15.9310573424751,18.0621376832648));
#2904=CARTESIAN_POINT('',(-19.2633403517636,15.7130350217314,18.1092010893937));
#2905=CARTESIAN_POINT('',(-19.2633403517636,15.5,18.1092010893937));
#2906=CARTESIAN_POINT('',(-19.4268497460621,16.8174317643932,16.4784861654043));
#2907=CARTESIAN_POINT('',(-19.4268497460621,16.8174317643932,16.6458673868338));
#2908=CARTESIAN_POINT('',(-19.4268497460621,16.7780558493083,16.8186070718122));
#2909=CARTESIAN_POINT('',(-19.4268497460621,16.5686415537788,17.2858027884736));
#2910=CARTESIAN_POINT('',(-19.4268497460621,16.3073166230672,17.5471277191853));
#2911=CARTESIAN_POINT('',(-19.4268497460621,15.840120906409,17.7565420147116));
#2912=CARTESIAN_POINT('',(-19.4268497460621,15.6673812214295,17.7959179297976));
#2913=CARTESIAN_POINT('',(-19.4268497460621,15.5,17.7959179297976));
#2914=CARTESIAN_POINT('',(-19.6132447503271,16.1717227234524,16.4784861654043));
#2915=CARTESIAN_POINT('',(-19.6132447503271,16.1717227234524,16.5573999063918));
#2916=CARTESIAN_POINT('',(-19.6132447503271,16.1497879927214,16.6407564725269));
#2917=CARTESIAN_POINT('',(-19.6132447503271,16.0360457498165,16.8747863523382));
#2918=CARTESIAN_POINT('',(-19.6132447503271,15.8963001869332,17.0145319152214));
#2919=CARTESIAN_POINT('',(-19.6132447503271,15.6622703071229,17.1282741581254));
#2920=CARTESIAN_POINT('',(-19.6132447503271,15.5789137409876,17.1502088888567));
#2921=CARTESIAN_POINT('',(-19.6132447503271,15.5,17.1502088888567));
#2922=CARTESIAN_POINT('',(-19.6454922258854,15.8384293650763,16.4784861654043));
#2923=CARTESIAN_POINT('',(-19.6454922258854,15.8384293650763,16.5145862262518));
#2924=CARTESIAN_POINT('',(-19.6454922258854,15.826302544971,16.5537880919928));
#2925=CARTESIAN_POINT('',(-19.6454922258854,15.7649630930877,16.6692776351472));
#2926=CARTESIAN_POINT('',(-19.6454922258854,15.6907914697429,16.7434492584921));
#2927=CARTESIAN_POINT('',(-19.6454922258854,15.5753019265885,16.8047887103752));
#2928=CARTESIAN_POINT('',(-19.6454922258854,15.5361000608475,16.8169155304806));
#2929=CARTESIAN_POINT('',(-19.6454922258854,15.5,16.8169155304806));
#2930=CARTESIAN_POINT('',(-19.6454922258854,15.5,16.4784861654043));
#2931=CARTESIAN_POINT('',(-19.6454922258854,15.5,16.4784861654043));
#2932=CARTESIAN_POINT('',(-19.6454922258854,15.5,16.4784861654043));
#2933=CARTESIAN_POINT('',(-19.6454922258854,15.5,16.4784861654043));
#2934=CARTESIAN_POINT('',(-19.6454922258854,15.5,16.4784861654043));
#2935=CARTESIAN_POINT('',(-19.6454922258854,15.5,16.4784861654043));
#2936=CARTESIAN_POINT('',(-19.6454922258854,15.5,16.4784861654043));
#2937=CARTESIAN_POINT('',(-19.6454922258854,15.5,16.4784861654043));
#2938=CARTESIAN_POINT('',(-19.6454922258854,15.5,16.4784861654043));
#2939=CARTESIAN_POINT('',(-19.6454922258854,17.1666666666667,16.4784861654043));
#2940=CARTESIAN_POINT('',(-18.8121588925521,18.,16.4784861654043));
#2941=CARTESIAN_POINT('',(-17.1454922258854,18.,16.4784861654043));
#2942=CARTESIAN_POINT('',(-19.6454922258854,15.5,16.4784861654043));
#2943=CARTESIAN_POINT('',(-19.6454922258854,15.5,-34.5215138345957));
#2944=CARTESIAN_POINT('',(-19.6454922258854,17.1666666666667,16.4784861654043));
#2945=CARTESIAN_POINT('',(-19.6454922258854,17.1666666666667,-34.5215138345957));
#2946=CARTESIAN_POINT('',(-18.8121588925521,18.,16.4784861654043));
#2947=CARTESIAN_POINT('',(-18.8121588925521,18.,-34.5215138345957));
#2948=CARTESIAN_POINT('',(-17.1454922258854,18.,16.4784861654043));
#2949=CARTESIAN_POINT('',(-17.1454922258854,18.,-34.5215138345957));
#2950=CARTESIAN_POINT('',(-19.6454922258854,15.5000000000065,8.));
#2951=CARTESIAN_POINT('',(-19.6454922258841,16.0209369888071,8.));
#2952=CARTESIAN_POINT('',(-19.572218137968,16.5449482322928,8.));
#2953=CARTESIAN_POINT('',(-19.307769886052,17.000000000003,8.));
#2954=CARTESIAN_POINT('',(-19.3077698860538,17.,8.));
#2955=CARTESIAN_POINT('',(-17.1454922258854,18.,-34.5215138345957));
#2956=CARTESIAN_POINT('',(-18.8121588925521,18.,-34.5215138345957));
#2957=CARTESIAN_POINT('',(-19.6454922258854,17.1666666666667,-34.5215138345957));
#2958=CARTESIAN_POINT('',(-19.6454922258854,15.5,-34.5215138345957));
#2959=CARTESIAN_POINT('',(-19.6454922258854,15.5000000000065,-23.));
#2960=CARTESIAN_POINT('',(-19.6454922258841,16.0209369888071,-23.));
#2961=CARTESIAN_POINT('',(-19.572218137968,16.5449482322928,-23.));
#2962=CARTESIAN_POINT('',(-19.307769886052,17.000000000003,-23.));
#2963=CARTESIAN_POINT('',(-19.3077698860538,17.,-23.));
#2964=CARTESIAN_POINT('',(-19.3077698860538,17.,-9.02151383459568));
#2965=CARTESIAN_POINT('',(-19.3077698860538,17.,-15.));
#2966=CARTESIAN_POINT('',(-19.6454922258854,15.5000000000065,-15.));
#2967=CARTESIAN_POINT('',(-19.6454922258841,16.0209369888071,-15.));
#2968=CARTESIAN_POINT('',(-19.572218137968,16.5449482322928,-15.));
#2969=CARTESIAN_POINT('',(-19.307769886052,17.000000000003,-15.));
#2970=CARTESIAN_POINT('',(-19.6454922258854,15.5000000000065,1.47592417658418E-15));
#2971=CARTESIAN_POINT('',(-19.6454922258841,16.0209369888071,1.47592417658409E-15));
#2972=CARTESIAN_POINT('',(-19.572218137968,16.5449482322928,1.75110721136179E-15));
#2973=CARTESIAN_POINT('',(-19.307769886052,17.000000000003,1.73472347597681E-15));
#2974=CARTESIAN_POINT('',(-19.3077698860538,17.,4.89680527217441E-16));
#2975=CARTESIAN_POINT('',(-19.3077698860538,17.,-9.02151383459568));
#2976=CARTESIAN_POINT('',(-19.6454922258854,15.5,-34.5215138345957));
#2977=CARTESIAN_POINT('',(-19.6454922258854,0.,-34.5215138345957));
#2978=CARTESIAN_POINT('',(-19.6454922258854,15.5,-36.1881805012623));
#2979=CARTESIAN_POINT('',(-19.6454922258854,1.73472347597681E-15,-36.1881805012623));
#2980=CARTESIAN_POINT('',(-18.8121588925521,15.5,-37.0215138345957));
#2981=CARTESIAN_POINT('',(-18.8121588925521,1.73472347597681E-15,-37.0215138345957));
#2982=CARTESIAN_POINT('',(-17.1454922258854,15.5,-37.0215138345957));
#2983=CARTESIAN_POINT('',(-17.1454922258854,0.,-37.0215138345957));
#2984=CARTESIAN_POINT('',(-19.6454922258854,15.5,-34.5215138345957));
#2985=CARTESIAN_POINT('',(-19.6454922258854,15.5,-36.1881805012624));
#2986=CARTESIAN_POINT('',(-18.8121588925521,15.5,-37.0215138345957));
#2987=CARTESIAN_POINT('',(-17.1454922258854,15.5,-37.0215138345957));
#2988=CARTESIAN_POINT('',(-17.1454922258854,18.,-34.5215138345957));
#2989=CARTESIAN_POINT('',(-17.562158892552,18.,-34.5215138345957));
#2990=CARTESIAN_POINT('',(-17.9267422258854,17.9479166666667,-34.5215138345957));
#2991=CARTESIAN_POINT('',(-18.8642422258854,17.6354166666667,-34.5215138345957));
#2992=CARTESIAN_POINT('',(-19.280908892552,17.21875,-34.5215138345957));
#2993=CARTESIAN_POINT('',(-19.593408892552,16.28125,-34.5215138345957));
#2994=CARTESIAN_POINT('',(-19.6454922258854,15.9166666666666,-34.5215138345957));
#2995=CARTESIAN_POINT('',(-19.6454922258854,15.5,-34.5215138345957));
#2996=CARTESIAN_POINT('',(-17.1454922258854,18.,-34.8609817107516));
#2997=CARTESIAN_POINT('',(-17.5570471014142,18.,-34.8609817107516));
#2998=CARTESIAN_POINT('',(-17.9267422258792,17.947916666669,-34.8607040263175));
#2999=CARTESIAN_POINT('',(-18.8642422258979,17.6354166666621,-34.8602874996665));
#3000=CARTESIAN_POINT('',(-19.2809088925501,17.2187500000086,-34.8600098152325));
#3001=CARTESIAN_POINT('',(-19.5934088925531,16.2812499999957,-34.8595932885814));
#3002=CARTESIAN_POINT('',(-19.6454922258854,15.9115897172044,-34.8593156041475));
#3003=CARTESIAN_POINT('',(-19.6454922258854,15.5,-34.8593156041475));
#3004=CARTESIAN_POINT('',(-17.1454922258854,17.9678421380308,-35.1964732014502));
#3005=CARTESIAN_POINT('',(-17.5374996897738,17.9678421380308,-35.1964732014502));
#3006=CARTESIAN_POINT('',(-17.8991419831057,17.9135289483701,-35.1967161823837));
#3007=CARTESIAN_POINT('',(-18.8175758963596,17.594174386899,-35.1990591765375));
#3008=CARTESIAN_POINT('',(-19.2385452962514,17.1727180226538,-35.2019401878092));
#3009=CARTESIAN_POINT('',(-19.5574664835889,16.2538017973971,-35.204283181963));
#3010=CARTESIAN_POINT('',(-19.6116847272754,15.8920923516577,-35.2045261628965));
#3011=CARTESIAN_POINT('',(-19.6116847272754,15.5,-35.2045261628965));
#3012=CARTESIAN_POINT('',(-17.1454922258854,17.77698832912,-35.8504534723613));
#3013=CARTESIAN_POINT('',(-17.4800831445853,17.77698832912,-35.8504534723613));
#3014=CARTESIAN_POINT('',(-17.8039858061873,17.720748987424,-35.8502548934834));
#3015=CARTESIAN_POINT('',(-18.6376208438055,17.4031176281075,-35.8509232634741));
#3016=CARTESIAN_POINT('',(-19.0476187060231,16.9928122763261,-35.8520130023396));
#3017=CARTESIAN_POINT('',(-19.3649904529867,16.1587463437801,-35.8526813723302));
#3018=CARTESIAN_POINT('',(-19.4211768609025,15.834770435237,-35.8524827934523));
#3019=CARTESIAN_POINT('',(-19.4211768609025,15.5,-35.8524827934523));
#3020=CARTESIAN_POINT('',(-17.1454922258854,17.6122420512501,-36.1595423987271));
#3021=CARTESIAN_POINT('',(-17.442214011037,17.6122420512501,-36.1595423987271));
#3022=CARTESIAN_POINT('',(-17.7359835319854,17.5566845595315,-36.1593351482857));
#3023=CARTESIAN_POINT('',(-18.5018772504771,17.2493326194073,-36.1598603645776));
#3024=CARTESIAN_POINT('',(-18.8943691414972,16.8568587060965,-36.1607679034082));
#3025=CARTESIAN_POINT('',(-19.2017617304971,16.0907609470788,-36.1612931197));
#3026=CARTESIAN_POINT('',(-19.2573350522312,15.7969458843631,-36.1610858692586));
#3027=CARTESIAN_POINT('',(-19.2573350522312,15.5,-36.1610858692586));
#3028=CARTESIAN_POINT('',(-17.1454922258854,17.1363330287285,-36.6349093787893));
#3029=CARTESIAN_POINT('',(-17.3587035411298,17.1363330287285,-36.6349093787893));
#3030=CARTESIAN_POINT('',(-17.576813489877,17.0890195721753,-36.6349707241806));
#3031=CARTESIAN_POINT('',(-18.1589776552413,16.8348909993595,-36.6362880950686));
#3032=CARTESIAN_POINT('',(-18.4764251465739,16.5158876799862,-36.6379832441947));
#3033=CARTESIAN_POINT('',(-18.7291877306684,15.9320149607266,-36.6393006150827));
#3034=CARTESIAN_POINT('',(-18.7762071498748,15.7134832441297,-36.6393619604738));
#3035=CARTESIAN_POINT('',(-18.7762071498748,15.5,-36.6393619604738));
#3036=CARTESIAN_POINT('',(-17.1454922258854,16.8262485870162,-36.7995387900756));
#3037=CARTESIAN_POINT('',(-17.3130622047708,16.8262485870162,-36.7995387900756));
#3038=CARTESIAN_POINT('',(-17.4858959053511,16.786429921717,-36.7995952166943));
#3039=CARTESIAN_POINT('',(-17.9531976619268,16.5749420243157,-36.8005780581177));
#3040=CARTESIAN_POINT('',(-18.2143576416723,16.3112408907407,-36.8018320867302));
#3041=CARTESIAN_POINT('',(-18.4235952040376,15.8413217650094,-36.8028149281537));
#3042=CARTESIAN_POINT('',(-18.4629239902786,15.6678451547703,-36.8028713547723));
#3043=CARTESIAN_POINT('',(-18.4629239902786,15.5,-36.8028713547723));
#3044=CARTESIAN_POINT('',(-17.1454922258854,16.1740629128102,-36.9893649163709));
#3045=CARTESIAN_POINT('',(-17.224556848339,16.1740629128102,-36.9893649163709));
#3046=CARTESIAN_POINT('',(-17.3079887514568,16.1520685612034,-36.9893153683448));
#3047=CARTESIAN_POINT('',(-17.5421034631915,16.0379930436361,-36.9893006655525));
#3048=CARTESIAN_POINT('',(-17.6817170653084,15.8978194149378,-36.9893306098557));
#3049=CARTESIAN_POINT('',(-17.7953179216818,15.6629364147093,-36.9893159070635));
#3050=CARTESIAN_POINT('',(-17.8172149493378,15.5792690844076,-36.9892663590374));
#3051=CARTESIAN_POINT('',(-17.8172149493378,15.5,-36.9892663590374));
#3052=CARTESIAN_POINT('',(-17.1454922258854,15.8391213181357,-37.0215138345957));
#3053=CARTESIAN_POINT('',(-17.1816928282664,15.8391213181357,-37.0215138345957));
#3054=CARTESIAN_POINT('',(-17.2209449647742,15.8270090116033,-37.0215138345957));
#3055=CARTESIAN_POINT('',(-17.3364910625412,15.7656915503193,-37.0215138345957));
#3056=CARTESIAN_POINT('',(-17.4105747120442,15.6915058538806,-37.0215138345957));
#3057=CARTESIAN_POINT('',(-17.4718199062397,15.57569173749,-37.0215138345957));
#3058=CARTESIAN_POINT('',(-17.4839215909617,15.5363311034044,-37.0215138345957));
#3059=CARTESIAN_POINT('',(-17.4839215909617,15.5,-37.0215138345957));
#3060=CARTESIAN_POINT('',(-17.1454922258854,15.5,-37.0215138345957));
#3061=CARTESIAN_POINT('',(-17.1454922258854,15.5,-37.0215138345957));
#3062=CARTESIAN_POINT('',(-17.1454922258854,15.5,-37.0215138345957));
#3063=CARTESIAN_POINT('',(-17.1454922258854,15.5,-37.0215138345957));
#3064=CARTESIAN_POINT('',(-17.1454922258854,15.5,-37.0215138345957));
#3065=CARTESIAN_POINT('',(-17.1454922258854,15.5,-37.0215138345957));
#3066=CARTESIAN_POINT('',(-17.1454922258854,15.5,-37.0215138345957));
#3067=CARTESIAN_POINT('',(-17.1454922258854,15.5,-37.0215138345957));
#3068=CARTESIAN_POINT('',(-17.1454922258854,15.5,-37.0215138345957));
#3069=CARTESIAN_POINT('',(-17.1454922258854,17.1666666666667,-37.0215138345957));
#3070=CARTESIAN_POINT('',(-17.1454922258854,18.,-36.1881805012624));
#3071=CARTESIAN_POINT('',(-17.1454922258854,18.,-34.5215138345957));
#3072=CARTESIAN_POINT('',(-17.1454922258854,15.5,-37.0215138345957));
#3073=CARTESIAN_POINT('',(-15.6454922258854,15.5,-37.0215138345957));
#3074=CARTESIAN_POINT('',(-17.1454922258854,17.1666666666667,-37.0215138345957));
#3075=CARTESIAN_POINT('',(-15.6454922258854,17.1666666666667,-37.0215138345957));
#3076=CARTESIAN_POINT('',(-17.1454922258854,18.,-36.1881805012624));
#3077=CARTESIAN_POINT('',(-15.6454922258854,18.,-36.1881805012624));
#3078=CARTESIAN_POINT('',(-17.1454922258854,18.,-34.5215138345957));
#3079=CARTESIAN_POINT('',(-15.6454922258854,18.,-34.5215138345957));
#3080=CARTESIAN_POINT('',(14.3545077741146,15.5,-37.0215138345957));
#3081=CARTESIAN_POINT('',(15.8545077741146,15.5,-37.0215138345957));
#3082=CARTESIAN_POINT('',(14.3545077741146,17.1666666666667,-37.0215138345957));
#3083=CARTESIAN_POINT('',(15.8545077741146,17.1666666666667,-37.0215138345957));
#3084=CARTESIAN_POINT('',(14.3545077741146,18.,-36.1881805012624));
#3085=CARTESIAN_POINT('',(15.8545077741146,18.,-36.1881805012624));
#3086=CARTESIAN_POINT('',(14.3545077741146,18.,-34.5215138345957));
#3087=CARTESIAN_POINT('',(15.8545077741146,18.,-34.5215138345957));
#3088=CARTESIAN_POINT('',(15.8545077741146,18.,-34.5215138345957));
#3089=CARTESIAN_POINT('',(15.8545077741146,18.,-36.1881805012624));
#3090=CARTESIAN_POINT('',(15.8545077741146,17.1666666666667,-37.0215138345957));
#3091=CARTESIAN_POINT('',(15.8545077741146,15.5,-37.0215138345957));
#3092=CARTESIAN_POINT('',(15.8545077741146,15.5,-37.0215138345957));
#3093=CARTESIAN_POINT('',(15.8545077741146,0.,-37.0215138345957));
#3094=CARTESIAN_POINT('',(17.5211744407813,15.5,-37.0215138345957));
#3095=CARTESIAN_POINT('',(17.5211744407813,1.73472347597681E-15,-37.0215138345957));
#3096=CARTESIAN_POINT('',(18.3545077741146,15.5,-36.1881805012623));
#3097=CARTESIAN_POINT('',(18.3545077741146,-3.46944695195361E-15,-36.1881805012623));
#3098=CARTESIAN_POINT('',(18.3545077741146,15.5,-34.5215138345957));
#3099=CARTESIAN_POINT('',(18.3545077741146,0.,-34.5215138345957));
#3100=CARTESIAN_POINT('',(15.8545077741146,15.5,-37.0215138345957));
#3101=CARTESIAN_POINT('',(17.5211744407813,15.5,-37.0215138345957));
#3102=CARTESIAN_POINT('',(18.3545077741146,15.5,-36.1881805012624));
#3103=CARTESIAN_POINT('',(18.3545077741146,15.5,-34.5215138345957));
#3104=CARTESIAN_POINT('',(18.3545077741146,15.5,-34.5215138345957));
#3105=CARTESIAN_POINT('',(18.3545077741146,15.9166666666666,-34.5215138345957));
#3106=CARTESIAN_POINT('',(18.3024244407813,16.28125,-34.5215138345957));
#3107=CARTESIAN_POINT('',(17.9899244407813,17.21875,-34.5215138345957));
#3108=CARTESIAN_POINT('',(17.5732577741146,17.6354166666667,-34.5215138345957));
#3109=CARTESIAN_POINT('',(16.6357577741146,17.9479166666667,-34.5215138345957));
#3110=CARTESIAN_POINT('',(16.2711744407813,18.,-34.5215138345957));
#3111=CARTESIAN_POINT('',(15.8545077741146,18.,-34.5215138345957));
#3112=CARTESIAN_POINT('',(18.3545077741146,15.5,-34.8593156041475));
#3113=CARTESIAN_POINT('',(18.3545077741146,15.9115897172044,-34.8593156041475));
#3114=CARTESIAN_POINT('',(18.3024244407795,16.2812500000035,-34.8595932885814));
#3115=CARTESIAN_POINT('',(17.9899244407848,17.2187499999931,-34.8600098152325));
#3116=CARTESIAN_POINT('',(17.5732577741278,17.6354166666638,-34.8602874996665));
#3117=CARTESIAN_POINT('',(16.6357577741081,17.9479166666681,-34.8607040263175));
#3118=CARTESIAN_POINT('',(16.2660626496434,18.,-34.8609817107516));
#3119=CARTESIAN_POINT('',(15.8545077741146,18.,-34.8609817107516));
#3120=CARTESIAN_POINT('',(18.3207002755046,15.5,-35.2045261628965));
#3121=CARTESIAN_POINT('',(18.3207002755046,15.8920923516577,-35.2045261628965));
#3122=CARTESIAN_POINT('',(18.2664820318139,16.2538017974088,-35.204283181963));
#3123=CARTESIAN_POINT('',(17.9475608444889,17.1727180226306,-35.2019401878092));
#3124=CARTESIAN_POINT('',(17.5265914445898,17.5941743869015,-35.1990591765376));
#3125=CARTESIAN_POINT('',(16.6081575313345,17.9135289483688,-35.1967161823838));
#3126=CARTESIAN_POINT('',(16.2465152380031,17.9678421380308,-35.1964732014502));
#3127=CARTESIAN_POINT('',(15.8545077741146,17.9678421380308,-35.1964732014502));
#3128=CARTESIAN_POINT('',(18.1301924091318,15.5,-35.8524827934523));
#3129=CARTESIAN_POINT('',(18.1301924091318,15.834770435237,-35.8524827934523));
#3130=CARTESIAN_POINT('',(18.0740060012108,16.1587463437947,-35.8526813723302));
#3131=CARTESIAN_POINT('',(17.7566342542627,16.992812276297,-35.8520130023396));
#3132=CARTESIAN_POINT('',(17.3466363920358,17.4031176281107,-35.8509232634741));
#3133=CARTESIAN_POINT('',(16.5130013544159,17.7207489874224,-35.8502548934834));
#3134=CARTESIAN_POINT('',(16.1890986928145,17.77698832912,-35.8504534723613));
#3135=CARTESIAN_POINT('',(15.8545077741146,17.77698832912,-35.8504534723613));
#3136=CARTESIAN_POINT('',(17.9663506004604,15.5,-36.1610858692586));
#3137=CARTESIAN_POINT('',(17.9663506004604,15.7969458843631,-36.1610858692586));
#3138=CARTESIAN_POINT('',(17.9107772787215,16.0907609470923,-36.1612931197001));
#3139=CARTESIAN_POINT('',(17.603384689736,16.8568587060693,-36.1607679034082));
#3140=CARTESIAN_POINT('',(17.2108927987075,17.2493326194103,-36.1598603645776));
#3141=CARTESIAN_POINT('',(16.4449990802141,17.55668455953,-36.1593351482857));
#3142=CARTESIAN_POINT('',(16.1512295592663,17.6122420512501,-36.1595423987271));
#3143=CARTESIAN_POINT('',(15.8545077741146,17.6122420512501,-36.1595423987271));
#3144=CARTESIAN_POINT('',(17.485222698104,15.5,-36.6393619604738));
#3145=CARTESIAN_POINT('',(17.485222698104,15.7134832441297,-36.6393619604738));
#3146=CARTESIAN_POINT('',(17.4382032788942,15.9320149607363,-36.6393006150827));
#3147=CARTESIAN_POINT('',(17.18544069481,16.5158876799667,-36.6379832441947));
#3148=CARTESIAN_POINT('',(16.8679932034713,16.8348909993617,-36.6362880950686));
#3149=CARTESIAN_POINT('',(16.2858290381058,17.0890195721742,-36.6349707241806));
#3150=CARTESIAN_POINT('',(16.067719089359,17.1363330287285,-36.6349093787893));
#3151=CARTESIAN_POINT('',(15.8545077741146,17.1363330287285,-36.6349093787893));
#3152=CARTESIAN_POINT('',(17.1719395385078,15.5,-36.8028713547723));
#3153=CARTESIAN_POINT('',(17.1719395385078,15.6678451547703,-36.8028713547723));
#3154=CARTESIAN_POINT('',(17.1326107522645,15.8413217650162,-36.8028149281537));
#3155=CARTESIAN_POINT('',(16.9233731899063,16.3112408907271,-36.8018320867302));
#3156=CARTESIAN_POINT('',(16.6622132101565,16.5749420243172,-36.8005780581177));
#3157=CARTESIAN_POINT('',(16.19491145358,16.7864299217163,-36.7995952166943));
#3158=CARTESIAN_POINT('',(16.022077753,16.8262485870162,-36.7995387900756));
#3159=CARTESIAN_POINT('',(15.8545077741146,16.8262485870162,-36.7995387900756));
#3160=CARTESIAN_POINT('',(16.526230497567,15.5,-36.9892663590374));
#3161=CARTESIAN_POINT('',(16.526230497567,15.5792690844076,-36.9892663590374));
#3162=CARTESIAN_POINT('',(16.5043334699103,15.6629364147113,-36.9893159070635));
#3163=CARTESIAN_POINT('',(16.390732613539,15.8978194149339,-36.9893306098557));
#3164=CARTESIAN_POINT('',(16.2511190114208,16.0379930436366,-36.9893006655525));
#3165=CARTESIAN_POINT('',(16.017004299686,16.1520685612031,-36.9893153683448));
#3166=CARTESIAN_POINT('',(15.9335723965683,16.1740629128102,-36.9893649163709));
#3167=CARTESIAN_POINT('',(15.8545077741146,16.1740629128102,-36.9893649163709));
#3168=CARTESIAN_POINT('',(16.192937139191,15.5,-37.0215138345957));
#3169=CARTESIAN_POINT('',(16.192937139191,15.5363311034044,-37.0215138345957));
#3170=CARTESIAN_POINT('',(16.1808354544689,15.57569173749,-37.0215138345957));
#3171=CARTESIAN_POINT('',(16.1195902602734,15.6915058538806,-37.0215138345957));
#3172=CARTESIAN_POINT('',(16.0455066107704,15.7656915503193,-37.0215138345957));
#3173=CARTESIAN_POINT('',(15.9299605130034,15.8270090116033,-37.0215138345957));
#3174=CARTESIAN_POINT('',(15.8907083764956,15.8391213181357,-37.0215138345957));
#3175=CARTESIAN_POINT('',(15.8545077741146,15.8391213181357,-37.0215138345957));
#3176=CARTESIAN_POINT('',(15.8545077741146,15.5,-37.0215138345957));
#3177=CARTESIAN_POINT('',(15.8545077741146,15.5,-37.0215138345957));
#3178=CARTESIAN_POINT('',(15.8545077741146,15.5,-37.0215138345957));
#3179=CARTESIAN_POINT('',(15.8545077741146,15.5,-37.0215138345957));
#3180=CARTESIAN_POINT('',(15.8545077741146,15.5,-37.0215138345957));
#3181=CARTESIAN_POINT('',(15.8545077741146,15.5,-37.0215138345957));
#3182=CARTESIAN_POINT('',(15.8545077741146,15.5,-37.0215138345957));
#3183=CARTESIAN_POINT('',(15.8545077741146,15.5,-37.0215138345957));
#3184=CARTESIAN_POINT('',(-25.6454922258854,15.75,-23.));
#3185=CARTESIAN_POINT('',(-25.6454922258854,17.,-23.));
#3186=CARTESIAN_POINT('',(-25.6454922258854,14.5,-23.));
#3187=CARTESIAN_POINT('',(-25.6454922258854,15.75,-15.));
#3188=CARTESIAN_POINT('',(-25.6454922258854,14.5,-15.));
#3189=CARTESIAN_POINT('',(-25.6454922258854,17.,-15.));
#3190=CARTESIAN_POINT('',(-25.6454922258854,17.,-19.));
#3191=CARTESIAN_POINT('',(-25.6454922258854,14.5,-19.));
#3192=CARTESIAN_POINT('',(-25.6454922258854,15.75,1.58885133632943E-15));
#3193=CARTESIAN_POINT('',(-25.6454922258854,17.,1.58885133632943E-15));
#3194=CARTESIAN_POINT('',(-25.6454922258854,14.5,1.58885133632943E-15));
#3195=CARTESIAN_POINT('',(-25.6454922258854,15.75,8.));
#3196=CARTESIAN_POINT('',(-25.6454922258854,14.5,8.));
#3197=CARTESIAN_POINT('',(-25.6454922258854,17.,8.));
#3198=CARTESIAN_POINT('',(-25.6454922258854,17.,4.));
#3199=CARTESIAN_POINT('',(-25.6454922258854,14.5,4.));
#3200=CARTESIAN_POINT('',(-25.6454922258854,14.5,-19.));
#3201=CARTESIAN_POINT('',(-25.6454922258854,14.5,-15.));
#3202=CARTESIAN_POINT('',(-25.6454922258854,14.5,-23.));
#3203=CARTESIAN_POINT('',(-25.6454922258854,17.,-19.));
#3204=CARTESIAN_POINT('',(-25.6454922258854,17.,-23.));
#3205=CARTESIAN_POINT('',(-25.6454922258854,17.,-15.));
#3206=CARTESIAN_POINT('',(-25.6454922258854,15.75,-15.));
#3207=CARTESIAN_POINT('',(-25.6454922258854,15.75,-23.));
#3208=CARTESIAN_POINT('',(-25.6454922258854,14.5,4.));
#3209=CARTESIAN_POINT('',(-25.6454922258854,14.5,8.));
#3210=CARTESIAN_POINT('',(-25.6454922258854,14.5,1.58885133632943E-15));
#3211=CARTESIAN_POINT('',(-25.6454922258854,17.,4.));
#3212=CARTESIAN_POINT('',(-25.6454922258854,17.,1.58885133632943E-15));
#3213=CARTESIAN_POINT('',(-25.6454922258854,17.,8.));
#3214=CARTESIAN_POINT('',(-25.6454922258854,15.75,8.));
#3215=CARTESIAN_POINT('',(-25.6454922258854,15.75,1.58885133632943E-15));
#3216=CARTESIAN_POINT('',(0.,0.,0.));
#3217=CARTESIAN_POINT('',(-52.1772541105747,-0.500000000000007,22.9196929458706));
#3218=CARTESIAN_POINT('',(-48.1772541105747,-0.500000000000006,22.9196929458706));
#3219=CARTESIAN_POINT('',(-48.1772541105747,-1.5,22.9196929458706));
#3220=CARTESIAN_POINT('',(-48.1772541105747,-3.,22.9196929458706));
#3221=CARTESIAN_POINT('',(-48.1772541105747,-1.50000000000001,22.9196929458706));
#3222=CARTESIAN_POINT('',(-50.8439207772414,-1.50000000000001,22.9196929458706));
#3223=CARTESIAN_POINT('',(-53.510587443908,-1.50000000000001,22.9196929458706));
#3224=CARTESIAN_POINT('',(-56.1772541105747,-1.50000000000001,22.9196929458706));
#3225=CARTESIAN_POINT('',(-56.1772541105747,-1.5,22.9196929458706));
#3226=CARTESIAN_POINT('',(-56.1772541105747,-0.500000000000007,22.9196929458706));
#3227=CARTESIAN_POINT('',(-56.1772541105747,-3.,22.9196929458706));
#3228=CARTESIAN_POINT('',(-52.1772541105747,-3.,22.9196929458706));
#3229=CARTESIAN_POINT('',(-56.1772541105747,-0.500000000000007,7.9196929458706));
#3230=CARTESIAN_POINT('',(-56.1772541105747,-0.500000000000007,7.9196929458706));
#3231=CARTESIAN_POINT('',(-56.1772541105747,-0.500000000000007,21.9196929458706));
#3232=CARTESIAN_POINT('',(-56.1772541105747,-0.500000000000007,-6.0803070541294));
#3233=CARTESIAN_POINT('',(-56.1772541105747,-0.500000000000007,-6.0803070541294));
#3234=CARTESIAN_POINT('',(-56.1772541105747,-0.500000000000007,-6.74697372079607));
#3235=CARTESIAN_POINT('',(-56.1772541105747,-0.833333333333341,-7.0803070541294));
#3236=CARTESIAN_POINT('',(-56.1772541105747,-1.50000000000001,-7.0803070541294));
#3237=CARTESIAN_POINT('',(-56.1772541105747,-1.5,-7.0803070541294));
#3238=CARTESIAN_POINT('',(-56.1772541105747,-0.500000000000007,-7.0803070541294));
#3239=CARTESIAN_POINT('',(-56.1772541105747,-3.,-7.0803070541294));
#3240=CARTESIAN_POINT('',(-56.1772541105747,-3.,7.9196929458706));
#3241=CARTESIAN_POINT('',(-56.1772541105747,-1.50000000000001,22.9196929458706));
#3242=CARTESIAN_POINT('',(-56.1772541105747,-0.833333333333341,22.9196929458706));
#3243=CARTESIAN_POINT('',(-56.1772541105747,-0.500000000000007,22.5863596125373));
#3244=CARTESIAN_POINT('',(-56.1772541105747,-0.500000000000007,21.9196929458706));
#3245=CARTESIAN_POINT('',(-52.1772541105747,-0.500000000000007,-7.0803070541294));
#3246=CARTESIAN_POINT('',(-56.1772541105747,-1.50000000000001,-7.0803070541294));
#3247=CARTESIAN_POINT('',(-53.510587443908,-1.50000000000001,-7.0803070541294));
#3248=CARTESIAN_POINT('',(-50.8439207772414,-1.50000000000001,-7.0803070541294));
#3249=CARTESIAN_POINT('',(-48.1772541105747,-1.50000000000001,-7.0803070541294));
#3250=CARTESIAN_POINT('',(-48.1772541105747,-1.5,-7.0803070541294));
#3251=CARTESIAN_POINT('',(-48.1772541105747,-0.500000000000006,-7.0803070541294));
#3252=CARTESIAN_POINT('',(-48.1772541105747,-3.,-7.0803070541294));
#3253=CARTESIAN_POINT('',(-52.1772541105747,-3.,-7.0803070541294));
#3254=CARTESIAN_POINT('',(-48.1772541105747,-0.500000000000006,7.9196929458706));
#3255=CARTESIAN_POINT('',(-48.1772541105747,-1.50000000000001,-7.0803070541294));
#3256=CARTESIAN_POINT('',(-48.1772541105747,-0.833333333333339,-7.0803070541294));
#3257=CARTESIAN_POINT('',(-48.1772541105747,-0.500000000000006,-6.74697372079607));
#3258=CARTESIAN_POINT('',(-48.1772541105747,-0.500000000000006,-6.0803070541294));
#3259=CARTESIAN_POINT('',(-48.1772541105747,-0.500000000000006,-6.0803070541294));
#3260=CARTESIAN_POINT('',(-48.1772541105747,-0.500000000000006,7.9196929458706));
#3261=CARTESIAN_POINT('',(-48.1772541105747,-0.500000000000006,21.9196929458706));
#3262=CARTESIAN_POINT('',(-48.1772541105747,-0.500000000000006,21.9196929458706));
#3263=CARTESIAN_POINT('',(-48.1772541105747,-0.500000000000006,22.5863596125373));
#3264=CARTESIAN_POINT('',(-48.1772541105747,-0.833333333333339,22.9196929458706));
#3265=CARTESIAN_POINT('',(-48.1772541105747,-1.50000000000001,22.9196929458706));
#3266=CARTESIAN_POINT('',(-48.1772541105747,-3.,7.9196929458706));
#3267=CARTESIAN_POINT('',(-3.56677393615245,-0.5,-11.0154061338007));
#3268=CARTESIAN_POINT('',(-48.1772541105747,-0.500000000000006,-6.08030705412939));
#3269=CARTESIAN_POINT('',(-50.8439207772414,-0.500000000000006,-6.08030705412939));
#3270=CARTESIAN_POINT('',(-53.5105874439081,-0.500000000000006,-6.08030705412939));
#3271=CARTESIAN_POINT('',(-56.1772541105748,-0.500000000000007,-6.08030705412939));
#3272=CARTESIAN_POINT('',(-56.1772541105748,-0.500000000000007,21.9196929458706));
#3273=CARTESIAN_POINT('',(-53.5105874439081,-0.500000000000006,21.9196929458706));
#3274=CARTESIAN_POINT('',(-50.8439207772414,-0.500000000000006,21.9196929458706));
#3275=CARTESIAN_POINT('',(-48.1772541105747,-0.500000000000006,21.9196929458706));
#3276=CARTESIAN_POINT('',(-3.56677393615245,-3.,-11.0154061338007));
#3277=CARTESIAN_POINT('',(-48.1772541105747,-0.500000000000007,-6.08030705412939));
#3278=CARTESIAN_POINT('',(-56.1772541105748,-0.500000000000007,-6.08030705412939));
#3279=CARTESIAN_POINT('',(-48.1772541105747,-0.500000000000005,-6.74697372079606));
#3280=CARTESIAN_POINT('',(-56.1772541105748,-0.500000000000005,-6.74697372079606));
#3281=CARTESIAN_POINT('',(-48.1772541105747,-0.833333333333335,-7.08030705412941));
#3282=CARTESIAN_POINT('',(-56.1772541105748,-0.833333333333335,-7.08030705412941));
#3283=CARTESIAN_POINT('',(-48.1772541105747,-1.50000000000001,-7.0803070541294));
#3284=CARTESIAN_POINT('',(-56.1772541105748,-1.50000000000001,-7.0803070541294));
#3285=CARTESIAN_POINT('',(-56.1772541105748,-0.500000000000007,21.9196929458706));
#3286=CARTESIAN_POINT('',(-48.1772541105747,-0.500000000000007,21.9196929458706));
#3287=CARTESIAN_POINT('',(-56.1772541105748,-0.500000000000008,22.5863596125373));
#3288=CARTESIAN_POINT('',(-48.1772541105747,-0.500000000000008,22.5863596125373));
#3289=CARTESIAN_POINT('',(-56.1772541105748,-0.833333333333338,22.9196929458706));
#3290=CARTESIAN_POINT('',(-48.1772541105747,-0.833333333333338,22.9196929458706));
#3291=CARTESIAN_POINT('',(-56.1772541105747,-1.50000000000001,22.9196929458706));
#3292=CARTESIAN_POINT('',(-48.1772541105747,-1.50000000000001,22.9196929458706));
#3293=MECHANICAL_DESIGN_GEOMETRIC_PRESENTATION_REPRESENTATION('',(#1388),
#3298);
#3294=MECHANICAL_DESIGN_GEOMETRIC_PRESENTATION_REPRESENTATION('',(#1389),
#3299);
#3295=MECHANICAL_DESIGN_GEOMETRIC_PRESENTATION_REPRESENTATION('',(#1390),
#3300);
#3296=MECHANICAL_DESIGN_GEOMETRIC_PRESENTATION_REPRESENTATION('',(#1391),
#3301);
#3297=MECHANICAL_DESIGN_GEOMETRIC_PRESENTATION_REPRESENTATION('',(#1392),
#3302);
#3298=(
GEOMETRIC_REPRESENTATION_CONTEXT(3)
GLOBAL_UNCERTAINTY_ASSIGNED_CONTEXT((#3303))
GLOBAL_UNIT_ASSIGNED_CONTEXT((#3318,#3313,#3308))
REPRESENTATION_CONTEXT('Part 3','TOP_LEVEL_ASSEMBLY_PART')
);
#3299=(
GEOMETRIC_REPRESENTATION_CONTEXT(3)
GLOBAL_UNCERTAINTY_ASSIGNED_CONTEXT((#3304))
GLOBAL_UNIT_ASSIGNED_CONTEXT((#3319,#3314,#3309))
REPRESENTATION_CONTEXT('Part 2','TOP_LEVEL_ASSEMBLY_PART')
);
#3300=(
GEOMETRIC_REPRESENTATION_CONTEXT(3)
GLOBAL_UNCERTAINTY_ASSIGNED_CONTEXT((#3305))
GLOBAL_UNIT_ASSIGNED_CONTEXT((#3320,#3315,#3310))
REPRESENTATION_CONTEXT('Part 5','TOP_LEVEL_ASSEMBLY_PART')
);
#3301=(
GEOMETRIC_REPRESENTATION_CONTEXT(3)
GLOBAL_UNCERTAINTY_ASSIGNED_CONTEXT((#3306))
GLOBAL_UNIT_ASSIGNED_CONTEXT((#3321,#3316,#3311))
REPRESENTATION_CONTEXT('Part 1','TOP_LEVEL_ASSEMBLY_PART')
);
#3302=(
GEOMETRIC_REPRESENTATION_CONTEXT(3)
GLOBAL_UNCERTAINTY_ASSIGNED_CONTEXT((#3307))
GLOBAL_UNIT_ASSIGNED_CONTEXT((#3322,#3317,#3312))
REPRESENTATION_CONTEXT('Part 4','TOP_LEVEL_ASSEMBLY_PART')
);
#3303=UNCERTAINTY_MEASURE_WITH_UNIT(LENGTH_MEASURE(1.E-5),#3318,
'DISTANCE_ACCURACY_VALUE','Maximum Tolerance applied to model');
#3304=UNCERTAINTY_MEASURE_WITH_UNIT(LENGTH_MEASURE(0.04),#3319,
'DISTANCE_ACCURACY_VALUE','Maximum Tolerance applied to model');
#3305=UNCERTAINTY_MEASURE_WITH_UNIT(LENGTH_MEASURE(1.E-5),#3320,
'DISTANCE_ACCURACY_VALUE','Maximum Tolerance applied to model');
#3306=UNCERTAINTY_MEASURE_WITH_UNIT(LENGTH_MEASURE(0.0200000000000139),
#3321,'DISTANCE_ACCURACY_VALUE','Maximum Tolerance applied to model');
#3307=UNCERTAINTY_MEASURE_WITH_UNIT(LENGTH_MEASURE(1.E-5),#3322,
'DISTANCE_ACCURACY_VALUE','Maximum Tolerance applied to model');
#3308=(
NAMED_UNIT(*)
SI_UNIT($,.STERADIAN.)
SOLID_ANGLE_UNIT()
);
#3309=(
NAMED_UNIT(*)
SI_UNIT($,.STERADIAN.)
SOLID_ANGLE_UNIT()
);
#3310=(
NAMED_UNIT(*)
SI_UNIT($,.STERADIAN.)
SOLID_ANGLE_UNIT()
);
#3311=(
NAMED_UNIT(*)
SI_UNIT($,.STERADIAN.)
SOLID_ANGLE_UNIT()
);
#3312=(
NAMED_UNIT(*)
SI_UNIT($,.STERADIAN.)
SOLID_ANGLE_UNIT()
);
#3313=(
NAMED_UNIT(*)
PLANE_ANGLE_UNIT()
SI_UNIT($,.RADIAN.)
);
#3314=(
NAMED_UNIT(*)
PLANE_ANGLE_UNIT()
SI_UNIT($,.RADIAN.)
);
#3315=(
NAMED_UNIT(*)
PLANE_ANGLE_UNIT()
SI_UNIT($,.RADIAN.)
);
#3316=(
NAMED_UNIT(*)
PLANE_ANGLE_UNIT()
SI_UNIT($,.RADIAN.)
);
#3317=(
NAMED_UNIT(*)
PLANE_ANGLE_UNIT()
SI_UNIT($,.RADIAN.)
);
#3318=(
LENGTH_UNIT()
NAMED_UNIT(*)
SI_UNIT(.MILLI.,.METRE.)
);
#3319=(
LENGTH_UNIT()
NAMED_UNIT(*)
SI_UNIT(.MILLI.,.METRE.)
);
#3320=(
LENGTH_UNIT()
NAMED_UNIT(*)
SI_UNIT(.MILLI.,.METRE.)
);
#3321=(
LENGTH_UNIT()
NAMED_UNIT(*)
SI_UNIT(.MILLI.,.METRE.)
);
#3322=(
LENGTH_UNIT()
NAMED_UNIT(*)
SI_UNIT(.MILLI.,.METRE.)
);
#3323=PRODUCT_DEFINITION_SHAPE('','',#3328);
#3324=PRODUCT_DEFINITION_SHAPE('','',#3329);
#3325=PRODUCT_DEFINITION_SHAPE('','',#3330);
#3326=PRODUCT_DEFINITION_SHAPE('','',#3331);
#3327=PRODUCT_DEFINITION_SHAPE('','',#3332);
#3328=PRODUCT_DEFINITION('','',#3338,#3333);
#3329=PRODUCT_DEFINITION('','',#3339,#3334);
#3330=PRODUCT_DEFINITION('','',#3340,#3335);
#3331=PRODUCT_DEFINITION('','',#3341,#3336);
#3332=PRODUCT_DEFINITION('','',#3342,#3337);
#3333=PRODUCT_DEFINITION_CONTEXT('',#3368,'design');
#3334=PRODUCT_DEFINITION_CONTEXT('',#3369,'design');
#3335=PRODUCT_DEFINITION_CONTEXT('',#3370,'design');
#3336=PRODUCT_DEFINITION_CONTEXT('',#3371,'design');
#3337=PRODUCT_DEFINITION_CONTEXT('',#3372,'design');
#3338=PRODUCT_DEFINITION_FORMATION_WITH_SPECIFIED_SOURCE('','',#3348,
 .NOT_KNOWN.);
#3339=PRODUCT_DEFINITION_FORMATION_WITH_SPECIFIED_SOURCE('','',#3349,
 .NOT_KNOWN.);
#3340=PRODUCT_DEFINITION_FORMATION_WITH_SPECIFIED_SOURCE('','',#3350,
 .NOT_KNOWN.);
#3341=PRODUCT_DEFINITION_FORMATION_WITH_SPECIFIED_SOURCE('','',#3351,
 .NOT_KNOWN.);
#3342=PRODUCT_DEFINITION_FORMATION_WITH_SPECIFIED_SOURCE('','',#3352,
 .NOT_KNOWN.);
#3343=PRODUCT_RELATED_PRODUCT_CATEGORY('','',(#3348));
#3344=PRODUCT_RELATED_PRODUCT_CATEGORY('','',(#3349));
#3345=PRODUCT_RELATED_PRODUCT_CATEGORY('','',(#3350));
#3346=PRODUCT_RELATED_PRODUCT_CATEGORY('','',(#3351));
#3347=PRODUCT_RELATED_PRODUCT_CATEGORY('','',(#3352));
#3348=PRODUCT('Part 3','Part 3','Part 3',(#3358));
#3349=PRODUCT('Part 2','Part 2','Part 2',(#3359));
#3350=PRODUCT('Part 5','Part 5','Part 5',(#3360));
#3351=PRODUCT('Part 1','Part 1','Part 1',(#3361));
#3352=PRODUCT('Part 4','Part 4','Part 4',(#3362));
#3353=PRODUCT_CATEGORY('','');
#3354=PRODUCT_CATEGORY('','');
#3355=PRODUCT_CATEGORY('','');
#3356=PRODUCT_CATEGORY('','');
#3357=PRODUCT_CATEGORY('','');
#3358=PRODUCT_CONTEXT('',#3368,'mechanical');
#3359=PRODUCT_CONTEXT('',#3369,'mechanical');
#3360=PRODUCT_CONTEXT('',#3370,'mechanical');
#3361=PRODUCT_CONTEXT('',#3371,'mechanical');
#3362=PRODUCT_CONTEXT('',#3372,'mechanical');
#3363=APPLICATION_PROTOCOL_DEFINITION('international standard',
'ap242_managed_model_based_3d_engineering',2020,#3368);
#3364=APPLICATION_PROTOCOL_DEFINITION('international standard',
'ap242_managed_model_based_3d_engineering',2020,#3369);
#3365=APPLICATION_PROTOCOL_DEFINITION('international standard',
'ap242_managed_model_based_3d_engineering',2020,#3370);
#3366=APPLICATION_PROTOCOL_DEFINITION('international standard',
'ap242_managed_model_based_3d_engineering',2020,#3371);
#3367=APPLICATION_PROTOCOL_DEFINITION('international standard',
'ap242_managed_model_based_3d_engineering',2020,#3372);
#3368=APPLICATION_CONTEXT('managed model based 3d engineering');
#3369=APPLICATION_CONTEXT('managed model based 3d engineering');
#3370=APPLICATION_CONTEXT('managed model based 3d engineering');
#3371=APPLICATION_CONTEXT('managed model based 3d engineering');
#3372=APPLICATION_CONTEXT('managed model based 3d engineering');
ENDSEC;
END-ISO-10303-21;
